sample_id,scene_id,actual_date,path,node_id,label,severity,purpose,tabular_key
S000003,S1A_IW_GRDH_1SSV_20160505T002443_20160505T002508_011116_010C15_rtc,2016-05-05,data\images\S000003.npy,ATT_GAM,1,severe,pre_event,ATT_GAM_2016-05-12
S000002,S1A_IW_GRDH_1SSV_20160522T125651_20160522T125720_011372_01146A_rtc,2016-05-22,data\images\S000002.npy,ATT_GAM,1,severe,flood_peak,ATT_GAM_2016-05-15
S000006,S1A_IW_GRDH_1SDV_20171108T002453_20171108T002518_019166_020701_rtc,2017-11-08,data\images\S000006.npy,ATT_GAM,1,high,flood_peak,ATT_GAM_2017-11-05
S000004,S1A_IW_GRDH_1SDV_20171027T002454_20171027T002519_018991_020197_rtc,2017-10-27,data\images\S000004.npy,ATT_GAM,1,high,flood_peak,ATT_GAM_2017-10-31
S000010,S1A_IW_GRDH_1SDV_20191017T002506_20191017T002531_029491_035B01_rtc,2019-10-17,data\images\S000010.npy,ATT_GAM,1,severe,flood_peak,ATT_GAM_2019-10-15
S000007,S1A_IW_GRDH_1SDV_20171027T002454_20171027T002519_018991_020197_rtc,2017-10-27,data\images\S000007.npy,ATT_GAM,1,high,pre_event,ATT_GAM_2017-11-02
S000012,S1B_IW_GRDH_1SDV_20211117T002456_20211117T002521_029620_0388EA_rtc,2021-11-17,data\images\S000012.npy,ATT_GAM,1,high,flood_peak,ATT_GAM_2021-11-09
S000011,S1A_IW_GRDH_1SDV_20191017T002506_20191017T002531_029491_035B01_rtc,2019-10-17,data\images\S000011.npy,ATT_GAM,1,severe,pre_event,ATT_GAM_2019-10-12
S000005,S1A_IW_GRDH_1SDV_20171027T002454_20171027T002519_018991_020197_rtc,2017-10-27,data\images\S000005.npy,ATT_GAM,1,high,pre_event,ATT_GAM_2017-10-28
S000014,S1A_IW_GRDH_1SDV_20231101T002529_20231101T002554_051016_0626C0_rtc,2023-11-01,data\images\S000014.npy,ATT_GAM,1,high,flood_peak,ATT_GAM_2023-10-21
S000013,S1A_IW_GRDH_1SDV_20211030T002519_20211030T002544_040341_04C7EF_rtc,2021-10-30,data\images\S000013.npy,ATT_GAM,1,high,pre_event,ATT_GAM_2021-11-05
S000016,S1A_IW_GRDH_1SDV_20231101T002529_20231101T002554_051016_0626C0_rtc,2023-11-01,data\images\S000016.npy,ATT_GAM,1,high,flood_peak,ATT_GAM_2023-11-05
S000017,S1A_IW_GRDH_1SDV_20231101T002529_20231101T002554_051016_0626C0_rtc,2023-11-01,data\images\S000017.npy,ATT_GAM,1,high,pre_event,ATT_GAM_2023-11-01
S000018,S1A_IW_GRDH_1SDV_20231125T002528_20231125T002553_051366_0632CF_rtc,2023-11-25,data\images\S000018.npy,ATT_GAM,1,high,flood_peak,ATT_GAM_2023-11-23
S000019,S1A_IW_GRDH_1SDV_20231113T002529_20231113T002554_051191_062CC5_rtc,2023-11-13,data\images\S000019.npy,ATT_GAM,1,high,pre_event,ATT_GAM_2023-11-19
S000020,S1A_IW_GRDH_1SDV_20240523T002527_20240523T002552_053991_069047_rtc,2024-05-23,data\images\S000020.npy,ATT_GAM,1,high,flood_peak,ATT_GAM_2024-05-27
S000015,S1A_IW_GRDH_1SDV_20231008T002530_20231008T002555_050666_061AC8_rtc,2023-10-08,data\images\S000015.npy,ATT_GAM,1,high,pre_event,ATT_GAM_2023-10-18
S000021,S1A_IW_GRDH_1SDV_20240523T002527_20240523T002552_053991_069047_rtc,2024-05-23,data\images\S000021.npy,ATT_GAM,1,high,pre_event,ATT_GAM_2024-05-18
S000022,S1A_IW_GRDH_1SDV_20241119T002525_20241119T002550_056616_06F1BE_rtc,2024-11-19,data\images\S000022.npy,ATT_GAM,1,high,flood_peak,ATT_GAM_2024-11-30
S000027,S1A_IW_GRDH_1SSV_20160505T002443_20160505T002508_011116_010C15_rtc,2016-05-05,data\images\S000027.npy,ATT_JAE,1,severe,pre_event,ATT_JAE_2016-05-12
S000028,S1A_IW_GRDH_1SDV_20161113T002448_20161113T002513_013916_016673_rtc,2016-11-13,data\images\S000028.npy,ATT_JAE,1,high,flood_peak,ATT_JAE_2016-11-19
S000029,S1A_IW_GRDH_1SDV_20161113T002448_20161113T002513_013916_016673_rtc,2016-11-13,data\images\S000029.npy,ATT_JAE,1,high,pre_event,ATT_JAE_2016-11-16
S000023,S1A_IW_GRDH_1SDV_20241119T002525_20241119T002550_056616_06F1BE_rtc,2024-11-19,data\images\S000023.npy,ATT_GAM,1,high,pre_event,ATT_GAM_2024-11-25
S000031,S1A_IW_GRDH_1SDV_20171027T002454_20171027T002519_018991_020197_rtc,2017-10-27,data\images\S000031.npy,ATT_JAE,1,high,pre_event,ATT_JAE_2017-10-27
S000033,S1A_IW_GRDH_1SDV_20171027T002454_20171027T002519_018991_020197_rtc,2017-10-27,data\images\S000033.npy,ATT_JAE,1,high,pre_event,ATT_JAE_2017-11-02
S000032,S1A_IW_GRDH_1SDV_20171108T002453_20171108T002518_019166_020701_rtc,2017-11-08,data\images\S000032.npy,ATT_JAE,1,high,flood_peak,ATT_JAE_2017-11-05
S000035,S1A_IW_GRDH_1SDV_20171202T002453_20171202T002518_019516_0211F7_rtc,2017-12-02,data\images\S000035.npy,ATT_JAE,1,high,pre_event,ATT_JAE_2017-11-27
S000034,S1A_IW_GRDH_1SDV_20171202T002453_20171202T002518_019516_0211F7_rtc,2017-12-02,data\images\S000034.npy,ATT_JAE,1,high,flood_peak,ATT_JAE_2017-11-30
S000026,S1A_IW_GRDH_1SSV_20160522T125651_20160522T125720_011372_01146A_rtc,2016-05-22,data\images\S000026.npy,ATT_JAE,1,severe,flood_peak,ATT_JAE_2016-05-15
S000036,S1B_IW_GRDH_1SDV_20180530T125622_20180530T125651_011151_014743_rtc,2018-05-30,data\images\S000036.npy,ATT_JAE,1,high,flood_peak,ATT_JAE_2018-06-07
S000037,S1B_IW_GRDH_1SDV_20180530T125622_20180530T125651_011151_014743_rtc,2018-05-30,data\images\S000037.npy,ATT_JAE,1,high,pre_event,ATT_JAE_2018-06-04
S000043,S1A_IW_GRDH_1SDV_20191017T002506_20191017T002531_029491_035B01_rtc,2019-10-17,data\images\S000043.npy,ATT_JAE,1,severe,pre_event,ATT_JAE_2019-10-12
S000044,S1A_IW_GRDH_1SDV_20191017T002506_20191017T002531_029491_035B01_rtc,2019-10-17,data\images\S000044.npy,ATT_JAE,1,high,flood_peak,ATT_JAE_2019-10-20
S000042,S1A_IW_GRDH_1SDV_20191017T002506_20191017T002531_029491_035B01_rtc,2019-10-17,data\images\S000042.npy,ATT_JAE,1,severe,flood_peak,ATT_JAE_2019-10-15
S000045,S1A_IW_GRDH_1SDV_20191017T002506_20191017T002531_029491_035B01_rtc,2019-10-17,data\images\S000045.npy,ATT_JAE,1,high,pre_event,ATT_JAE_2019-10-17
S000046,S1A_IW_GRDH_1SDV_20191216T002505_20191216T002530_030366_03795E_rtc,2019-12-16,data\images\S000046.npy,ATT_JAE,1,high,flood_peak,ATT_JAE_2019-12-22
S000047,S1A_IW_GRDH_1SDV_20191216T002505_20191216T002530_030366_03795E_rtc,2019-12-16,data\images\S000047.npy,ATT_JAE,1,high,pre_event,ATT_JAE_2019-12-17
S000048,S1A_IW_GRDH_1SDV_20200812T002511_20200812T002536_033866_03ED6C_rtc,2020-08-12,data\images\S000048.npy,ATT_JAE,1,high,flood_peak,ATT_JAE_2020-08-09
S000049,S1A_IW_GRDH_1SDV_20200731T002510_20200731T002535_033691_03E7A5_rtc,2020-07-31,data\images\S000049.npy,ATT_JAE,1,high,pre_event,ATT_JAE_2020-08-06
S000050,S1A_IW_GRDH_1SDV_20210115T002510_20210115T002535_036141_043CC0_rtc,2021-01-15,data\images\S000050.npy,ATT_JAE,1,high,flood_peak,ATT_JAE_2021-01-13
S000051,S1A_IW_GRDH_1SDV_20210115T002510_20210115T002535_036141_043CC0_rtc,2021-01-15,data\images\S000051.npy,ATT_JAE,1,high,pre_event,ATT_JAE_2021-01-10
S000053,S1A_IW_GRDH_1SDV_20211030T002519_20211030T002544_040341_04C7EF_rtc,2021-10-30,data\images\S000053.npy,ATT_JAE,1,high,pre_event,ATT_JAE_2021-10-26
S000052,S1A_IW_GRDH_1SDV_20211030T002519_20211030T002544_040341_04C7EF_rtc,2021-10-30,data\images\S000052.npy,ATT_JAE,1,high,flood_peak,ATT_JAE_2021-10-29
S000054,S1B_IW_GRDH_1SDV_20211117T002456_20211117T002521_029620_0388EA_rtc,2021-11-17,data\images\S000054.npy,ATT_JAE,1,severe,flood_peak,ATT_JAE_2021-11-09
S000055,S1A_IW_GRDH_1SDV_20211030T002519_20211030T002544_040341_04C7EF_rtc,2021-10-30,data\images\S000055.npy,ATT_JAE,1,severe,pre_event,ATT_JAE_2021-11-05
S000058,S1A_IW_GRDH_1SDV_20231101T002529_20231101T002554_051016_0626C0_rtc,2023-11-01,data\images\S000058.npy,ATT_JAE,1,high,flood_peak,ATT_JAE_2023-10-21
S000056,S1A_IW_GRDH_1SDV_20220510T002517_20220510T002542_043141_052705_rtc,2022-05-10,data\images\S000056.npy,ATT_JAE,1,high,flood_peak,ATT_JAE_2022-05-14
S000057,S1A_IW_GRDH_1SDV_20220510T002517_20220510T002542_043141_052705_rtc,2022-05-10,data\images\S000057.npy,ATT_JAE,1,high,pre_event,ATT_JAE_2022-05-11
S000060,S1A_IW_GRDH_1SDV_20231101T002529_20231101T002554_051016_0626C0_rtc,2023-11-01,data\images\S000060.npy,ATT_JAE,1,high,flood_peak,ATT_JAE_2023-11-05
S000061,S1A_IW_GRDH_1SDV_20231101T002529_20231101T002554_051016_0626C0_rtc,2023-11-01,data\images\S000061.npy,ATT_JAE,1,high,pre_event,ATT_JAE_2023-11-02
S000059,S1A_IW_GRDH_1SDV_20231008T002530_20231008T002555_050666_061AC8_rtc,2023-10-08,data\images\S000059.npy,ATT_JAE,1,high,pre_event,ATT_JAE_2023-10-18
S000063,S1A_IW_GRDH_1SDV_20240511T002527_20240511T002552_053816_068A41_rtc,2024-05-11,data\images\S000063.npy,ATT_JAE,1,high,pre_event,ATT_JAE_2024-05-17
S000065,S1A_IW_GRDH_1SDV_20240604T002526_20240604T002551_054166_069654_rtc,2024-06-04,data\images\S000065.npy,ATT_JAE,1,high,pre_event,ATT_JAE_2024-05-31
S000064,S1A_IW_GRDH_1SDV_20240604T002526_20240604T002551_054166_069654_rtc,2024-06-04,data\images\S000064.npy,ATT_JAE,1,high,flood_peak,ATT_JAE_2024-06-03
S000066,S1A_IW_GRDH_1SDV_20240815T002524_20240815T002549_055216_06BAF9_rtc,2024-08-15,data\images\S000066.npy,ATT_JAE,1,high,flood_peak,ATT_JAE_2024-08-18
S000067,S1A_IW_GRDH_1SDV_20240815T002524_20240815T002549_055216_06BAF9_rtc,2024-08-15,data\images\S000067.npy,ATT_JAE,1,high,pre_event,ATT_JAE_2024-08-15
S000062,S1A_IW_GRDH_1SDV_20240523T002527_20240523T002552_053991_069047_rtc,2024-05-23,data\images\S000062.npy,ATT_JAE,1,high,flood_peak,ATT_JAE_2024-05-21
S000070,S1A_IW_GRDH_1SDV_20241014T002526_20241014T002551_056091_06DCDB_rtc,2024-10-14,data\images\S000070.npy,ATT_JAE,1,high,flood_peak,ATT_JAE_2024-10-15
S000069,S1A_IW_GRDH_1SDV_20241014T002526_20241014T002551_056091_06DCDB_rtc,2024-10-14,data\images\S000069.npy,ATT_JAE,1,high,pre_event,ATT_JAE_2024-10-09
S000068,S1A_IW_GRDH_1SDV_20241014T002526_20241014T002551_056091_06DCDB_rtc,2024-10-14,data\images\S000068.npy,ATT_JAE,1,high,flood_peak,ATT_JAE_2024-10-12
S000071,S1A_IW_GRDH_1SDV_20241014T002526_20241014T002551_056091_06DCDB_rtc,2024-10-14,data\images\S000071.npy,ATT_JAE,1,high,pre_event,ATT_JAE_2024-10-12
S000076,S1A_IW_GRDH_1SSV_20160522T125651_20160522T125720_011372_01146A_rtc,2016-05-22,data\images\S000076.npy,ATT_NIT,1,severe,flood_peak,ATT_NIT_2016-05-15
S000072,S1A_IW_GRDH_1SDV_20241119T002525_20241119T002550_056616_06F1BE_rtc,2024-11-19,data\images\S000072.npy,ATT_JAE,1,high,flood_peak,ATT_JAE_2024-11-30
S000073,S1A_IW_GRDH_1SDV_20241119T002525_20241119T002550_056616_06F1BE_rtc,2024-11-19,data\images\S000073.npy,ATT_JAE,1,high,pre_event,ATT_JAE_2024-11-24
S000077,S1A_IW_GRDH_1SSV_20160505T002443_20160505T002508_011116_010C15_rtc,2016-05-05,data\images\S000077.npy,ATT_NIT,1,severe,pre_event,ATT_NIT_2016-05-12
S000080,S1A_IW_GRDH_1SDV_20171108T002453_20171108T002518_019166_020701_rtc,2017-11-08,data\images\S000080.npy,ATT_NIT,1,high,flood_peak,ATT_NIT_2017-11-05
S000078,S1A_IW_GRDH_1SDV_20171027T002454_20171027T002519_018991_020197_rtc,2017-10-27,data\images\S000078.npy,ATT_NIT,1,high,flood_peak,ATT_NIT_2017-10-31
S000079,S1A_IW_GRDH_1SDV_20171027T002454_20171027T002519_018991_020197_rtc,2017-10-27,data\images\S000079.npy,ATT_NIT,1,high,pre_event,ATT_NIT_2017-10-28
S000081,S1A_IW_GRDH_1SDV_20171027T002454_20171027T002519_018991_020197_rtc,2017-10-27,data\images\S000081.npy,ATT_NIT,1,high,pre_event,ATT_NIT_2017-11-01
S000082,S1A_IW_GRDH_1SDV_20191017T002506_20191017T002531_029491_035B01_rtc,2019-10-17,data\images\S000082.npy,ATT_NIT,1,severe,flood_peak,ATT_NIT_2019-10-16
S000083,S1A_IW_GRDH_1SDV_20191017T002506_20191017T002531_029491_035B01_rtc,2019-10-17,data\images\S000083.npy,ATT_NIT,1,severe,pre_event,ATT_NIT_2019-10-12
S000085,S1A_IW_GRDH_1SDV_20201116T002513_20201116T002538_035266_041E68_rtc,2020-11-16,data\images\S000085.npy,ATT_NIT,1,high,pre_event,ATT_NIT_2020-11-12
S000084,S1A_IW_GRDH_1SDV_20201116T002513_20201116T002538_035266_041E68_rtc,2020-11-16,data\images\S000084.npy,ATT_NIT,1,high,flood_peak,ATT_NIT_2020-11-16
S000086,S1B_IW_GRDH_1SDV_20211117T002456_20211117T002521_029620_0388EA_rtc,2021-11-17,data\images\S000086.npy,ATT_NIT,1,high,flood_peak,ATT_NIT_2021-11-09
S000087,S1A_IW_GRDH_1SDV_20211030T002519_20211030T002544_040341_04C7EF_rtc,2021-10-30,data\images\S000087.npy,ATT_NIT,1,high,pre_event,ATT_NIT_2021-11-05
S000089,S1A_IW_GRDH_1SDV_20231008T002530_20231008T002555_050666_061AC8_rtc,2023-10-08,data\images\S000089.npy,ATT_NIT,1,high,pre_event,ATT_NIT_2023-10-18
S000088,S1A_IW_GRDH_1SDV_20231101T002529_20231101T002554_051016_0626C0_rtc,2023-11-01,data\images\S000088.npy,ATT_NIT,1,high,flood_peak,ATT_NIT_2023-10-21
S000090,S1A_IW_GRDH_1SDV_20231101T002529_20231101T002554_051016_0626C0_rtc,2023-11-01,data\images\S000090.npy,ATT_NIT,1,high,flood_peak,ATT_NIT_2023-11-05
S000091,S1A_IW_GRDH_1SDV_20231101T002529_20231101T002554_051016_0626C0_rtc,2023-11-01,data\images\S000091.npy,ATT_NIT,1,high,pre_event,ATT_NIT_2023-11-01
S000093,S1A_IW_GRDH_1SDV_20231113T002529_20231113T002554_051191_062CC5_rtc,2023-11-13,data\images\S000093.npy,ATT_NIT,1,high,pre_event,ATT_NIT_2023-11-19
S000092,S1A_IW_GRDH_1SDV_20231125T002528_20231125T002553_051366_0632CF_rtc,2023-11-25,data\images\S000092.npy,ATT_NIT,1,high,flood_peak,ATT_NIT_2023-11-23
S000095,S1A_IW_GRDH_1SDV_20240523T002527_20240523T002552_053991_069047_rtc,2024-05-23,data\images\S000095.npy,ATT_NIT,1,high,pre_event,ATT_NIT_2024-05-24
S000094,S1A_IW_GRDH_1SDV_20240523T002527_20240523T002552_053991_069047_rtc,2024-05-23,data\images\S000094.npy,ATT_NIT,1,high,flood_peak,ATT_NIT_2024-05-28
S000097,S1A_IW_GRDH_1SDV_20241119T002525_20241119T002550_056616_06F1BE_rtc,2024-11-19,data\images\S000097.npy,ATT_NIT,1,high,pre_event,ATT_NIT_2024-11-25
S000096,S1A_IW_GRDH_1SDV_20241119T002525_20241119T002550_056616_06F1BE_rtc,2024-11-19,data\images\S000096.npy,ATT_NIT,1,high,flood_peak,ATT_NIT_2024-11-30
S000103,S1A_IW_GRDH_1SSV_20160505T002443_20160505T002508_011116_010C15_rtc,2016-05-05,data\images\S000103.npy,ATT_VEY,1,severe,pre_event,ATT_VEY_2016-05-12
S000102,S1A_IW_GRDH_1SSV_20160522T125651_20160522T125720_011372_01146A_rtc,2016-05-22,data\images\S000102.npy,ATT_VEY,1,severe,flood_peak,ATT_VEY_2016-05-15
S000105,S1A_IW_GRDH_1SDV_20171027T002454_20171027T002519_018991_020197_rtc,2017-10-27,data\images\S000105.npy,ATT_VEY,1,severe,pre_event,ATT_VEY_2017-10-28
S000104,S1A_IW_GRDH_1SDV_20171027T002454_20171027T002519_018991_020197_rtc,2017-10-27,data\images\S000104.npy,ATT_VEY,1,severe,flood_peak,ATT_VEY_2017-10-31
S000110,S1A_IW_GRDH_1SDV_20201116T002513_20201116T002538_035266_041E68_rtc,2020-11-16,data\images\S000110.npy,ATT_VEY,1,high,flood_peak,ATT_VEY_2020-11-15
S000111,S1A_IW_GRDH_1SDV_20201116T002513_20201116T002538_035266_041E68_rtc,2020-11-16,data\images\S000111.npy,ATT_VEY,1,high,pre_event,ATT_VEY_2020-11-12
S000109,S1A_IW_GRDH_1SDV_20191017T002506_20191017T002531_029491_035B01_rtc,2019-10-17,data\images\S000109.npy,ATT_VEY,1,severe,pre_event,ATT_VEY_2019-10-12
S000108,S1A_IW_GRDH_1SDV_20191017T002506_20191017T002531_029491_035B01_rtc,2019-10-17,data\images\S000108.npy,ATT_VEY,1,severe,flood_peak,ATT_VEY_2019-10-16
S000114,S1B_IW_GRDH_1SDV_20211117T002456_20211117T002521_029620_0388EA_rtc,2021-11-17,data\images\S000114.npy,ATT_VEY,1,severe,flood_peak,ATT_VEY_2021-11-09
S000113,S1A_IW_GRDH_1SDV_20210115T002510_20210115T002535_036141_043CC0_rtc,2021-01-15,data\images\S000113.npy,ATT_VEY,1,high,pre_event,ATT_VEY_2021-01-10
S000112,S1A_IW_GRDH_1SDV_20210115T002510_20210115T002535_036141_043CC0_rtc,2021-01-15,data\images\S000112.npy,ATT_VEY,1,high,flood_peak,ATT_VEY_2021-01-13
S000117,S1A_IW_GRDH_1SDV_20231008T002530_20231008T002555_050666_061AC8_rtc,2023-10-08,data\images\S000117.npy,ATT_VEY,1,high,pre_event,ATT_VEY_2023-10-18
S000116,S1A_IW_GRDH_1SDV_20231101T002529_20231101T002554_051016_0626C0_rtc,2023-11-01,data\images\S000116.npy,ATT_VEY,1,high,flood_peak,ATT_VEY_2023-10-21
S000118,S1A_IW_GRDH_1SDV_20231101T002529_20231101T002554_051016_0626C0_rtc,2023-11-01,data\images\S000118.npy,ATT_VEY,1,high,flood_peak,ATT_VEY_2023-11-05
S000119,S1A_IW_GRDH_1SDV_20231101T002529_20231101T002554_051016_0626C0_rtc,2023-11-01,data\images\S000119.npy,ATT_VEY,1,high,pre_event,ATT_VEY_2023-11-02
S000115,S1A_IW_GRDH_1SDV_20211030T002519_20211030T002544_040341_04C7EF_rtc,2021-10-30,data\images\S000115.npy,ATT_VEY,1,severe,pre_event,ATT_VEY_2021-11-05
S000120,S1A_IW_GRDH_1SDV_20231125T002528_20231125T002553_051366_0632CF_rtc,2023-11-25,data\images\S000120.npy,ATT_VEY,1,high,flood_peak,ATT_VEY_2023-11-23
S000122,S1A_IW_GRDH_1SDV_20241119T002525_20241119T002550_056616_06F1BE_rtc,2024-11-19,data\images\S000122.npy,ATT_VEY,1,high,flood_peak,ATT_VEY_2024-11-28
S000123,S1A_IW_GRDH_1SDV_20241119T002525_20241119T002550_056616_06F1BE_rtc,2024-11-19,data\images\S000123.npy,ATT_VEY,1,high,pre_event,ATT_VEY_2024-11-24
S000121,S1A_IW_GRDH_1SDV_20231113T002529_20231113T002554_051191_062CC5_rtc,2023-11-13,data\images\S000121.npy,ATT_VEY,1,high,pre_event,ATT_VEY_2023-11-19
S000124,S1A_IW_GRDH_1SSV_20150111T124845_20150111T124914_004124_004FE9_rtc,2015-01-11,data\images\S000124.npy,BAT_BAT,1,high,flood_peak,BAT_BAT_2015-01-01
S000127,S1A_IW_GRDH_1SSV_20151014T124854_20151014T124922_008149_00B70A_rtc,2015-10-14,data\images\S000127.npy,BAT_BAT,1,high,pre_event,BAT_BAT_2015-10-24
S000126,S1A_IW_GRDH_1SSV_20151107T124853_20151107T124922_008499_00C064_rtc,2015-11-07,data\images\S000126.npy,BAT_BAT,1,high,flood_peak,BAT_BAT_2015-10-29
S000125,S1A_IW_GRDH_1SSV_20141218T124846_20141218T124915_003774_004808_rtc,2014-12-18,data\images\S000125.npy,BAT_BAT,1,high,pre_event,BAT_BAT_2014-12-29
S000130,S1A_IW_GRDH_1SDV_20221224T124953_20221224T125018_046474_059178_rtc,2022-12-24,data\images\S000130.npy,BAT_BAT,1,high,flood_peak,BAT_BAT_2022-12-27
S000129,S1A_IW_GRDH_1SDV_20181103T002500_20181103T002523_024416_02ACD7_rtc,2018-11-03,data\images\S000129.npy,BAT_BAT,1,severe,pre_event,BAT_BAT_2018-11-03
S000131,S1A_IW_GRDH_1SDV_20221224T002523_20221224T002548_046466_059132_rtc,2022-12-24,data\images\S000131.npy,BAT_BAT,1,high,pre_event,BAT_BAT_2022-12-24
S000133,S1A_IW_GRDH_1SDV_20231214T001722_20231214T001758_051643_063C67_rtc,2023-12-14,data\images\S000133.npy,BAT_BAT,1,high,pre_event,BAT_BAT_2023-12-15
S000132,S1A_IW_GRDH_1SDV_20231219T002528_20231219T002553_051716_063EF0_rtc,2023-12-19,data\images\S000132.npy,BAT_BAT,1,high,flood_peak,BAT_BAT_2023-12-18
S000135,S1A_IW_GRDH_1SDV_20241126T001719_20241126T001754_056718_06F5D2_rtc,2024-11-26,data\images\S000135.npy,BAT_BAT,1,severe,pre_event,BAT_BAT_2024-11-24
S000134,S1A_IW_GRDH_1SDV_20241126T001719_20241126T001754_056718_06F5D2_rtc,2024-11-26,data\images\S000134.npy,BAT_BAT,1,severe,flood_peak,BAT_BAT_2024-11-28
S000128,S1A_IW_GRDH_1SDV_20181110T001657_20181110T001727_024518_02B09E_rtc,2018-11-10,data\images\S000128.npy,BAT_BAT,1,severe,flood_peak,BAT_BAT_2018-11-07
S000137,S1A_IW_GRDH_1SDV_20241213T124954_20241213T125019_056974_06FFE3_rtc,2024-12-13,data\images\S000137.npy,BAT_BAT,1,high,pre_event,BAT_BAT_2024-12-16
S000136,S1A_IW_GRDH_1SDV_20241213T124954_20241213T125019_056974_06FFE3_rtc,2024-12-13,data\images\S000136.npy,BAT_BAT,1,high,flood_peak,BAT_BAT_2024-12-19
S000140,S1A_IW_GRDH_1SSV_20151107T124853_20151107T124922_008499_00C064_rtc,2015-11-07,data\images\S000140.npy,BAT_ERA,1,high,flood_peak,BAT_ERA_2015-10-29
S000138,S1A_IW_GRDH_1SSV_20150111T124845_20150111T124914_004124_004FE9_rtc,2015-01-11,data\images\S000138.npy,BAT_ERA,1,high,flood_peak,BAT_ERA_2015-01-01
S000139,S1A_IW_GRDH_1SSV_20141218T124846_20141218T124915_003774_004808_rtc,2014-12-18,data\images\S000139.npy,BAT_ERA,1,high,pre_event,BAT_ERA_2014-12-29
S000141,S1A_IW_GRDH_1SSV_20151014T124854_20151014T124922_008149_00B70A_rtc,2015-10-14,data\images\S000141.npy,BAT_ERA,1,high,pre_event,BAT_ERA_2015-10-25
S000144,S1A_IW_GRDH_1SDV_20201222T124942_20201222T125007_035799_0430CA_rtc,2020-12-22,data\images\S000144.npy,BAT_ERA,1,high,flood_peak,BAT_ERA_2020-12-24
S000143,S1A_IW_GRDH_1SDV_20181103T002500_20181103T002523_024416_02ACD7_rtc,2018-11-03,data\images\S000143.npy,BAT_ERA,1,severe,pre_event,BAT_ERA_2018-11-03
S000142,S1A_IW_GRDH_1SDV_20181110T001657_20181110T001727_024518_02B09E_rtc,2018-11-10,data\images\S000142.npy,BAT_ERA,1,severe,flood_peak,BAT_ERA_2018-11-07
S000145,S1A_IW_GRDH_1SDV_20201222T002511_20201222T002536_035791_043084_rtc,2020-12-22,data\images\S000145.npy,BAT_ERA,1,high,pre_event,BAT_ERA_2020-12-21
S000146,S1A_IW_GRDH_1SDV_20221224T124953_20221224T125018_046474_059178_rtc,2022-12-24,data\images\S000146.npy,BAT_ERA,1,high,flood_peak,BAT_ERA_2022-12-27
S000147,S1A_IW_GRDH_1SDV_20221224T002523_20221224T002548_046466_059132_rtc,2022-12-24,data\images\S000147.npy,BAT_ERA,1,high,pre_event,BAT_ERA_2022-12-24
S000148,S1A_IW_GRDH_1SDV_20231219T002528_20231219T002553_051716_063EF0_rtc,2023-12-19,data\images\S000148.npy,BAT_ERA,1,high,flood_peak,BAT_ERA_2023-12-18
S000149,S1A_IW_GRDH_1SDV_20231214T001722_20231214T001758_051643_063C67_rtc,2023-12-14,data\images\S000149.npy,BAT_ERA,1,high,pre_event,BAT_ERA_2023-12-15
S000151,S1A_IW_GRDH_1SDV_20241126T001719_20241126T001754_056718_06F5D2_rtc,2024-11-26,data\images\S000151.npy,BAT_ERA,1,severe,pre_event,BAT_ERA_2024-11-24
S000150,S1A_IW_GRDH_1SDV_20241126T001719_20241126T001754_056718_06F5D2_rtc,2024-11-26,data\images\S000150.npy,BAT_ERA,1,severe,flood_peak,BAT_ERA_2024-11-28
S000153,S1A_IW_GRDH_1SDV_20241213T124954_20241213T125019_056974_06FFE3_rtc,2024-12-13,data\images\S000153.npy,BAT_ERA,1,high,pre_event,BAT_ERA_2024-12-16
S000152,S1A_IW_GRDH_1SDV_20241213T124954_20241213T125019_056974_06FFE3_rtc,2024-12-13,data\images\S000152.npy,BAT_ERA,1,high,flood_peak,BAT_ERA_2024-12-19
S000154,S1A_IW_GRDH_1SSV_20150111T124845_20150111T124914_004124_004FE9_rtc,2015-01-11,data\images\S000154.npy,BAT_VAL,1,high,flood_peak,BAT_VAL_2015-01-01
S000157,S1A_IW_GRDH_1SSV_20151014T124854_20151014T124922_008149_00B70A_rtc,2015-10-14,data\images\S000157.npy,BAT_VAL,1,high,pre_event,BAT_VAL_2015-10-24
S000156,S1A_IW_GRDH_1SSV_20151107T124853_20151107T124922_008499_00C064_rtc,2015-11-07,data\images\S000156.npy,BAT_VAL,1,high,flood_peak,BAT_VAL_2015-10-28
S000159,S1A_IW_GRDH_1SSV_20151107T124853_20151107T124922_008499_00C064_rtc,2015-11-07,data\images\S000159.npy,BAT_VAL,1,high,pre_event,BAT_VAL_2015-11-11
S000155,S1A_IW_GRDH_1SSV_20141218T124846_20141218T124915_003774_004808_rtc,2014-12-18,data\images\S000155.npy,BAT_VAL,1,high,pre_event,BAT_VAL_2014-12-29
S000158,S1A_IW_GRDH_1SSV_20151119T002443_20151119T002508_008666_00C51D_rtc,2015-11-19,data\images\S000158.npy,BAT_VAL,1,high,flood_peak,BAT_VAL_2015-11-14
S000160,S1A_IW_GRDH_1SSV_20160517T124917_20160517T124942_011299_0111FA_rtc,2016-05-17,data\images\S000160.npy,BAT_VAL,1,high,flood_peak,BAT_VAL_2016-05-15
S000161,S1A_IW_GRDH_1SSV_20160517T124917_20160517T124942_011299_0111FA_rtc,2016-05-17,data\images\S000161.npy,BAT_VAL,1,high,pre_event,BAT_VAL_2016-05-12
S000162,S1A_IW_GRDH_1SDV_20181103T124936_20181103T125001_024424_02AD1E_rtc,2018-11-03,data\images\S000162.npy,BAT_VAL,1,severe,flood_peak,BAT_VAL_2018-11-06
S000164,S1A_IW_GRDH_1SDV_20201205T001706_20201205T001741_035543_0427F1_rtc,2020-12-05,data\images\S000164.npy,BAT_VAL,1,high,flood_peak,BAT_VAL_2020-12-02
S000163,S1A_IW_GRDH_1SDV_20181103T002500_20181103T002523_024416_02ACD7_rtc,2018-11-03,data\images\S000163.npy,BAT_VAL,1,severe,pre_event,BAT_VAL_2018-11-02
S000165,S1A_IW_GRDH_1SDV_20201128T124942_20201128T125007_035449_0424BF_rtc,2020-11-28,data\images\S000165.npy,BAT_VAL,1,high,pre_event,BAT_VAL_2020-11-29
S000167,S1A_IW_GRDH_1SDV_20201217T001706_20201217T001741_035718_042E07_rtc,2020-12-17,data\images\S000167.npy,BAT_VAL,1,high,pre_event,BAT_VAL_2020-12-19
S000166,S1A_IW_GRDH_1SDV_20201222T124942_20201222T125007_035799_0430CA_rtc,2020-12-22,data\images\S000166.npy,BAT_VAL,1,high,flood_peak,BAT_VAL_2020-12-23
S000168,S1A_IW_GRDH_1SDV_20221113T001718_20221113T001754_045868_057CE0_rtc,2022-11-13,data\images\S000168.npy,BAT_VAL,1,high,flood_peak,BAT_VAL_2022-11-12
S000170,S1A_IW_GRDH_1SDV_20221224T124953_20221224T125018_046474_059178_rtc,2022-12-24,data\images\S000170.npy,BAT_VAL,1,severe,flood_peak,BAT_VAL_2022-12-26
S000169,S1A_IW_GRDH_1SDV_20221106T124955_20221106T125020_045774_0579AE_rtc,2022-11-06,data\images\S000169.npy,BAT_VAL,1,high,pre_event,BAT_VAL_2022-11-09
S000172,S1A_IW_GRDH_1SDV_20241126T001719_20241126T001754_056718_06F5D2_rtc,2024-11-26,data\images\S000172.npy,BAT_VAL,1,severe,flood_peak,BAT_VAL_2024-11-27
S000171,S1A_IW_GRDH_1SDV_20221224T002523_20221224T002548_046466_059132_rtc,2022-12-24,data\images\S000171.npy,BAT_VAL,1,severe,pre_event,BAT_VAL_2022-12-23
S000173,S1A_IW_GRDH_1SDV_20241126T001719_20241126T001754_056718_06F5D2_rtc,2024-11-26,data\images\S000173.npy,BAT_VAL,1,severe,pre_event,BAT_VAL_2024-11-23
S000178,S1A_IW_GRDH_1SSV_20160522T125651_20160522T125720_011372_01146A_rtc,2016-05-22,data\images\S000178.npy,COL_KOL,1,severe,flood_peak,COL_KOL_2016-05-15
S000179,S1A_IW_GRDH_1SSV_20160505T002443_20160505T002508_011116_010C15_rtc,2016-05-05,data\images\S000179.npy,COL_KOL,1,severe,pre_event,COL_KOL_2016-05-12
S000174,S1A_IW_GRDH_1SDV_20241213T124954_20241213T125019_056974_06FFE3_rtc,2024-12-13,data\images\S000174.npy,BAT_VAL,1,high,flood_peak,BAT_VAL_2024-12-19
S000175,S1A_IW_GRDH_1SDV_20241213T124954_20241213T125019_056974_06FFE3_rtc,2024-12-13,data\images\S000175.npy,BAT_VAL,1,high,pre_event,BAT_VAL_2024-12-16
S000180,S1A_IW_GRDH_1SDV_20171108T002518_20171108T002544_019166_020701_rtc,2017-11-08,data\images\S000180.npy,COL_KOL,1,high,flood_peak,COL_KOL_2017-11-06
S000181,S1A_IW_GRDH_1SDV_20171108T002518_20171108T002544_019166_020701_rtc,2017-11-08,data\images\S000181.npy,COL_KOL,1,high,pre_event,COL_KOL_2017-11-03
S000182,S1A_IW_GRDH_1SDV_20191017T002531_20191017T002557_029491_035B01_rtc,2019-10-17,data\images\S000182.npy,COL_KOL,1,high,flood_peak,COL_KOL_2019-10-16
S000184,S1A_IW_GRDH_1SDV_20191017T002531_20191017T002557_029491_035B01_rtc,2019-10-17,data\images\S000184.npy,COL_KOL,1,high,flood_peak,COL_KOL_2019-10-20
S000183,S1A_IW_GRDH_1SDV_20191017T002531_20191017T002557_029491_035B01_rtc,2019-10-17,data\images\S000183.npy,COL_KOL,1,high,pre_event,COL_KOL_2019-10-12
S000185,S1A_IW_GRDH_1SDV_20191017T002531_20191017T002557_029491_035B01_rtc,2019-10-17,data\images\S000185.npy,COL_KOL,1,high,pre_event,COL_KOL_2019-10-17
S000187,S1A_IW_GRDH_1SDV_20231008T002555_20231008T002620_050666_061AC8_rtc,2023-10-08,data\images\S000187.npy,COL_KOL,1,high,pre_event,COL_KOL_2023-10-18
S000189,S1A_IW_GRDH_1SDV_20231101T002554_20231101T002620_051016_0626C0_rtc,2023-11-01,data\images\S000189.npy,COL_KOL,1,severe,pre_event,COL_KOL_2023-10-28
S000186,S1A_IW_GRDH_1SDV_20231101T002554_20231101T002620_051016_0626C0_rtc,2023-11-01,data\images\S000186.npy,COL_KOL,1,high,flood_peak,COL_KOL_2023-10-21
S000188,S1A_IW_GRDH_1SDV_20231101T002554_20231101T002620_051016_0626C0_rtc,2023-11-01,data\images\S000188.npy,COL_KOL,1,severe,flood_peak,COL_KOL_2023-11-05
S000192,S1A_IW_GRDH_1SDV_20240523T002552_20240523T002617_053991_069047_rtc,2024-05-23,data\images\S000192.npy,COL_KOL,1,high,flood_peak,COL_KOL_2024-05-27
S000193,S1A_IW_GRDH_1SDV_20240523T002552_20240523T002617_053991_069047_rtc,2024-05-23,data\images\S000193.npy,COL_KOL,1,high,pre_event,COL_KOL_2024-05-21
S000191,S1A_IW_GRDH_1SDV_20231113T002554_20231113T002620_051191_062CC5_rtc,2023-11-13,data\images\S000191.npy,COL_KOL,1,high,pre_event,COL_KOL_2023-11-18
S000190,S1A_IW_GRDH_1SDV_20231125T002553_20231125T002619_051366_0632CF_rtc,2023-11-25,data\images\S000190.npy,COL_KOL,1,high,flood_peak,COL_KOL_2023-11-21
S000196,S1A_IW_GRDH_1SSV_20150417T002441_20150417T002506_005516_0070C2_rtc,2015-04-17,data\images\S000196.npy,COL_KOT,1,high,flood_peak,COL_KOT_2015-04-20
S000197,S1A_IW_GRDH_1SSV_20150417T002441_20150417T002506_005516_0070C2_rtc,2015-04-17,data\images\S000197.npy,COL_KOT,1,high,pre_event,COL_KOT_2015-04-17
S000194,S1A_IW_GRDH_1SDV_20241119T002550_20241119T002616_056616_06F1BE_rtc,2024-11-19,data\images\S000194.npy,COL_KOL,1,high,flood_peak,COL_KOL_2024-11-28
S000195,S1A_IW_GRDH_1SDV_20241119T002550_20241119T002616_056616_06F1BE_rtc,2024-11-19,data\images\S000195.npy,COL_KOL,1,high,pre_event,COL_KOL_2024-11-25
S000205,S1A_IW_GRDH_1SSV_20160505T002443_20160505T002508_011116_010C15_rtc,2016-05-05,data\images\S000205.npy,COL_KOT,1,severe,pre_event,COL_KOT_2016-05-10
S000204,S1A_IW_GRDH_1SSV_20160522T125651_20160522T125720_011372_01146A_rtc,2016-05-22,data\images\S000204.npy,COL_KOT,1,severe,flood_peak,COL_KOT_2016-05-15
S000207,S1A_IW_GRDH_1SDV_20161113T002513_20161113T002538_013916_016673_rtc,2016-11-13,data\images\S000207.npy,COL_KOT,1,high,pre_event,COL_KOT_2016-11-16
S000206,S1A_IW_GRDH_1SDV_20161113T002513_20161113T002538_013916_016673_rtc,2016-11-13,data\images\S000206.npy,COL_KOT,1,high,flood_peak,COL_KOT_2016-11-19
S000208,S1A_IW_GRDH_1SDV_20170124T002509_20170124T002535_014966_0186EC_rtc,2017-01-24,data\images\S000208.npy,COL_KOT,1,high,flood_peak,COL_KOT_2017-01-30
S000210,S1A_IW_GRDH_1SDV_20171108T002518_20171108T002544_019166_020701_rtc,2017-11-08,data\images\S000210.npy,COL_KOT,1,high,flood_peak,COL_KOT_2017-11-06
S000209,S1A_IW_GRDH_1SDV_20170124T002509_20170124T002535_014966_0186EC_rtc,2017-01-24,data\images\S000209.npy,COL_KOT,1,high,pre_event,COL_KOT_2017-01-27
S000211,S1A_IW_GRDH_1SDV_20171108T002518_20171108T002544_019166_020701_rtc,2017-11-08,data\images\S000211.npy,COL_KOT,1,high,pre_event,COL_KOT_2017-11-03
S000214,S1B_IW_GRDH_1SDV_20180530T125622_20180530T125651_011151_014743_rtc,2018-05-30,data\images\S000214.npy,COL_KOT,1,high,flood_peak,COL_KOT_2018-06-07
S000215,S1B_IW_GRDH_1SDV_20180530T125622_20180530T125651_011151_014743_rtc,2018-05-30,data\images\S000215.npy,COL_KOT,1,high,pre_event,COL_KOT_2018-06-04
S000212,S1A_IW_GRDH_1SDV_20171202T002518_20171202T002543_019516_0211F7_rtc,2017-12-02,data\images\S000212.npy,COL_KOT,1,severe,flood_peak,COL_KOT_2017-11-30
S000213,S1A_IW_GRDH_1SDV_20171202T002518_20171202T002543_019516_0211F7_rtc,2017-12-02,data\images\S000213.npy,COL_KOT,1,severe,pre_event,COL_KOT_2017-11-27
S000221,S1A_IW_GRDH_1SDV_20190806T002529_20190806T002554_028441_0336CE_rtc,2019-08-06,data\images\S000221.npy,COL_KOT,1,high,pre_event,COL_KOT_2019-08-10
S000220,S1A_IW_GRDH_1SDV_20190818T002530_20190818T002555_028616_033CBC_rtc,2019-08-18,data\images\S000220.npy,COL_KOT,1,high,flood_peak,COL_KOT_2019-08-13
S000224,S1A_IW_GRDH_1SDV_20191017T002531_20191017T002557_029491_035B01_rtc,2019-10-17,data\images\S000224.npy,COL_KOT,1,high,flood_peak,COL_KOT_2019-10-20
S000223,S1A_IW_GRDH_1SDV_20191005T002532_20191005T002557_029316_0354F4_rtc,2019-10-05,data\images\S000223.npy,COL_KOT,1,severe,pre_event,COL_KOT_2019-10-10
S000225,S1A_IW_GRDH_1SDV_20191017T002531_20191017T002557_029491_035B01_rtc,2019-10-17,data\images\S000225.npy,COL_KOT,1,high,pre_event,COL_KOT_2019-10-17
S000226,S1A_IW_GRDH_1SDV_20191204T002531_20191204T002556_030191_037352_rtc,2019-12-04,data\images\S000226.npy,COL_KOT,1,high,flood_peak,COL_KOT_2019-11-30
S000227,S1A_IW_GRDH_1SDV_20191122T002531_20191122T002557_030016_036D41_rtc,2019-11-22,data\images\S000227.npy,COL_KOT,1,high,pre_event,COL_KOT_2019-11-27
S000229,S1A_IW_GRDH_1SDV_20191204T002531_20191204T002556_030191_037352_rtc,2019-12-04,data\images\S000229.npy,COL_KOT,1,high,pre_event,COL_KOT_2019-12-02
S000228,S1A_IW_GRDH_1SDV_20191204T002531_20191204T002556_030191_037352_rtc,2019-12-04,data\images\S000228.npy,COL_KOT,1,high,flood_peak,COL_KOT_2019-12-05
S000231,S1A_IW_GRDH_1SDV_20191216T002530_20191216T002556_030366_03795E_rtc,2019-12-16,data\images\S000231.npy,COL_KOT,1,severe,pre_event,COL_KOT_2019-12-17
S000230,S1A_IW_GRDH_1SDV_20191216T002530_20191216T002556_030366_03795E_rtc,2019-12-16,data\images\S000230.npy,COL_KOT,1,severe,flood_peak,COL_KOT_2019-12-20
S000233,S1A_IW_GRDH_1SDV_20200731T002535_20200731T002601_033691_03E7A5_rtc,2020-07-31,data\images\S000233.npy,COL_KOT,1,high,pre_event,COL_KOT_2020-08-06
S000232,S1A_IW_GRDH_1SDV_20200812T002536_20200812T002601_033866_03ED6C_rtc,2020-08-12,data\images\S000232.npy,COL_KOT,1,high,flood_peak,COL_KOT_2020-08-09
S000235,S1A_IW_GRDH_1SDV_20200917T002537_20200917T002603_034391_03FFE3_rtc,2020-09-17,data\images\S000235.npy,COL_KOT,1,high,pre_event,COL_KOT_2020-09-15
S000234,S1A_IW_GRDH_1SDV_20200917T002537_20200917T002603_034391_03FFE3_rtc,2020-09-17,data\images\S000234.npy,COL_KOT,1,high,flood_peak,COL_KOT_2020-09-18
S000237,S1A_IW_GRDH_1SDV_20201116T002538_20201116T002603_035266_041E68_rtc,2020-11-16,data\images\S000237.npy,COL_KOT,1,high,pre_event,COL_KOT_2020-11-17
S000236,S1A_IW_GRDH_1SDV_20201116T002538_20201116T002603_035266_041E68_rtc,2020-11-16,data\images\S000236.npy,COL_KOT,1,high,flood_peak,COL_KOT_2020-11-20
S000238,S1A_IW_GRDH_1SDV_20210115T002535_20210115T002601_036141_043CC0_rtc,2021-01-15,data\images\S000238.npy,COL_KOT,1,high,flood_peak,COL_KOT_2021-01-13
S000239,S1A_IW_GRDH_1SDV_20210115T002535_20210115T002601_036141_043CC0_rtc,2021-01-15,data\images\S000239.npy,COL_KOT,1,high,pre_event,COL_KOT_2021-01-10
S000240,S1A_IW_GRDH_1SDV_20210304T002534_20210304T002559_036841_04550D_rtc,2021-03-04,data\images\S000240.npy,COL_KOT,1,high,flood_peak,COL_KOT_2021-03-08
S000241,S1A_IW_GRDH_1SDV_20210304T002534_20210304T002559_036841_04550D_rtc,2021-03-04,data\images\S000241.npy,COL_KOT,1,high,pre_event,COL_KOT_2021-03-05
S000242,S1A_IW_GRDH_1SDV_20210328T002534_20210328T002600_037191_046138_rtc,2021-03-28,data\images\S000242.npy,COL_KOT,1,high,flood_peak,COL_KOT_2021-03-28
S000244,S1A_IW_GRDH_1SDV_20210515T002536_20210515T002602_037891_0478D4_rtc,2021-05-15,data\images\S000244.npy,COL_KOT,1,high,flood_peak,COL_KOT_2021-05-13
S000243,S1A_IW_GRDH_1SDV_20210328T002534_20210328T002600_037191_046138_rtc,2021-03-28,data\images\S000243.npy,COL_KOT,1,high,pre_event,COL_KOT_2021-03-24
S000245,S1A_IW_GRDH_1SDV_20210515T002536_20210515T002602_037891_0478D4_rtc,2021-05-15,data\images\S000245.npy,COL_KOT,1,high,pre_event,COL_KOT_2021-05-10
S000246,S1A_IW_GRDH_1SDV_20210527T002537_20210527T002602_038066_047E1E_rtc,2021-05-27,data\images\S000246.npy,COL_KOT,1,high,flood_peak,COL_KOT_2021-05-25
S000247,S1A_IW_GRDH_1SDV_20210527T002537_20210527T002602_038066_047E1E_rtc,2021-05-27,data\images\S000247.npy,COL_KOT,1,high,pre_event,COL_KOT_2021-05-22
S000248,S1A_IW_GRDH_1SDV_20211030T002544_20211030T002609_040341_04C7EF_rtc,2021-10-30,data\images\S000248.npy,COL_KOT,1,severe,flood_peak,COL_KOT_2021-10-29
S000249,S1A_IW_GRDH_1SDV_20211030T002544_20211030T002609_040341_04C7EF_rtc,2021-10-30,data\images\S000249.npy,COL_KOT,1,severe,pre_event,COL_KOT_2021-10-25
S000250,S1A_IW_GRDH_1SDV_20211030T002544_20211030T002609_040341_04C7EF_rtc,2021-10-30,data\images\S000250.npy,COL_KOT,1,high,flood_peak,COL_KOT_2021-11-08
S000251,S1A_IW_GRDH_1SDV_20211030T002544_20211030T002609_040341_04C7EF_rtc,2021-10-30,data\images\S000251.npy,COL_KOT,1,high,pre_event,COL_KOT_2021-11-05
S000252,S1A_IW_GRDH_1SDV_20220510T002542_20220510T002607_043141_052705_rtc,2022-05-10,data\images\S000252.npy,COL_KOT,1,severe,flood_peak,COL_KOT_2022-05-14
S000254,S1A_IW_GRDH_1SDV_20220603T002544_20220603T002609_043491_053161_rtc,2022-06-03,data\images\S000254.npy,COL_KOT,1,high,flood_peak,COL_KOT_2022-05-31
S000253,S1A_IW_GRDH_1SDV_20220510T002542_20220510T002607_043141_052705_rtc,2022-05-10,data\images\S000253.npy,COL_KOT,1,severe,pre_event,COL_KOT_2022-05-11
S000256,S1A_IW_GRDH_1SDV_20231008T002555_20231008T002620_050666_061AC8_rtc,2023-10-08,data\images\S000256.npy,COL_KOT,1,high,flood_peak,COL_KOT_2023-10-19
S000255,S1A_IW_GRDH_1SDV_20220522T002542_20220522T002608_043316_052C3A_rtc,2022-05-22,data\images\S000255.npy,COL_KOT,1,high,pre_event,COL_KOT_2022-05-28
S000257,S1A_IW_GRDH_1SDV_20231008T002555_20231008T002620_050666_061AC8_rtc,2023-10-08,data\images\S000257.npy,COL_KOT,1,high,pre_event,COL_KOT_2023-10-16
S000258,S1A_IW_GRDH_1SDV_20240523T002552_20240523T002617_053991_069047_rtc,2024-05-23,data\images\S000258.npy,COL_KOT,1,severe,flood_peak,COL_KOT_2024-05-27
S000259,S1A_IW_GRDH_1SDV_20240511T002552_20240511T002617_053816_068A41_rtc,2024-05-11,data\images\S000259.npy,COL_KOT,1,severe,pre_event,COL_KOT_2024-05-17
S000260,S1A_IW_GRDH_1SDV_20240616T002551_20240616T002616_054341_069C61_rtc,2024-06-16,data\images\S000260.npy,COL_KOT,1,high,flood_peak,COL_KOT_2024-06-23
S000261,S1A_IW_GRDH_1SDV_20240616T002551_20240616T002616_054341_069C61_rtc,2024-06-16,data\images\S000261.npy,COL_KOT,1,high,pre_event,COL_KOT_2024-06-20
S000222,S1A_IW_GRDH_1SDV_20191017T002531_20191017T002557_029491_035B01_rtc,2019-10-17,data\images\S000222.npy,COL_KOT,1,severe,flood_peak,COL_KOT_2019-10-15
S000262,S1A_IW_GRDH_1SDV_20240803T002550_20240803T002615_055041_06B4B1_rtc,2024-08-03,data\images\S000262.npy,COL_KOT,1,high,flood_peak,COL_KOT_2024-07-30
S000263,S1A_IW_GRDH_1SDV_20240722T002549_20240722T002615_054866_06AE9B_rtc,2024-07-22,data\images\S000263.npy,COL_KOT,1,high,pre_event,COL_KOT_2024-07-27
S000266,S1A_IW_GRDH_1SDV_20241014T002551_20241014T002616_056091_06DCDB_rtc,2024-10-14,data\images\S000266.npy,COL_KOT,1,high,flood_peak,COL_KOT_2024-10-12
S000264,S1A_IW_GRDH_1SDV_20240815T002549_20240815T002615_055216_06BAF9_rtc,2024-08-15,data\images\S000264.npy,COL_KOT,1,high,flood_peak,COL_KOT_2024-08-13
S000268,S1A_IW_GRDH_1SDV_20241014T002551_20241014T002616_056091_06DCDB_rtc,2024-10-14,data\images\S000268.npy,COL_KOT,1,high,flood_peak,COL_KOT_2024-10-15
S000265,S1A_IW_GRDH_1SDV_20240815T002549_20240815T002615_055216_06BAF9_rtc,2024-08-15,data\images\S000265.npy,COL_KOT,1,high,pre_event,COL_KOT_2024-08-10
S000267,S1A_IW_GRDH_1SDV_20241002T002550_20241002T002616_055916_06D5FA_rtc,2024-10-02,data\images\S000267.npy,COL_KOT,1,high,pre_event,COL_KOT_2024-10-08
S000269,S1A_IW_GRDH_1SDV_20241014T002551_20241014T002616_056091_06DCDB_rtc,2024-10-14,data\images\S000269.npy,COL_KOT,1,high,pre_event,COL_KOT_2024-10-12
S000274,S1A_IW_GRDH_1SSV_20151119T002443_20151119T002508_008666_00C51D_rtc,2015-11-19,data\images\S000274.npy,DED_CHI,1,high,flood_peak,DED_CHI_2015-11-16
S000272,S1A_IW_GRDH_1SSV_20151119T002443_20151119T002508_008666_00C51D_rtc,2015-11-19,data\images\S000272.npy,DED_CHI,1,high,flood_peak,DED_CHI_2015-11-09
S000276,S1A_IW_GRDH_1SSV_20160522T125720_20160522T125749_011372_01146A_rtc,2016-05-22,data\images\S000276.npy,DED_CHI,1,severe,flood_peak,DED_CHI_2016-05-15
S000275,S1A_IW_GRDH_1SSV_20151119T002443_20151119T002508_008666_00C51D_rtc,2015-11-19,data\images\S000275.npy,DED_CHI,1,high,pre_event,DED_CHI_2015-11-12
S000278,S1A_IW_GRDH_1SDV_20171202T002453_20171202T002518_019516_0211F7_rtc,2017-12-02,data\images\S000278.npy,DED_CHI,1,high,flood_peak,DED_CHI_2017-12-02
S000279,S1A_IW_GRDH_1SDV_20171202T002453_20171202T002518_019516_0211F7_rtc,2017-12-02,data\images\S000279.npy,DED_CHI,1,high,pre_event,DED_CHI_2017-11-29
S000277,S1A_IW_GRDH_1SSV_20160505T002443_20160505T002508_011116_010C15_rtc,2016-05-05,data\images\S000277.npy,DED_CHI,1,severe,pre_event,DED_CHI_2016-05-12
S000281,S1A_IW_GRDH_1SDV_20191017T002506_20191017T002531_029491_035B01_rtc,2019-10-17,data\images\S000281.npy,DED_CHI,1,high,pre_event,DED_CHI_2019-10-17
S000280,S1A_IW_GRDH_1SDV_20191017T002506_20191017T002531_029491_035B01_rtc,2019-10-17,data\images\S000280.npy,DED_CHI,1,high,flood_peak,DED_CHI_2019-10-21
S000283,S1A_IW_GRDH_1SDV_20211030T002519_20211030T002544_040341_04C7EF_rtc,2021-10-30,data\images\S000283.npy,DED_CHI,1,severe,pre_event,DED_CHI_2021-11-05
S000284,S1A_IW_GRDH_1SDV_20221106T002524_20221106T002549_045766_057968_rtc,2022-11-06,data\images\S000284.npy,DED_CHI,1,high,flood_peak,DED_CHI_2022-11-07
S000285,S1A_IW_GRDH_1SDV_20221106T002524_20221106T002549_045766_057968_rtc,2022-11-06,data\images\S000285.npy,DED_CHI,1,high,pre_event,DED_CHI_2022-11-03
S000282,S1B_IW_GRDH_1SDV_20211117T002431_20211117T002456_029620_0388EA_rtc,2021-11-17,data\images\S000282.npy,DED_CHI,1,severe,flood_peak,DED_CHI_2021-11-10
S000287,S1A_IW_GRDH_1SDV_20231008T002530_20231008T002555_050666_061AC8_rtc,2023-10-08,data\images\S000287.npy,DED_CHI,1,severe,pre_event,DED_CHI_2023-10-17
S000288,S1A_IW_GRDH_1SDV_20231125T002528_20231125T002553_051366_0632CF_rtc,2023-11-25,data\images\S000288.npy,DED_CHI,1,severe,flood_peak,DED_CHI_2023-11-21
S000289,S1A_IW_GRDH_1SDV_20231101T002529_20231101T002554_051016_0626C0_rtc,2023-11-01,data\images\S000289.npy,DED_CHI,1,severe,pre_event,DED_CHI_2023-10-30
S000286,S1A_IW_GRDH_1SDV_20231101T002529_20231101T002554_051016_0626C0_rtc,2023-11-01,data\images\S000286.npy,DED_CHI,1,severe,flood_peak,DED_CHI_2023-10-21
S000290,S1A_IW_GRDH_1SDV_20240523T002527_20240523T002552_053991_069047_rtc,2024-05-23,data\images\S000290.npy,DED_CHI,1,high,flood_peak,DED_CHI_2024-05-21
S000291,S1A_IW_GRDH_1SDV_20240523T002527_20240523T002552_053991_069047_rtc,2024-05-23,data\images\S000291.npy,DED_CHI,1,high,pre_event,DED_CHI_2024-05-18
S000292,S1A_IW_GRDH_1SDV_20241014T002526_20241014T002551_056091_06DCDB_rtc,2024-10-14,data\images\S000292.npy,DED_CHI,1,high,flood_peak,DED_CHI_2024-10-16
S000293,S1A_IW_GRDH_1SDV_20241014T002526_20241014T002551_056091_06DCDB_rtc,2024-10-14,data\images\S000293.npy,DED_CHI,1,high,pre_event,DED_CHI_2024-10-13
S000294,S1A_IW_GRDH_1SDV_20241119T002525_20241119T002550_056616_06F1BE_rtc,2024-11-19,data\images\S000294.npy,DED_CHI,1,severe,flood_peak,DED_CHI_2024-11-28
S000295,S1A_IW_GRDH_1SDV_20241119T002525_20241119T002550_056616_06F1BE_rtc,2024-11-19,data\images\S000295.npy,DED_CHI,1,severe,pre_event,DED_CHI_2024-11-21
S000296,S1A_IW_GRDH_1SSV_20150111T124845_20150111T124914_004124_004FE9_rtc,2015-01-11,data\images\S000296.npy,DED_KUR,1,high,flood_peak,DED_KUR_2015-01-01
S000299,S1A_IW_GRDH_1SSV_20151014T124854_20151014T124922_008149_00B70A_rtc,2015-10-14,data\images\S000299.npy,DED_KUR,1,severe,pre_event,DED_KUR_2015-10-15
S000298,S1A_IW_GRDH_1SSV_20151107T124853_20151107T124922_008499_00C064_rtc,2015-11-07,data\images\S000298.npy,DED_KUR,1,severe,flood_peak,DED_KUR_2015-10-27
S000300,S1A_IW_GRDH_1SSV_20160517T124848_20160517T124917_011299_0111FA_rtc,2016-05-17,data\images\S000300.npy,DED_KUR,1,severe,flood_peak,DED_KUR_2016-05-15
S000297,S1A_IW_GRDH_1SSV_20141218T124846_20141218T124915_003774_004808_rtc,2014-12-18,data\images\S000297.npy,DED_KUR,1,high,pre_event,DED_KUR_2014-12-29
S000302,S1A_IW_GRDH_1SDV_20190207T124904_20190207T124933_025824_02DF76_rtc,2019-02-07,data\images\S000302.npy,DED_KUR,1,high,flood_peak,DED_KUR_2019-02-09
S000303,S1A_IW_GRDH_1SDV_20190207T002457_20190207T002520_025816_02DF27_rtc,2019-02-07,data\images\S000303.npy,DED_KUR,1,high,pre_event,DED_KUR_2019-02-06
S000301,S1A_IW_GRDH_1SSV_20160517T124848_20160517T124917_011299_0111FA_rtc,2016-05-17,data\images\S000301.npy,DED_KUR,1,severe,pre_event,DED_KUR_2016-05-12
S000306,S1A_IW_GRDH_1SDV_20201116T124943_20201116T125008_035274_041EAA_rtc,2020-11-16,data\images\S000306.npy,DED_KUR,1,severe,flood_peak,DED_KUR_2020-11-18
S000307,S1A_IW_GRDH_1SDV_20201116T002513_20201116T002538_035266_041E68_rtc,2020-11-16,data\images\S000307.npy,DED_KUR,1,severe,pre_event,DED_KUR_2020-11-15
S000308,S1A_IW_GRDH_1SDV_20201128T124942_20201128T125007_035449_0424BF_rtc,2020-11-28,data\images\S000308.npy,DED_KUR,1,high,flood_peak,DED_KUR_2020-12-02
S000309,S1A_IW_GRDH_1SDV_20201128T124942_20201128T125007_035449_0424BF_rtc,2020-11-28,data\images\S000309.npy,DED_KUR,1,high,pre_event,DED_KUR_2020-11-29
S000305,S1A_IW_GRDH_1SDV_20191017T002506_20191017T002531_029491_035B01_rtc,2019-10-17,data\images\S000305.npy,DED_KUR,1,high,pre_event,DED_KUR_2019-10-14
S000304,S1A_IW_GRDH_1SDV_20191017T002506_20191017T002531_029491_035B01_rtc,2019-10-17,data\images\S000304.npy,DED_KUR,1,high,flood_peak,DED_KUR_2019-10-17
S000310,S1A_IW_GRDH_1SDV_20210503T002511_20210503T002536_037716_047367_rtc,2021-05-03,data\images\S000310.npy,DED_KUR,1,high,flood_peak,DED_KUR_2021-05-03
S000311,S1A_IW_GRDH_1SDV_20210503T002511_20210503T002536_037716_047367_rtc,2021-05-03,data\images\S000311.npy,DED_KUR,1,high,pre_event,DED_KUR_2021-04-30
S000313,S1A_IW_GRDH_1SDV_20211111T124949_20211111T125014_040524_04CE4D_rtc,2021-11-11,data\images\S000313.npy,DED_KUR,1,high,pre_event,DED_KUR_2021-11-06
S000312,S1A_IW_GRDH_1SDV_20211111T124949_20211111T125014_040524_04CE4D_rtc,2021-11-11,data\images\S000312.npy,DED_KUR,1,high,flood_peak,DED_KUR_2021-11-09
S000314,S1A_IW_GRDH_1SDV_20211123T124948_20211123T125013_040699_04D458_rtc,2021-11-23,data\images\S000314.npy,DED_KUR,1,high,flood_peak,DED_KUR_2021-11-25
S000316,S1A_IW_GRDH_1SDV_20231020T125000_20231020T125025_050849_062104_rtc,2023-10-20,data\images\S000316.npy,DED_KUR,1,high,flood_peak,DED_KUR_2023-10-21
S000317,S1A_IW_GRDH_1SDV_20231020T125000_20231020T125025_050849_062104_rtc,2023-10-20,data\images\S000317.npy,DED_KUR,1,high,pre_event,DED_KUR_2023-10-18
S000319,S1A_IW_GRDH_1SDV_20231113T002529_20231113T002554_051191_062CC5_rtc,2023-11-13,data\images\S000319.npy,DED_KUR,1,high,pre_event,DED_KUR_2023-11-09
S000318,S1A_IW_GRDH_1SDV_20231113T002529_20231113T002554_051191_062CC5_rtc,2023-11-13,data\images\S000318.npy,DED_KUR,1,high,flood_peak,DED_KUR_2023-11-13
S000320,S1A_IW_GRDH_1SDV_20231125T002528_20231125T002553_051366_0632CF_rtc,2023-11-25,data\images\S000320.npy,DED_KUR,1,high,flood_peak,DED_KUR_2023-11-21
S000315,S1A_IW_GRDH_1SDV_20211123T002518_20211123T002543_040691_04D412_rtc,2021-11-23,data\images\S000315.npy,DED_KUR,1,high,pre_event,DED_KUR_2021-11-22
S000323,S1A_IW_GRDH_1SDV_20231207T002528_20231207T002553_051541_0638D1_rtc,2023-12-07,data\images\S000323.npy,DED_KUR,1,high,pre_event,DED_KUR_2023-12-07
S000322,S1A_IW_GRDH_1SDV_20231207T124959_20231207T125024_051549_063915_rtc,2023-12-07,data\images\S000322.npy,DED_KUR,1,high,flood_peak,DED_KUR_2023-12-11
S000321,S1A_IW_GRDH_1SDV_20231113T125000_20231113T125025_051199_062D0C_rtc,2023-11-13,data\images\S000321.npy,DED_KUR,1,high,pre_event,DED_KUR_2023-11-18
S000325,S1A_IW_GRDH_1SDV_20241119T124955_20241119T125020_056624_06F212_rtc,2024-11-19,data\images\S000325.npy,DED_KUR,1,severe,pre_event,DED_KUR_2024-11-23
S000324,S1A_IW_GRDH_1SDV_20241119T124955_20241119T125020_056624_06F212_rtc,2024-11-19,data\images\S000324.npy,DED_KUR,1,severe,flood_peak,DED_KUR_2024-11-27
S000326,S1A_IW_GRDH_1SSV_20151014T124854_20151014T124922_008149_00B70A_rtc,2015-10-14,data\images\S000326.npy,DED_WAR,1,high,flood_peak,DED_WAR_2015-10-14
S000327,S1A_IW_GRDH_1SSV_20151014T124854_20151014T124922_008149_00B70A_rtc,2015-10-14,data\images\S000327.npy,DED_WAR,1,high,pre_event,DED_WAR_2015-10-11
S000329,S1A_IW_GRDH_1SSV_20151014T124854_20151014T124922_008149_00B70A_rtc,2015-10-14,data\images\S000329.npy,DED_WAR,1,severe,pre_event,DED_WAR_2015-10-15
S000330,S1A_IW_GRDH_1SSV_20151119T002443_20151119T002508_008666_00C51D_rtc,2015-11-19,data\images\S000330.npy,DED_WAR,1,severe,flood_peak,DED_WAR_2015-11-15
S000328,S1A_IW_GRDH_1SSV_20151107T124853_20151107T124922_008499_00C064_rtc,2015-11-07,data\images\S000328.npy,DED_WAR,1,severe,flood_peak,DED_WAR_2015-10-27
S000331,S1A_IW_GRDH_1SSV_20151107T124853_20151107T124922_008499_00C064_rtc,2015-11-07,data\images\S000331.npy,DED_WAR,1,severe,pre_event,DED_WAR_2015-11-10
S000332,S1A_IW_GRDH_1SSV_20160517T124917_20160517T124942_011299_0111FA_rtc,2016-05-17,data\images\S000332.npy,DED_WAR,1,severe,flood_peak,DED_WAR_2016-05-15
S000333,S1A_IW_GRDH_1SSV_20160517T124917_20160517T124942_011299_0111FA_rtc,2016-05-17,data\images\S000333.npy,DED_WAR,1,severe,pre_event,DED_WAR_2016-05-12
S000336,S1A_IW_GRDH_1SDV_20191017T002506_20191017T002531_029491_035B01_rtc,2019-10-17,data\images\S000336.npy,DED_WAR,1,high,flood_peak,DED_WAR_2019-10-17
S000337,S1A_IW_GRDH_1SDV_20191017T002506_20191017T002531_029491_035B01_rtc,2019-10-17,data\images\S000337.npy,DED_WAR,1,high,pre_event,DED_WAR_2019-10-14
S000334,S1A_IW_GRDH_1SDV_20191005T002507_20191005T002532_029316_0354F4_rtc,2019-10-05,data\images\S000334.npy,DED_WAR,1,high,flood_peak,DED_WAR_2019-10-03
S000335,S1A_IW_GRDH_1SDV_20191005T002507_20191005T002532_029316_0354F4_rtc,2019-10-05,data\images\S000335.npy,DED_WAR,1,high,pre_event,DED_WAR_2019-09-30
S000339,S1A_IW_GRDH_1SDV_20191017T002506_20191017T002531_029491_035B01_rtc,2019-10-17,data\images\S000339.npy,DED_WAR,1,high,pre_event,DED_WAR_2019-10-17
S000338,S1A_IW_GRDH_1SDV_20191017T124937_20191017T125002_029499_035B46_rtc,2019-10-17,data\images\S000338.npy,DED_WAR,1,high,flood_peak,DED_WAR_2019-10-20
S000341,S1A_IW_GRDH_1SDV_20201116T002513_20201116T002538_035266_041E68_rtc,2020-11-16,data\images\S000341.npy,DED_WAR,1,high,pre_event,DED_WAR_2020-11-15
S000342,S1A_IW_GRDH_1SDV_20201128T124942_20201128T125007_035449_0424BF_rtc,2020-11-28,data\images\S000342.npy,DED_WAR,1,high,flood_peak,DED_WAR_2020-12-02
S000343,S1A_IW_GRDH_1SDV_20201128T124942_20201128T125007_035449_0424BF_rtc,2020-11-28,data\images\S000343.npy,DED_WAR,1,high,pre_event,DED_WAR_2020-11-29
S000344,S1A_IW_GRDH_1SDV_20211111T124949_20211111T125014_040524_04CE4D_rtc,2021-11-11,data\images\S000344.npy,DED_WAR,1,high,flood_peak,DED_WAR_2021-11-10
S000345,S1A_IW_GRDH_1SDV_20211030T124949_20211030T125014_040349_04C836_rtc,2021-10-30,data\images\S000345.npy,DED_WAR,1,high,pre_event,DED_WAR_2021-11-05
S000340,S1A_IW_GRDH_1SDV_20201116T124943_20201116T125008_035274_041EAA_rtc,2020-11-16,data\images\S000340.npy,DED_WAR,1,high,flood_peak,DED_WAR_2020-11-18
S000346,S1A_IW_GRDH_1SDV_20211123T124948_20211123T125013_040699_04D458_rtc,2021-11-23,data\images\S000346.npy,DED_WAR,1,high,flood_peak,DED_WAR_2021-11-25
S000347,S1A_IW_GRDH_1SDV_20211123T002518_20211123T002543_040691_04D412_rtc,2021-11-23,data\images\S000347.npy,DED_WAR,1,high,pre_event,DED_WAR_2021-11-22
S000350,S1A_IW_GRDH_1SDV_20231113T002529_20231113T002554_051191_062CC5_rtc,2023-11-13,data\images\S000350.npy,DED_WAR,1,high,flood_peak,DED_WAR_2023-11-12
S000351,S1A_IW_GRDH_1SDV_20231113T002529_20231113T002554_051191_062CC5_rtc,2023-11-13,data\images\S000351.npy,DED_WAR,1,high,pre_event,DED_WAR_2023-11-09
S000352,S1A_IW_GRDH_1SDV_20231125T002528_20231125T002553_051366_0632CF_rtc,2023-11-25,data\images\S000352.npy,DED_WAR,1,high,flood_peak,DED_WAR_2023-11-21
S000348,S1A_IW_GRDH_1SDV_20231020T125000_20231020T125025_050849_062104_rtc,2023-10-20,data\images\S000348.npy,DED_WAR,1,high,flood_peak,DED_WAR_2023-10-21
S000349,S1A_IW_GRDH_1SDV_20231020T125000_20231020T125025_050849_062104_rtc,2023-10-20,data\images\S000349.npy,DED_WAR,1,high,pre_event,DED_WAR_2023-10-18
S000353,S1A_IW_GRDH_1SDV_20231113T125000_20231113T125025_051199_062D0C_rtc,2023-11-13,data\images\S000353.npy,DED_WAR,1,high,pre_event,DED_WAR_2023-11-18
S000355,S1A_IW_GRDH_1SDV_20241119T124955_20241119T125020_056624_06F212_rtc,2024-11-19,data\images\S000355.npy,DED_WAR,1,severe,pre_event,DED_WAR_2024-11-23
S000354,S1A_IW_GRDH_1SDV_20241119T124955_20241119T125020_056624_06F212_rtc,2024-11-19,data\images\S000354.npy,DED_WAR,1,severe,flood_peak,DED_WAR_2024-11-27
S000357,S1A_IW_GRDH_1SSV_20141218T124846_20141218T124915_003774_004808_rtc,2014-12-18,data\images\S000357.npy,GAL_AMP,1,severe,pre_event,GAL_AMP_2014-12-29
S000359,S1A_IW_GRDH_1SSV_20151014T124854_20151014T124922_008149_00B70A_rtc,2015-10-14,data\images\S000359.npy,GAL_AMP,1,severe,pre_event,GAL_AMP_2015-10-24
S000358,S1A_IW_GRDH_1SSV_20151107T124853_20151107T124922_008499_00C064_rtc,2015-11-07,data\images\S000358.npy,GAL_AMP,1,severe,flood_peak,GAL_AMP_2015-10-28
S000360,S1A_IW_GRDH_1SSV_20151107T124853_20151107T124922_008499_00C064_rtc,2015-11-07,data\images\S000360.npy,GAL_AMP,1,high,flood_peak,GAL_AMP_2015-11-15
S000361,S1A_IW_GRDH_1SSV_20151107T124853_20151107T124922_008499_00C064_rtc,2015-11-07,data\images\S000361.npy,GAL_AMP,1,high,pre_event,GAL_AMP_2015-11-11
S000356,S1A_IW_GRDH_1SSV_20150111T124845_20150111T124914_004124_004FE9_rtc,2015-01-11,data\images\S000356.npy,GAL_AMP,1,severe,flood_peak,GAL_AMP_2015-01-01
S000362,S1A_IW_GRDH_1SDV_20181110T001657_20181110T001727_024518_02B09E_rtc,2018-11-10,data\images\S000362.npy,GAL_AMP,1,severe,flood_peak,GAL_AMP_2018-11-07
S000365,S1A_IW_GRDH_1SDV_20231214T001722_20231214T001758_051643_063C67_rtc,2023-12-14,data\images\S000365.npy,GAL_AMP,1,high,pre_event,GAL_AMP_2023-12-15
S000366,S1A_IW_GRDH_1SDV_20241126T001719_20241126T001754_056718_06F5D2_rtc,2024-11-26,data\images\S000366.npy,GAL_AMP,1,high,flood_peak,GAL_AMP_2024-11-28
S000367,S1A_IW_GRDH_1SDV_20241126T001719_20241126T001754_056718_06F5D2_rtc,2024-11-26,data\images\S000367.npy,GAL_AMP,1,high,pre_event,GAL_AMP_2024-11-24
S000363,S1A_IW_GRDH_1SDV_20181103T124907_20181103T124936_024424_02AD1E_rtc,2018-11-03,data\images\S000363.npy,GAL_AMP,1,severe,pre_event,GAL_AMP_2018-11-03
S000368,S1A_IW_GRDH_1SSV_20150111T124845_20150111T124914_004124_004FE9_rtc,2015-01-11,data\images\S000368.npy,GAL_ING,1,high,flood_peak,GAL_ING_2015-01-01
S000369,S1A_IW_GRDH_1SSV_20141218T124846_20141218T124915_003774_004808_rtc,2014-12-18,data\images\S000369.npy,GAL_ING,1,high,pre_event,GAL_ING_2014-12-29
S000371,S1A_IW_GRDH_1SSV_20151014T124854_20151014T124922_008149_00B70A_rtc,2015-10-14,data\images\S000371.npy,GAL_ING,1,severe,pre_event,GAL_ING_2015-10-23
S000370,S1A_IW_GRDH_1SSV_20151014T124854_20151014T124922_008149_00B70A_rtc,2015-10-14,data\images\S000370.npy,GAL_ING,1,severe,flood_peak,GAL_ING_2015-10-26
S000364,S1A_IW_GRDH_1SDV_20231219T124929_20231219T124958_051724_063F39_rtc,2023-12-19,data\images\S000364.npy,GAL_AMP,1,high,flood_peak,GAL_AMP_2023-12-18
S000373,S1A_IW_GRDH_1SSV_20151107T124853_20151107T124922_008499_00C064_rtc,2015-11-07,data\images\S000373.npy,GAL_ING,1,high,pre_event,GAL_ING_2015-11-11
S000372,S1A_IW_GRDH_1SSV_20151119T002443_20151119T002508_008666_00C51D_rtc,2015-11-19,data\images\S000372.npy,GAL_ING,1,high,flood_peak,GAL_ING_2015-11-15
S000375,S1A_IW_GRDH_1SSV_20151201T124847_20151201T124916_008849_00CA3C_rtc,2015-12-01,data\images\S000375.npy,GAL_ING,1,high,pre_event,GAL_ING_2015-12-07
S000374,S1A_IW_GRDH_1SSV_20151201T124847_20151201T124916_008849_00CA3C_rtc,2015-12-01,data\images\S000374.npy,GAL_ING,1,high,flood_peak,GAL_ING_2015-12-10
S000377,S1A_IW_GRDH_1SDV_20181103T002500_20181103T002523_024416_02ACD7_rtc,2018-11-03,data\images\S000377.npy,GAL_ING,1,severe,pre_event,GAL_ING_2018-11-02
S000376,S1A_IW_GRDH_1SDV_20181103T124907_20181103T124936_024424_02AD1E_rtc,2018-11-03,data\images\S000376.npy,GAL_ING,1,severe,flood_peak,GAL_ING_2018-11-06
S000378,S1A_IW_GRDH_1SDV_20191029T002507_20191029T002532_029666_036113_rtc,2019-10-29,data\images\S000378.npy,GAL_ING,1,high,flood_peak,GAL_ING_2019-10-29
S000380,S1A_IW_GRDH_1SDV_20201222T002511_20201222T002536_035791_043084_rtc,2020-12-22,data\images\S000380.npy,GAL_ING,1,high,flood_peak,GAL_ING_2020-12-22
S000379,S1A_IW_GRDH_1SDV_20191024T001700_20191024T001736_029593_035E88_rtc,2019-10-24,data\images\S000379.npy,GAL_ING,1,high,pre_event,GAL_ING_2019-10-26
S000381,S1A_IW_GRDH_1SDV_20201217T001706_20201217T001741_035718_042E07_rtc,2020-12-17,data\images\S000381.npy,GAL_ING,1,high,pre_event,GAL_ING_2020-12-19
S000382,S1A_IW_GRDH_1SDV_20221224T124924_20221224T124953_046474_059178_rtc,2022-12-24,data\images\S000382.npy,GAL_ING,1,high,flood_peak,GAL_ING_2022-12-26
S000385,S1A_IW_GRDH_1SDV_20231108T001723_20231108T001758_051118_062A38_rtc,2023-11-08,data\images\S000385.npy,GAL_ING,1,high,pre_event,GAL_ING_2023-11-05
S000384,S1A_IW_GRDH_1SDV_20231108T001723_20231108T001758_051118_062A38_rtc,2023-11-08,data\images\S000384.npy,GAL_ING,1,high,flood_peak,GAL_ING_2023-11-08
S000386,S1A_IW_GRDH_1SDV_20231214T001722_20231214T001758_051643_063C67_rtc,2023-12-14,data\images\S000386.npy,GAL_ING,1,high,flood_peak,GAL_ING_2023-12-16
S000387,S1A_IW_GRDH_1SDV_20231214T001722_20231214T001758_051643_063C67_rtc,2023-12-14,data\images\S000387.npy,GAL_ING,1,high,pre_event,GAL_ING_2023-12-13
S000383,S1A_IW_GRDH_1SDV_20221224T002523_20221224T002548_046466_059132_rtc,2022-12-24,data\images\S000383.npy,GAL_ING,1,high,pre_event,GAL_ING_2022-12-23
S000388,S1A_IW_GRDH_1SDV_20240112T002526_20240112T002551_052066_064AE9_rtc,2024-01-12,data\images\S000388.npy,GAL_ING,1,high,flood_peak,GAL_ING_2024-01-11
S000389,S1A_IW_GRDH_1SDV_20240107T001721_20240107T001756_051993_06486E_rtc,2024-01-07,data\images\S000389.npy,GAL_ING,1,high,pre_event,GAL_ING_2024-01-07
S000390,S1A_IW_GRDH_1SDV_20241126T001719_20241126T001754_056718_06F5D2_rtc,2024-11-26,data\images\S000390.npy,GAL_ING,1,high,flood_peak,GAL_ING_2024-11-27
S000391,S1A_IW_GRDH_1SDV_20241126T001719_20241126T001754_056718_06F5D2_rtc,2024-11-26,data\images\S000391.npy,GAL_ING,1,high,pre_event,GAL_ING_2024-11-23
S000394,S1A_IW_GRDH_1SSV_20160522T125651_20160522T125720_011372_01146A_rtc,2016-05-22,data\images\S000394.npy,GIN_BAD,1,severe,flood_peak,GIN_BAD_2016-05-15
S000395,S1A_IW_GRDH_1SSV_20160505T002508_20160505T002522_011116_010C15_rtc,2016-05-05,data\images\S000395.npy,GIN_BAD,1,severe,pre_event,GIN_BAD_2016-05-11
S000397,S1A_IW_GRDH_1SDV_20171202T002518_20171202T002543_019516_0211F7_rtc,2017-12-02,data\images\S000397.npy,GIN_BAD,1,high,pre_event,GIN_BAD_2017-11-27
S000396,S1A_IW_GRDH_1SDV_20171202T002518_20171202T002543_019516_0211F7_rtc,2017-12-02,data\images\S000396.npy,GIN_BAD,1,high,flood_peak,GIN_BAD_2017-12-01
S000400,S1A_IW_GRDH_1SDV_20191029T002532_20191029T002557_029666_036113_rtc,2019-10-29,data\images\S000400.npy,GIN_BAD,1,high,flood_peak,GIN_BAD_2019-10-30
S000401,S1A_IW_GRDH_1SDV_20191029T002532_20191029T002557_029666_036113_rtc,2019-10-29,data\images\S000401.npy,GIN_BAD,1,high,pre_event,GIN_BAD_2019-10-26
S000398,S1A_IW_GRDH_1SDV_20191017T002531_20191017T002557_029491_035B01_rtc,2019-10-17,data\images\S000398.npy,GIN_BAD,1,severe,flood_peak,GIN_BAD_2019-10-21
S000399,S1A_IW_GRDH_1SDV_20191017T002531_20191017T002557_029491_035B01_rtc,2019-10-17,data\images\S000399.npy,GIN_BAD,1,severe,pre_event,GIN_BAD_2019-10-17
S000402,S1A_IW_GRDH_1SDV_20231101T002554_20231101T002620_051016_0626C0_rtc,2023-11-01,data\images\S000402.npy,GIN_BAD,1,high,flood_peak,GIN_BAD_2023-10-21
S000405,S1A_IW_GRDH_1SDV_20231101T002554_20231101T002620_051016_0626C0_rtc,2023-11-01,data\images\S000405.npy,GIN_BAD,1,high,pre_event,GIN_BAD_2023-10-30
S000403,S1A_IW_GRDH_1SDV_20231008T002555_20231008T002620_050666_061AC8_rtc,2023-10-08,data\images\S000403.npy,GIN_BAD,1,high,pre_event,GIN_BAD_2023-10-18
S000406,S1A_IW_GRDH_1SDV_20231125T002553_20231125T002619_051366_0632CF_rtc,2023-11-25,data\images\S000406.npy,GIN_BAD,1,high,flood_peak,GIN_BAD_2023-11-24
S000407,S1A_IW_GRDH_1SDV_20231125T002553_20231125T002619_051366_0632CF_rtc,2023-11-25,data\images\S000407.npy,GIN_BAD,1,high,pre_event,GIN_BAD_2023-11-20
S000409,S1A_IW_GRDH_1SDV_20231125T002553_20231125T002619_051366_0632CF_rtc,2023-11-25,data\images\S000409.npy,GIN_BAD,1,high,pre_event,GIN_BAD_2023-11-28
S000408,S1A_IW_GRDH_1SDV_20231125T002553_20231125T002619_051366_0632CF_rtc,2023-11-25,data\images\S000408.npy,GIN_BAD,1,high,flood_peak,GIN_BAD_2023-12-01
S000410,S1A_IW_GRDH_1SDV_20231207T002553_20231207T002619_051541_0638D1_rtc,2023-12-07,data\images\S000410.npy,GIN_BAD,1,severe,flood_peak,GIN_BAD_2023-12-12
S000411,S1A_IW_GRDH_1SDV_20231207T002553_20231207T002619_051541_0638D1_rtc,2023-12-07,data\images\S000411.npy,GIN_BAD,1,severe,pre_event,GIN_BAD_2023-12-08
S000413,S1A_IW_GRDH_1SDV_20240523T002552_20240523T002617_053991_069047_rtc,2024-05-23,data\images\S000413.npy,GIN_BAD,1,high,pre_event,GIN_BAD_2024-05-23
S000412,S1A_IW_GRDH_1SDV_20240523T002552_20240523T002617_053991_069047_rtc,2024-05-23,data\images\S000412.npy,GIN_BAD,1,high,flood_peak,GIN_BAD_2024-05-27
S000420,S1A_IW_GRDH_1SSV_20160522T125651_20160522T125720_011372_01146A_rtc,2016-05-22,data\images\S000420.npy,GIN_GAL,1,severe,flood_peak,GIN_GAL_2016-05-15
S000404,S1A_IW_GRDH_1SDV_20231113T002554_20231113T002620_051191_062CC5_rtc,2023-11-13,data\images\S000404.npy,GIN_BAD,1,high,flood_peak,GIN_BAD_2023-11-14
S000421,S1A_IW_GRDH_1SSV_20160505T002508_20160505T002522_011116_010C15_rtc,2016-05-05,data\images\S000421.npy,GIN_GAL,1,severe,pre_event,GIN_GAL_2016-05-11
S000418,S1A_IW_GRDH_1SSV_20151119T002508_20151119T002523_008666_00C51D_rtc,2015-11-19,data\images\S000418.npy,GIN_GAL,1,severe,flood_peak,GIN_GAL_2015-11-13
S000423,S1A_IW_GRDH_1SDV_20171120T002518_20171120T002544_019341_020C7E_rtc,2017-11-20,data\images\S000423.npy,GIN_GAL,1,severe,pre_event,GIN_GAL_2017-11-26
S000422,S1A_IW_GRDH_1SDV_20171202T002518_20171202T002543_019516_0211F7_rtc,2017-12-02,data\images\S000422.npy,GIN_GAL,1,severe,flood_peak,GIN_GAL_2017-11-30
S000424,S1B_IW_GRDH_1SDV_20180530T125622_20180530T125651_011151_014743_rtc,2018-05-30,data\images\S000424.npy,GIN_GAL,1,high,flood_peak,GIN_GAL_2018-06-08
S000425,S1B_IW_GRDH_1SDV_20180530T125622_20180530T125651_011151_014743_rtc,2018-05-30,data\images\S000425.npy,GIN_GAL,1,high,pre_event,GIN_GAL_2018-06-04
S000426,S1A_IW_GRDH_1SDV_20191017T002531_20191017T002557_029491_035B01_rtc,2019-10-17,data\images\S000426.npy,GIN_GAL,1,severe,flood_peak,GIN_GAL_2019-10-20
S000427,S1A_IW_GRDH_1SDV_20191017T002531_20191017T002557_029491_035B01_rtc,2019-10-17,data\images\S000427.npy,GIN_GAL,1,severe,pre_event,GIN_GAL_2019-10-17
S000428,S1A_IW_GRDH_1SDV_20210515T002536_20210515T002602_037891_0478D4_rtc,2021-05-15,data\images\S000428.npy,GIN_GAL,1,high,flood_peak,GIN_GAL_2021-05-12
S000430,S1A_IW_GRDH_1SDV_20221224T002548_20221224T002613_046466_059132_rtc,2022-12-24,data\images\S000430.npy,GIN_GAL,1,severe,flood_peak,GIN_GAL_2022-12-26
S000431,S1A_IW_GRDH_1SDV_20221224T002548_20221224T002613_046466_059132_rtc,2022-12-24,data\images\S000431.npy,GIN_GAL,1,severe,pre_event,GIN_GAL_2022-12-23
S000433,S1A_IW_GRDH_1SDV_20230117T002546_20230117T002612_046816_059D04_rtc,2023-01-17,data\images\S000433.npy,GIN_GAL,1,high,pre_event,GIN_GAL_2023-01-18
S000432,S1A_IW_GRDH_1SDV_20230117T002546_20230117T002612_046816_059D04_rtc,2023-01-17,data\images\S000432.npy,GIN_GAL,1,high,flood_peak,GIN_GAL_2023-01-21
S000429,S1A_IW_GRDH_1SDV_20210503T002536_20210503T002601_037716_047367_rtc,2021-05-03,data\images\S000429.npy,GIN_GAL,1,high,pre_event,GIN_GAL_2021-05-09
S000435,S1A_IW_GRDH_1SDV_20230926T002555_20230926T002620_050491_0614C9_rtc,2023-09-26,data\images\S000435.npy,GIN_GAL,1,high,pre_event,GIN_GAL_2023-09-25
S000434,S1A_IW_GRDH_1SDV_20230926T002555_20230926T002620_050491_0614C9_rtc,2023-09-26,data\images\S000434.npy,GIN_GAL,1,high,flood_peak,GIN_GAL_2023-09-29
S000436,S1A_IW_GRDH_1SDV_20231008T002555_20231008T002620_050666_061AC8_rtc,2023-10-08,data\images\S000436.npy,GIN_GAL,1,high,flood_peak,GIN_GAL_2023-10-10
S000437,S1A_IW_GRDH_1SDV_20231008T002555_20231008T002620_050666_061AC8_rtc,2023-10-08,data\images\S000437.npy,GIN_GAL,1,high,pre_event,GIN_GAL_2023-10-07
S000439,S1A_IW_GRDH_1SDV_20231008T002555_20231008T002620_050666_061AC8_rtc,2023-10-08,data\images\S000439.npy,GIN_GAL,1,severe,pre_event,GIN_GAL_2023-10-17
S000440,S1A_IW_GRDH_1SDV_20231113T002554_20231113T002620_051191_062CC5_rtc,2023-11-13,data\images\S000440.npy,GIN_GAL,1,high,flood_peak,GIN_GAL_2023-11-14
S000441,S1A_IW_GRDH_1SDV_20231113T002554_20231113T002620_051191_062CC5_rtc,2023-11-13,data\images\S000441.npy,GIN_GAL,1,high,pre_event,GIN_GAL_2023-11-11
S000443,S1A_IW_GRDH_1SDV_20231113T002554_20231113T002620_051191_062CC5_rtc,2023-11-13,data\images\S000443.npy,GIN_GAL,1,high,pre_event,GIN_GAL_2023-11-18
S000438,S1A_IW_GRDH_1SDV_20231101T002554_20231101T002620_051016_0626C0_rtc,2023-11-01,data\images\S000438.npy,GIN_GAL,1,severe,flood_peak,GIN_GAL_2023-10-21
S000442,S1A_IW_GRDH_1SDV_20231125T002553_20231125T002619_051366_0632CF_rtc,2023-11-25,data\images\S000442.npy,GIN_GAL,1,high,flood_peak,GIN_GAL_2023-11-24
S000444,S1A_IW_GRDH_1SDV_20231125T002553_20231125T002619_051366_0632CF_rtc,2023-11-25,data\images\S000444.npy,GIN_GAL,1,high,flood_peak,GIN_GAL_2023-12-01
S000445,S1A_IW_GRDH_1SDV_20231125T002553_20231125T002619_051366_0632CF_rtc,2023-11-25,data\images\S000445.npy,GIN_GAL,1,high,pre_event,GIN_GAL_2023-11-28
S000448,S1A_IW_GRDH_1SDV_20231207T002553_20231207T002619_051541_0638D1_rtc,2023-12-07,data\images\S000448.npy,GIN_GAL,1,severe,flood_peak,GIN_GAL_2023-12-12
S000446,S1A_IW_GRDH_1SDV_20231207T002553_20231207T002619_051541_0638D1_rtc,2023-12-07,data\images\S000446.npy,GIN_GAL,1,high,flood_peak,GIN_GAL_2023-12-06
S000447,S1A_IW_GRDH_1SDV_20231207T002553_20231207T002619_051541_0638D1_rtc,2023-12-07,data\images\S000447.npy,GIN_GAL,1,high,pre_event,GIN_GAL_2023-12-02
S000449,S1A_IW_GRDH_1SDV_20231207T002553_20231207T002619_051541_0638D1_rtc,2023-12-07,data\images\S000449.npy,GIN_GAL,1,severe,pre_event,GIN_GAL_2023-12-08
S000451,S1A_IW_GRDH_1SDV_20240511T002552_20240511T002617_053816_068A41_rtc,2024-05-11,data\images\S000451.npy,GIN_GAL,1,high,pre_event,GIN_GAL_2024-05-17
S000450,S1A_IW_GRDH_1SDV_20240523T002552_20240523T002617_053991_069047_rtc,2024-05-23,data\images\S000450.npy,GIN_GAL,1,high,flood_peak,GIN_GAL_2024-05-20
S000453,S1A_IW_GRDH_1SDV_20240523T002552_20240523T002617_053991_069047_rtc,2024-05-23,data\images\S000453.npy,GIN_GAL,1,high,pre_event,GIN_GAL_2024-05-22
S000452,S1A_IW_GRDH_1SDV_20240523T002552_20240523T002617_053991_069047_rtc,2024-05-23,data\images\S000452.npy,GIN_GAL,1,high,flood_peak,GIN_GAL_2024-05-26
S000460,S1A_IW_GRDH_1SSV_20160522T125651_20160522T125720_011372_01146A_rtc,2016-05-22,data\images\S000460.npy,GIN_NEL,1,severe,flood_peak,GIN_NEL_2016-05-15
S000455,S1A_IW_GRDH_1SDV_20240604T002551_20240604T002617_054166_069654_rtc,2024-06-04,data\images\S000455.npy,GIN_GAL,1,high,pre_event,GIN_GAL_2024-05-31
S000454,S1A_IW_GRDH_1SDV_20240604T002551_20240604T002617_054166_069654_rtc,2024-06-04,data\images\S000454.npy,GIN_GAL,1,high,flood_peak,GIN_GAL_2024-06-04
S000461,S1A_IW_GRDH_1SSV_20160505T002508_20160505T002522_011116_010C15_rtc,2016-05-05,data\images\S000461.npy,GIN_NEL,1,severe,pre_event,GIN_NEL_2016-05-11
S000463,S1A_IW_GRDH_1SDV_20171202T002518_20171202T002543_019516_0211F7_rtc,2017-12-02,data\images\S000463.npy,GIN_NEL,1,high,pre_event,GIN_NEL_2017-11-28
S000464,S1A_IW_GRDH_1SDV_20191017T002531_20191017T002557_029491_035B01_rtc,2019-10-17,data\images\S000464.npy,GIN_NEL,1,severe,flood_peak,GIN_NEL_2019-10-21
S000462,S1A_IW_GRDH_1SDV_20171202T002518_20171202T002543_019516_0211F7_rtc,2017-12-02,data\images\S000462.npy,GIN_NEL,1,high,flood_peak,GIN_NEL_2017-12-01
S000465,S1A_IW_GRDH_1SDV_20191017T002531_20191017T002557_029491_035B01_rtc,2019-10-17,data\images\S000465.npy,GIN_NEL,1,severe,pre_event,GIN_NEL_2019-10-17
S000466,S1A_IW_GRDH_1SDV_20231101T002554_20231101T002620_051016_0626C0_rtc,2023-11-01,data\images\S000466.npy,GIN_NEL,1,high,flood_peak,GIN_NEL_2023-10-21
S000467,S1A_IW_GRDH_1SDV_20231008T002555_20231008T002620_050666_061AC8_rtc,2023-10-08,data\images\S000467.npy,GIN_NEL,1,high,pre_event,GIN_NEL_2023-10-18
S000468,S1A_IW_GRDH_1SDV_20231101T002554_20231101T002620_051016_0626C0_rtc,2023-11-01,data\images\S000468.npy,GIN_NEL,1,high,flood_peak,GIN_NEL_2023-10-30
S000470,S1A_IW_GRDH_1SDV_20231113T002554_20231113T002620_051191_062CC5_rtc,2023-11-13,data\images\S000470.npy,GIN_NEL,1,high,flood_peak,GIN_NEL_2023-11-14
S000469,S1A_IW_GRDH_1SDV_20231101T002554_20231101T002620_051016_0626C0_rtc,2023-11-01,data\images\S000469.npy,GIN_NEL,1,high,pre_event,GIN_NEL_2023-10-27
S000472,S1A_IW_GRDH_1SDV_20231125T002553_20231125T002619_051366_0632CF_rtc,2023-11-25,data\images\S000472.npy,GIN_NEL,1,high,flood_peak,GIN_NEL_2023-11-24
S000473,S1A_IW_GRDH_1SDV_20231125T002553_20231125T002619_051366_0632CF_rtc,2023-11-25,data\images\S000473.npy,GIN_NEL,1,high,pre_event,GIN_NEL_2023-11-21
S000471,S1A_IW_GRDH_1SDV_20231101T002554_20231101T002620_051016_0626C0_rtc,2023-11-01,data\images\S000471.npy,GIN_NEL,1,high,pre_event,GIN_NEL_2023-11-02
S000474,S1A_IW_GRDH_1SDV_20231125T002553_20231125T002619_051366_0632CF_rtc,2023-11-25,data\images\S000474.npy,GIN_NEL,1,high,flood_peak,GIN_NEL_2023-12-01
S000476,S1A_IW_GRDH_1SDV_20231219T002553_20231219T002618_051716_063EF0_rtc,2023-12-19,data\images\S000476.npy,GIN_NEL,1,severe,flood_peak,GIN_NEL_2023-12-16
S000475,S1A_IW_GRDH_1SDV_20231125T002553_20231125T002619_051366_0632CF_rtc,2023-11-25,data\images\S000475.npy,GIN_NEL,1,high,pre_event,GIN_NEL_2023-11-27
S000477,S1A_IW_GRDH_1SDV_20231207T002553_20231207T002619_051541_0638D1_rtc,2023-12-07,data\images\S000477.npy,GIN_NEL,1,severe,pre_event,GIN_NEL_2023-12-08
S000478,S1A_IW_GRDH_1SDV_20240523T002552_20240523T002617_053991_069047_rtc,2024-05-23,data\images\S000478.npy,GIN_NEL,1,high,flood_peak,GIN_NEL_2024-05-27
S000482,S1A_IW_GRDH_1SSV_20160522T125651_20160522T125720_011372_01146A_rtc,2016-05-22,data\images\S000482.npy,GIN_THA,1,severe,flood_peak,GIN_THA_2016-05-15
S000483,S1A_IW_GRDH_1SSV_20160505T002508_20160505T002522_011116_010C15_rtc,2016-05-05,data\images\S000483.npy,GIN_THA,1,severe,pre_event,GIN_THA_2016-05-11
S000479,S1A_IW_GRDH_1SDV_20240523T002552_20240523T002617_053991_069047_rtc,2024-05-23,data\images\S000479.npy,GIN_NEL,1,high,pre_event,GIN_NEL_2024-05-20
S000484,S1A_IW_GRDH_1SDV_20171202T002518_20171202T002543_019516_0211F7_rtc,2017-12-02,data\images\S000484.npy,GIN_THA,1,high,flood_peak,GIN_THA_2017-12-01
S000485,S1A_IW_GRDH_1SDV_20171202T002518_20171202T002543_019516_0211F7_rtc,2017-12-02,data\images\S000485.npy,GIN_THA,1,high,pre_event,GIN_THA_2017-11-27
S000487,S1A_IW_GRDH_1SDV_20191017T002531_20191017T002557_029491_035B01_rtc,2019-10-17,data\images\S000487.npy,GIN_THA,1,severe,pre_event,GIN_THA_2019-10-17
S000486,S1A_IW_GRDH_1SDV_20191017T002531_20191017T002557_029491_035B01_rtc,2019-10-17,data\images\S000486.npy,GIN_THA,1,severe,flood_peak,GIN_THA_2019-10-21
S000488,S1A_IW_GRDH_1SDV_20191029T002532_20191029T002557_029666_036113_rtc,2019-10-29,data\images\S000488.npy,GIN_THA,1,high,flood_peak,GIN_THA_2019-10-30
S000489,S1A_IW_GRDH_1SDV_20191029T002532_20191029T002557_029666_036113_rtc,2019-10-29,data\images\S000489.npy,GIN_THA,1,high,pre_event,GIN_THA_2019-10-26
S000490,S1A_IW_GRDH_1SDV_20231101T002554_20231101T002620_051016_0626C0_rtc,2023-11-01,data\images\S000490.npy,GIN_THA,1,high,flood_peak,GIN_THA_2023-10-21
S000492,S1A_IW_GRDH_1SDV_20231101T002554_20231101T002620_051016_0626C0_rtc,2023-11-01,data\images\S000492.npy,GIN_THA,1,high,flood_peak,GIN_THA_2023-10-27
S000491,S1A_IW_GRDH_1SDV_20231008T002555_20231008T002620_050666_061AC8_rtc,2023-10-08,data\images\S000491.npy,GIN_THA,1,high,pre_event,GIN_THA_2023-10-18
S000493,S1A_IW_GRDH_1SDV_20231101T002554_20231101T002620_051016_0626C0_rtc,2023-11-01,data\images\S000493.npy,GIN_THA,1,high,pre_event,GIN_THA_2023-10-24
S000494,S1A_IW_GRDH_1SDV_20231113T002554_20231113T002620_051191_062CC5_rtc,2023-11-13,data\images\S000494.npy,GIN_THA,1,high,flood_peak,GIN_THA_2023-11-09
S000495,S1A_IW_GRDH_1SDV_20231101T002554_20231101T002620_051016_0626C0_rtc,2023-11-01,data\images\S000495.npy,GIN_THA,1,high,pre_event,GIN_THA_2023-11-04
S000496,S1A_IW_GRDH_1SDV_20231113T002554_20231113T002620_051191_062CC5_rtc,2023-11-13,data\images\S000496.npy,GIN_THA,1,high,flood_peak,GIN_THA_2023-11-14
S000498,S1A_IW_GRDH_1SDV_20231125T002553_20231125T002619_051366_0632CF_rtc,2023-11-25,data\images\S000498.npy,GIN_THA,1,high,flood_peak,GIN_THA_2023-11-24
S000497,S1A_IW_GRDH_1SDV_20231113T002554_20231113T002620_051191_062CC5_rtc,2023-11-13,data\images\S000497.npy,GIN_THA,1,high,pre_event,GIN_THA_2023-11-10
S000499,S1A_IW_GRDH_1SDV_20231125T002553_20231125T002619_051366_0632CF_rtc,2023-11-25,data\images\S000499.npy,GIN_THA,1,high,pre_event,GIN_THA_2023-11-20
S000500,S1A_IW_GRDH_1SDV_20231125T002553_20231125T002619_051366_0632CF_rtc,2023-11-25,data\images\S000500.npy,GIN_THA,1,high,flood_peak,GIN_THA_2023-12-01
S000502,S1A_IW_GRDH_1SDV_20231207T002553_20231207T002619_051541_0638D1_rtc,2023-12-07,data\images\S000502.npy,GIN_THA,1,severe,flood_peak,GIN_THA_2023-12-12
S000501,S1A_IW_GRDH_1SDV_20231125T002553_20231125T002619_051366_0632CF_rtc,2023-11-25,data\images\S000501.npy,GIN_THA,1,high,pre_event,GIN_THA_2023-11-28
S000503,S1A_IW_GRDH_1SDV_20231207T002553_20231207T002619_051541_0638D1_rtc,2023-12-07,data\images\S000503.npy,GIN_THA,1,severe,pre_event,GIN_THA_2023-12-08
S000504,S1A_IW_GRDH_1SDV_20240523T002552_20240523T002617_053991_069047_rtc,2024-05-23,data\images\S000504.npy,GIN_THA,1,high,flood_peak,GIN_THA_2024-05-23
S000506,S1A_IW_GRDH_1SDV_20240523T002552_20240523T002617_053991_069047_rtc,2024-05-23,data\images\S000506.npy,GIN_THA,1,high,flood_peak,GIN_THA_2024-05-27
S000505,S1A_IW_GRDH_1SDV_20240523T002552_20240523T002617_053991_069047_rtc,2024-05-23,data\images\S000505.npy,GIN_THA,1,high,pre_event,GIN_THA_2024-05-20
S000507,S1A_IW_GRDH_1SDV_20240523T002552_20240523T002617_053991_069047_rtc,2024-05-23,data\images\S000507.npy,GIN_THA,1,high,pre_event,GIN_THA_2024-05-23
S000513,S1A_IW_GRDH_1SSV_20151119T002508_20151119T002523_008666_00C51D_rtc,2015-11-19,data\images\S000513.npy,KAL_AGA,1,high,pre_event,KAL_AGA_2015-11-10
S000510,S1A_IW_GRDH_1SSV_20151119T002508_20151119T002523_008666_00C51D_rtc,2015-11-19,data\images\S000510.npy,KAL_AGA,1,high,flood_peak,KAL_AGA_2015-11-09
S000512,S1A_IW_GRDH_1SSV_20151119T002508_20151119T002523_008666_00C51D_rtc,2015-11-19,data\images\S000512.npy,KAL_AGA,1,high,flood_peak,KAL_AGA_2015-11-14
S000515,S1A_IW_GRDH_1SSV_20160505T002508_20160505T002522_011116_010C15_rtc,2016-05-05,data\images\S000515.npy,KAL_AGA,1,severe,pre_event,KAL_AGA_2016-05-12
S000514,S1A_IW_GRDH_1SSV_20160522T125651_20160522T125720_011372_01146A_rtc,2016-05-22,data\images\S000514.npy,KAL_AGA,1,severe,flood_peak,KAL_AGA_2016-05-15
S000516,S1A_IW_GRDH_1SDV_20171202T002518_20171202T002543_019516_0211F7_rtc,2017-12-02,data\images\S000516.npy,KAL_AGA,1,high,flood_peak,KAL_AGA_2017-12-01
S000517,S1A_IW_GRDH_1SDV_20171202T002518_20171202T002543_019516_0211F7_rtc,2017-12-02,data\images\S000517.npy,KAL_AGA,1,high,pre_event,KAL_AGA_2017-11-28
S000520,S1A_IW_GRDH_1SDV_20231101T002554_20231101T002620_051016_0626C0_rtc,2023-11-01,data\images\S000520.npy,KAL_AGA,1,high,flood_peak,KAL_AGA_2023-11-05
S000521,S1A_IW_GRDH_1SDV_20231101T002554_20231101T002620_051016_0626C0_rtc,2023-11-01,data\images\S000521.npy,KAL_AGA,1,high,pre_event,KAL_AGA_2023-11-02
S000522,S1A_IW_GRDH_1SDV_20231113T002554_20231113T002620_051191_062CC5_rtc,2023-11-13,data\images\S000522.npy,KAL_AGA,1,high,flood_peak,KAL_AGA_2023-11-14
S000523,S1A_IW_GRDH_1SDV_20231101T002554_20231101T002620_051016_0626C0_rtc,2023-11-01,data\images\S000523.npy,KAL_AGA,1,high,pre_event,KAL_AGA_2023-11-06
S000524,S1A_IW_GRDH_1SDV_20231125T002553_20231125T002619_051366_0632CF_rtc,2023-11-25,data\images\S000524.npy,KAL_AGA,1,high,flood_peak,KAL_AGA_2023-11-25
S000525,S1A_IW_GRDH_1SDV_20231125T002553_20231125T002619_051366_0632CF_rtc,2023-11-25,data\images\S000525.npy,KAL_AGA,1,high,pre_event,KAL_AGA_2023-11-21
S000526,S1A_IW_GRDH_1SDV_20231125T002553_20231125T002619_051366_0632CF_rtc,2023-11-25,data\images\S000526.npy,KAL_AGA,1,high,flood_peak,KAL_AGA_2023-12-01
S000527,S1A_IW_GRDH_1SDV_20231125T002553_20231125T002619_051366_0632CF_rtc,2023-11-25,data\images\S000527.npy,KAL_AGA,1,high,pre_event,KAL_AGA_2023-11-27
S000518,S1A_IW_GRDH_1SDV_20191017T002531_20191017T002557_029491_035B01_rtc,2019-10-17,data\images\S000518.npy,KAL_AGA,1,high,flood_peak,KAL_AGA_2019-10-21
S000519,S1A_IW_GRDH_1SDV_20191017T002531_20191017T002557_029491_035B01_rtc,2019-10-17,data\images\S000519.npy,KAL_AGA,1,high,pre_event,KAL_AGA_2019-10-17
S000528,S1A_IW_GRDH_1SDV_20231219T002553_20231219T002618_051716_063EF0_rtc,2023-12-19,data\images\S000528.npy,KAL_AGA,1,high,flood_peak,KAL_AGA_2023-12-21
S000529,S1A_IW_GRDH_1SDV_20231207T002553_20231207T002619_051541_0638D1_rtc,2023-12-07,data\images\S000529.npy,KAL_AGA,1,high,pre_event,KAL_AGA_2023-12-08
S000532,S1A_IW_GRDH_1SDV_20240604T002551_20240604T002617_054166_069654_rtc,2024-06-04,data\images\S000532.npy,KAL_AGA,1,high,flood_peak,KAL_AGA_2024-06-04
S000533,S1A_IW_GRDH_1SDV_20240604T002551_20240604T002617_054166_069654_rtc,2024-06-04,data\images\S000533.npy,KAL_AGA,1,high,pre_event,KAL_AGA_2024-06-01
S000534,S1A_IW_GRDH_1SSV_20151014T124854_20151014T124922_008149_00B70A_rtc,2015-10-14,data\images\S000534.npy,KAL_BAL,1,severe,flood_peak,KAL_BAL_2015-10-24
S000535,S1A_IW_GRDH_1SSV_20151014T124854_20151014T124922_008149_00B70A_rtc,2015-10-14,data\images\S000535.npy,KAL_BAL,1,severe,pre_event,KAL_BAL_2015-10-20
S000536,S1A_IW_GRDH_1SSV_20151107T124853_20151107T124922_008499_00C064_rtc,2015-11-07,data\images\S000536.npy,KAL_BAL,1,high,flood_peak,KAL_BAL_2015-11-13
S000537,S1A_IW_GRDH_1SSV_20151107T124853_20151107T124922_008499_00C064_rtc,2015-11-07,data\images\S000537.npy,KAL_BAL,1,high,pre_event,KAL_BAL_2015-11-10
S000531,S1A_IW_GRDH_1SDV_20240523T002552_20240523T002617_053991_069047_rtc,2024-05-23,data\images\S000531.npy,KAL_AGA,1,high,pre_event,KAL_AGA_2024-05-20
S000530,S1A_IW_GRDH_1SDV_20240523T002552_20240523T002617_053991_069047_rtc,2024-05-23,data\images\S000530.npy,KAL_AGA,1,high,flood_peak,KAL_AGA_2024-05-27
S000538,S1A_IW_GRDH_1SSV_20160517T124848_20160517T124917_011299_0111FA_rtc,2016-05-17,data\images\S000538.npy,KAL_BAL,1,severe,flood_peak,KAL_BAL_2016-05-15
S000539,S1A_IW_GRDH_1SSV_20160505T002508_20160505T002522_011116_010C15_rtc,2016-05-05,data\images\S000539.npy,KAL_BAL,1,severe,pre_event,KAL_BAL_2016-05-11
S000542,S1A_IW_GRDH_1SDV_20231020T124931_20231020T125000_050849_062104_rtc,2023-10-20,data\images\S000542.npy,KAL_BAL,1,high,flood_peak,KAL_BAL_2023-10-26
S000543,S1A_IW_GRDH_1SDV_20231020T124931_20231020T125000_050849_062104_rtc,2023-10-20,data\images\S000543.npy,KAL_BAL,1,high,pre_event,KAL_BAL_2023-10-23
S000540,S1A_IW_GRDH_1SDV_20181103T124907_20181103T124936_024424_02AD1E_rtc,2018-11-03,data\images\S000540.npy,KAL_BAL,1,high,flood_peak,KAL_BAL_2018-11-06
S000544,S1A_IW_GRDH_1SDV_20231113T124931_20231113T125000_051199_062D0C_rtc,2023-11-13,data\images\S000544.npy,KAL_BAL,1,high,flood_peak,KAL_BAL_2023-11-14
S000546,S1A_IW_GRDH_1SDV_20231125T002553_20231125T002619_051366_0632CF_rtc,2023-11-25,data\images\S000546.npy,KAL_BAL,1,high,flood_peak,KAL_BAL_2023-11-23
S000547,S1A_IW_GRDH_1SDV_20231125T002553_20231125T002619_051366_0632CF_rtc,2023-11-25,data\images\S000547.npy,KAL_BAL,1,high,pre_event,KAL_BAL_2023-11-20
S000545,S1A_IW_GRDH_1SDV_20231101T124930_20231101T124959_051024_062707_rtc,2023-11-01,data\images\S000545.npy,KAL_BAL,1,high,pre_event,KAL_BAL_2023-11-02
S000541,S1A_IW_GRDH_1SDV_20181103T124907_20181103T124936_024424_02AD1E_rtc,2018-11-03,data\images\S000541.npy,KAL_BAL,1,high,pre_event,KAL_BAL_2018-11-02
S000549,S1A_IW_GRDH_1SDV_20231207T124930_20231207T124959_051549_063915_rtc,2023-12-07,data\images\S000549.npy,KAL_BAL,1,high,pre_event,KAL_BAL_2023-12-13
S000556,S1A_IW_GRDH_1SSV_20151119T002508_20151119T002523_008666_00C51D_rtc,2015-11-19,data\images\S000556.npy,KAL_BUL,1,high,flood_peak,KAL_BUL_2015-11-08
S000558,S1A_IW_GRDH_1SSV_20160522T125651_20160522T125720_011372_01146A_rtc,2016-05-22,data\images\S000558.npy,KAL_BUL,1,severe,flood_peak,KAL_BUL_2016-05-15
S000560,S1A_IW_GRDH_1SDV_20191017T002531_20191017T002557_029491_035B01_rtc,2019-10-17,data\images\S000560.npy,KAL_BUL,1,high,flood_peak,KAL_BUL_2019-10-20
S000561,S1A_IW_GRDH_1SDV_20191017T002531_20191017T002557_029491_035B01_rtc,2019-10-17,data\images\S000561.npy,KAL_BUL,1,high,pre_event,KAL_BUL_2019-10-17
S000559,S1A_IW_GRDH_1SSV_20160505T002508_20160505T002522_011116_010C15_rtc,2016-05-05,data\images\S000559.npy,KAL_BUL,1,severe,pre_event,KAL_BUL_2016-05-11
S000562,S1A_IW_GRDH_1SDV_20231101T002554_20231101T002620_051016_0626C0_rtc,2023-11-01,data\images\S000562.npy,KAL_BUL,1,high,flood_peak,KAL_BUL_2023-10-21
S000564,S1A_IW_GRDH_1SDV_20231113T002554_20231113T002620_051191_062CC5_rtc,2023-11-13,data\images\S000564.npy,KAL_BUL,1,high,flood_peak,KAL_BUL_2023-11-10
S000565,S1A_IW_GRDH_1SDV_20231101T002554_20231101T002620_051016_0626C0_rtc,2023-11-01,data\images\S000565.npy,KAL_BUL,1,high,pre_event,KAL_BUL_2023-11-01
S000563,S1A_IW_GRDH_1SDV_20231008T002555_20231008T002620_050666_061AC8_rtc,2023-10-08,data\images\S000563.npy,KAL_BUL,1,high,pre_event,KAL_BUL_2023-10-18
S000551,S1A_IW_GRDH_1SDV_20240523T002552_20240523T002617_053991_069047_rtc,2024-05-23,data\images\S000551.npy,KAL_BAL,1,high,pre_event,KAL_BAL_2024-05-21
S000566,S1A_IW_GRDH_1SDV_20231125T002553_20231125T002619_051366_0632CF_rtc,2023-11-25,data\images\S000566.npy,KAL_BUL,1,high,flood_peak,KAL_BUL_2023-11-25
S000567,S1A_IW_GRDH_1SDV_20231125T002553_20231125T002619_051366_0632CF_rtc,2023-11-25,data\images\S000567.npy,KAL_BUL,1,high,pre_event,KAL_BUL_2023-11-22
S000568,S1A_IW_GRDH_1SDV_20231125T002553_20231125T002619_051366_0632CF_rtc,2023-11-25,data\images\S000568.npy,KAL_BUL,1,high,flood_peak,KAL_BUL_2023-11-30
S000569,S1A_IW_GRDH_1SDV_20231125T002553_20231125T002619_051366_0632CF_rtc,2023-11-25,data\images\S000569.npy,KAL_BUL,1,high,pre_event,KAL_BUL_2023-11-27
S000572,S1A_IW_GRDH_1SDV_20240523T002552_20240523T002617_053991_069047_rtc,2024-05-23,data\images\S000572.npy,KAL_BUL,1,high,flood_peak,KAL_BUL_2024-05-28
S000573,S1A_IW_GRDH_1SDV_20240523T002552_20240523T002617_053991_069047_rtc,2024-05-23,data\images\S000573.npy,KAL_BUL,1,high,pre_event,KAL_BUL_2024-05-24
S000571,S1A_IW_GRDH_1SDV_20231207T002553_20231207T002619_051541_0638D1_rtc,2023-12-07,data\images\S000571.npy,KAL_BUL,1,high,pre_event,KAL_BUL_2023-12-12
S000570,S1A_IW_GRDH_1SDV_20231219T002553_20231219T002618_051716_063EF0_rtc,2023-12-19,data\images\S000570.npy,KAL_BUL,1,high,flood_peak,KAL_BUL_2023-12-21
S000575,S1A_IW_GRDH_1SDV_20240604T002551_20240604T002617_054166_069654_rtc,2024-06-04,data\images\S000575.npy,KAL_BUL,1,high,pre_event,KAL_BUL_2024-06-01
S000574,S1A_IW_GRDH_1SDV_20240604T002551_20240604T002617_054166_069654_rtc,2024-06-04,data\images\S000574.npy,KAL_BUL,1,high,flood_peak,KAL_BUL_2024-06-04
S000580,S1A_IW_GRDH_1SSV_20160522T125651_20160522T125720_011372_01146A_rtc,2016-05-22,data\images\S000580.npy,KAL_KLT,1,severe,flood_peak,KAL_KLT_2016-05-15
S000582,S1A_IW_GRDH_1SDV_20191017T002531_20191017T002557_029491_035B01_rtc,2019-10-17,data\images\S000582.npy,KAL_KLT,1,high,flood_peak,KAL_KLT_2019-10-21
S000583,S1A_IW_GRDH_1SDV_20191017T002531_20191017T002557_029491_035B01_rtc,2019-10-17,data\images\S000583.npy,KAL_KLT,1,high,pre_event,KAL_KLT_2019-10-17
S000581,S1A_IW_GRDH_1SSV_20160505T002508_20160505T002522_011116_010C15_rtc,2016-05-05,data\images\S000581.npy,KAL_KLT,1,severe,pre_event,KAL_KLT_2016-05-11
S000584,S1A_IW_GRDH_1SDV_20231101T002554_20231101T002620_051016_0626C0_rtc,2023-11-01,data\images\S000584.npy,KAL_KLT,1,high,flood_peak,KAL_KLT_2023-10-21
S000587,S1A_IW_GRDH_1SDV_20231101T002554_20231101T002620_051016_0626C0_rtc,2023-11-01,data\images\S000587.npy,KAL_KLT,1,high,pre_event,KAL_KLT_2023-10-30
S000588,S1A_IW_GRDH_1SDV_20231125T002553_20231125T002619_051366_0632CF_rtc,2023-11-25,data\images\S000588.npy,KAL_KLT,1,high,flood_peak,KAL_KLT_2023-11-25
S000589,S1A_IW_GRDH_1SDV_20231125T002553_20231125T002619_051366_0632CF_rtc,2023-11-25,data\images\S000589.npy,KAL_KLT,1,high,pre_event,KAL_KLT_2023-11-21
S000585,S1A_IW_GRDH_1SDV_20231008T002555_20231008T002620_050666_061AC8_rtc,2023-10-08,data\images\S000585.npy,KAL_KLT,1,high,pre_event,KAL_KLT_2023-10-18
S000590,S1A_IW_GRDH_1SDV_20231125T002553_20231125T002619_051366_0632CF_rtc,2023-11-25,data\images\S000590.npy,KAL_KLT,1,high,flood_peak,KAL_KLT_2023-12-01
S000591,S1A_IW_GRDH_1SDV_20231125T002553_20231125T002619_051366_0632CF_rtc,2023-11-25,data\images\S000591.npy,KAL_KLT,1,high,pre_event,KAL_KLT_2023-11-27
S000593,S1A_IW_GRDH_1SDV_20231207T002553_20231207T002619_051541_0638D1_rtc,2023-12-07,data\images\S000593.npy,KAL_KLT,1,high,pre_event,KAL_KLT_2023-12-09
S000592,S1A_IW_GRDH_1SDV_20231207T002553_20231207T002619_051541_0638D1_rtc,2023-12-07,data\images\S000592.npy,KAL_KLT,1,high,flood_peak,KAL_KLT_2023-12-12
S000595,S1A_IW_GRDH_1SDV_20231207T002553_20231207T002619_051541_0638D1_rtc,2023-12-07,data\images\S000595.npy,KAL_KLT,1,high,pre_event,KAL_KLT_2023-12-12
S000594,S1A_IW_GRDH_1SDV_20231219T002553_20231219T002618_051716_063EF0_rtc,2023-12-19,data\images\S000594.npy,KAL_KLT,1,high,flood_peak,KAL_KLT_2023-12-21
S000596,S1A_IW_GRDH_1SDV_20240523T002552_20240523T002617_053991_069047_rtc,2024-05-23,data\images\S000596.npy,KAL_KLT,1,high,flood_peak,KAL_KLT_2024-05-27
S000597,S1A_IW_GRDH_1SDV_20240523T002552_20240523T002617_053991_069047_rtc,2024-05-23,data\images\S000597.npy,KAL_KLT,1,high,pre_event,KAL_KLT_2024-05-23
S000599,S1A_IW_GRDH_1SSV_20151014T124854_20151014T124922_008149_00B70A_rtc,2015-10-14,data\images\S000599.npy,KAL_RAT,1,high,pre_event,KAL_RAT_2015-10-13
S000598,S1A_IW_GRDH_1SSV_20151014T124854_20151014T124922_008149_00B70A_rtc,2015-10-14,data\images\S000598.npy,KAL_RAT,1,high,flood_peak,KAL_RAT_2015-10-16
S000586,S1A_IW_GRDH_1SDV_20231113T002554_20231113T002620_051191_062CC5_rtc,2023-11-13,data\images\S000586.npy,KAL_KLT,1,high,flood_peak,KAL_KLT_2023-11-10
S001398,S1A_IW_GRDH_1SDV_20210819T002542_20210819T002607_039291_04A3C7_rtc,2021-08-19,data\images\S001398.npy,WAL_EMB,0,none,dry_negative,WAL_EMB_2021-08-15
S001400,S1A_IW_GRDH_1SDV_20190713T002502_20190713T002527_028091_032C2A_rtc,2019-07-13,data\images\S001400.npy,MAH_POL,0,none,dry_negative,MAH_POL_2019-07-11
S001399,S1A_IW_GRDH_1SDV_20240205T002526_20240205T002551_052416_0656C2_rtc,2024-02-05,data\images\S001399.npy,DED_CHI,0,none,dry_negative,DED_CHI_2024-02-07
S001401,S1A_IW_GRDH_1SDV_20220203T124916_20220203T124945_041749_04F7CE_rtc,2022-02-03,data\images\S001401.npy,NIL_MAT,0,none,dry_negative,NIL_MAT_2022-02-07
S001402,S1A_IW_GRDH_1SDV_20230306T002520_20230306T002545_047516_05B49E_rtc,2023-03-06,data\images\S001402.npy,ATT_JAE,0,none,dry_negative,ATT_JAE_2023-03-09
S001403,S1A_IW_GRDH_1SSV_20160716T002515_20160716T002529_012166_012DD0_rtc,2016-07-16,data\images\S001403.npy,WAL_AMB,0,none,dry_negative,WAL_AMB_2016-07-22
S001405,S1A_IW_GRDH_1SSV_20160902T002452_20160902T002517_012866_014514_rtc,2016-09-02,data\images\S001405.npy,MAH_KAN,0,none,dry_negative,MAH_KAN_2016-09-05
S001407,S1A_IW_GRDH_1SDV_20230210T002545_20230210T002611_047166_05A8BC_rtc,2023-02-10,data\images\S001407.npy,COL_KOL,0,none,dry_negative,COL_KOL_2023-02-09
S001408,S1A_IW_GRDH_1SDV_20210620T002513_20210620T002538_038416_048885_rtc,2021-06-20,data\images\S001408.npy,BAT_BAT,0,none,dry_negative,BAT_BAT_2021-06-19
S001404,S1A_IW_GRDH_1SDV_20161113T002513_20161113T002538_013916_016673_rtc,2016-11-13,data\images\S001404.npy,KAL_KLT,0,none,dry_negative,KAL_KLT_2016-11-09
S001409,S1A_IW_GRDH_1SDV_20160926T002513_20160926T002538_013216_01507C_rtc,2016-09-26,data\images\S001409.npy,KAL_BUL,0,none,dry_negative,KAL_BUL_2016-10-08
S001412,S1A_IW_GRDH_1SDV_20190701T124903_20190701T124932_027924_03271B_rtc,2019-07-01,data\images\S001412.npy,KEL_KIT,0,none,dry_negative,KEL_KIT_2019-07-02
S001411,S1A_IW_GRDH_1SDV_20180713T001653_20180713T001723_022768_0277D0_rtc,2018-07-13,data\images\S001411.npy,BAT_BAT,0,none,dry_negative,BAT_BAT_2018-07-15
S001413,S1A_IW_GRDH_1SDV_20220814T124924_20220814T124953_044549_055125_rtc,2022-08-14,data\images\S001413.npy,GAL_ING,0,none,dry_negative,GAL_ING_2022-08-16
S001410,S1A_IW_GRDH_1SDV_20190303T124933_20190303T124958_026174_02EBF6_rtc,2019-03-03,data\images\S001410.npy,MAH_POL,0,none,dry_negative,MAH_POL_2019-03-09
S001415,S1A_IW_GRDH_1SSV_20160118T124846_20160118T124915_009549_00DE0B_rtc,2016-01-18,data\images\S001415.npy,NIL_AKU,0,none,dry_negative,NIL_AKU_2016-01-15
S001417,S1A_IW_GRDH_1SDV_20230423T002546_20230423T002612_048216_05CC2F_rtc,2023-04-23,data\images\S001417.npy,GIN_BAD,0,none,dry_negative,GIN_BAD_2023-04-20
S001416,S1A_IW_GRDH_1SDV_20180425T002452_20180425T002517_021616_02542E_rtc,2018-04-25,data\images\S001416.npy,ATT_NIT,0,none,dry_negative,ATT_NIT_2018-04-22
S001418,S1A_IW_GRDH_1SDV_20170301T002509_20170301T002534_015491_01971C_rtc,2017-03-01,data\images\S001418.npy,KAL_BUL,0,none,dry_negative,KAL_BUL_2017-02-18
S001419,S1A_IW_GRDH_1SDV_20170301T002509_20170301T002534_015491_01971C_rtc,2017-03-01,data\images\S001419.npy,KEL_KAD,0,none,dry_negative,KEL_KAD_2017-02-21
S001421,S1A_IW_GRDH_1SDV_20220122T002515_20220122T002540_041566_04F19B_rtc,2022-01-22,data\images\S001421.npy,DED_CHI,0,none,dry_negative,DED_CHI_2022-01-24
S001420,S1A_IW_GRDH_1SDV_20220323T124916_20220323T124945_042449_050FE1_rtc,2022-03-23,data\images\S001420.npy,MAH_VIC,0,none,dry_negative,MAH_VIC_2022-03-26
S001414,S1A_IW_GRDH_1SDV_20200601T124937_20200601T125002_032824_03CD52_rtc,2020-06-01,data\images\S001414.npy,MAH_POL,0,none,dry_negative,MAH_POL_2020-06-05
S001422,S1A_IW_GRDH_1SDV_20170301T002444_20170301T002509_015491_01971C_rtc,2017-03-01,data\images\S001422.npy,ATT_VEY,0,none,dry_negative,ATT_VEY_2017-03-02
S001423,S1A_IW_GRDH_1SDV_20190526T124935_20190526T125000_027399_031737_rtc,2019-05-26,data\images\S001423.npy,DED_WAR,0,none,dry_negative,DED_WAR_2019-05-30
S001424,S1A_IW_GRDH_1SSV_20160902T002517_20160902T002532_012866_014514_rtc,2016-09-02,data\images\S001424.npy,GIN_THA,0,none,dry_negative,GIN_THA_2016-09-12
S001426,S1A_IW_GRDH_1SDV_20180928T124936_20180928T125001_023899_029BD6_rtc,2018-09-28,data\images\S001426.npy,YAN_HOR,0,none,dry_negative,YAN_HOR_2018-10-01
S001425,S1A_IW_GRDH_1SDV_20190219T124904_20190219T124933_025999_02E5B4_rtc,2019-02-19,data\images\S001425.npy,NIL_AKU,0,none,dry_negative,NIL_AKU_2019-02-21
S001427,S1A_IW_GRDH_1SDV_20180718T124903_20180718T124932_022849_027A49_rtc,2018-07-18,data\images\S001427.npy,GAL_AMP,0,none,dry_negative,GAL_AMP_2018-07-19
S001428,S1A_IW_GRDH_1SDV_20200402T002504_20200402T002529_031941_03B02C_rtc,2020-04-02,data\images\S001428.npy,KEL_RUW,0,none,dry_negative,KEL_RUW_2020-03-31
S001429,S1A_IW_GRDH_1SDV_20210304T002509_20210304T002534_036841_04550D_rtc,2021-03-04,data\images\S001429.npy,ATT_VEY,0,none,dry_negative,ATT_VEY_2021-03-02
S001430,S1A_IW_GRDH_1SDV_20180320T002515_20180320T002541_021091_0243BC_rtc,2018-03-20,data\images\S001430.npy,COL_KOT,0,none,dry_negative,COL_KOT_2018-03-12
S001432,S1A_IW_GRDH_1SDV_20201011T002513_20201011T002538_034741_040C34_rtc,2020-10-11,data\images\S001432.npy,KLA_ELA,0,none,dry_negative,KLA_ELA_2020-10-13
S001433,S1A_IW_GRDH_1SSV_20160809T002451_20160809T002516_012516_01395D_rtc,2016-08-09,data\images\S001433.npy,KEL_COL,0,none,dry_negative,KEL_COL_2016-08-10
S001431,S1A_IW_GRDH_1SDV_20190408T124904_20190408T124933_026699_02FF42_rtc,2019-04-08,data\images\S001431.npy,NIL_URA,0,none,dry_negative,NIL_URA_2019-04-09
S001435,S1A_IW_GRDH_1SDV_20210220T002509_20210220T002534_036666_044EFD_rtc,2021-02-20,data\images\S001435.npy,ATT_VEY,0,none,dry_negative,ATT_VEY_2021-02-16
S001434,S1A_IW_GRDH_1SDV_20241225T002547_20241225T002612_057141_070698_rtc,2024-12-25,data\images\S001434.npy,GIN_NEL,0,none,dry_negative,GIN_NEL_2024-12-25
S001437,S1A_IW_GRDH_1SDV_20200625T002533_20200625T002558_033166_03D79D_rtc,2020-06-25,data\images\S001437.npy,KEL_HAN,0,none,dry_negative,KEL_HAN_2020-07-01
S001439,S1A_IW_GRDH_1SDV_20200824T002511_20200824T002536_034041_03F396_rtc,2020-08-24,data\images\S001439.npy,ATT_JAE,0,none,dry_negative,ATT_JAE_2020-08-27
S001438,S1A_IW_GRDH_1SDV_20180916T002500_20180916T002523_023716_0295E9_rtc,2018-09-16,data\images\S001438.npy,MHO_MOU,0,none,dry_negative,MHO_MOU_2018-09-22
S001441,S1A_IW_GRDH_1SSV_20160716T002450_20160716T002515_012166_012DD0_rtc,2016-07-16,data\images\S001441.npy,KEL_AVI,0,none,dry_negative,KEL_AVI_2016-07-20
S001436,S1A_IW_GRDH_1SDV_20200226T002528_20200226T002553_031416_039DD0_rtc,2020-02-26,data\images\S001436.npy,KEL_COL,0,none,dry_negative,KEL_COL_2020-02-22
S001440,S1A_IW_GRDH_1SDV_20190806T002504_20190806T002529_028441_0336CE_rtc,2019-08-06,data\images\S001440.npy,KEL_KIT,0,none,dry_negative,KEL_KIT_2019-08-03
S001444,S1A_IW_GRDH_1SDV_20230210T002520_20230210T002545_047166_05A8BC_rtc,2023-02-10,data\images\S001444.npy,MHO_GIR,0,none,dry_negative,MHO_GIR_2023-02-09
S001443,S1A_IW_GRDH_1SDV_20190315T124933_20190315T124958_026349_02F263_rtc,2019-03-15,data\images\S001443.npy,DED_WAR,0,none,dry_negative,DED_WAR_2019-03-16
S001447,S1A_IW_GRDH_1SSV_20160716T002450_20160716T002515_012166_012DD0_rtc,2016-07-16,data\images\S001447.npy,KEL_AVI,0,none,dry_negative,KEL_AVI_2016-07-24
S001445,S1A_IW_GRDH_1SDV_20190713T002502_20190713T002527_028091_032C2A_rtc,2019-07-13,data\images\S001445.npy,DED_KUR,0,none,dry_negative,DED_KUR_2019-07-08
S001449,S1A_IW_GRDH_1SDV_20220416T002515_20220416T002540_042791_051B74_rtc,2022-04-16,data\images\S001449.npy,MHO_GIR,0,none,dry_negative,MHO_GIR_2022-04-22
S001451,S1A_IW_GRDH_1SDV_20170512T002446_20170512T002511_016541_01B6BF_rtc,2017-05-12,data\images\S001451.npy,BAT_VAL,0,none,dry_negative,BAT_VAL_2017-05-07
S001450,S1A_IW_GRDH_1SDV_20190403T001654_20190403T001724_026618_02FC5B_rtc,2019-04-03,data\images\S001450.npy,GAL_AMP,0,none,dry_negative,GAL_AMP_2019-04-01
S001448,S1A_IW_GRDH_1SDV_20200625T124938_20200625T125003_033174_03D7D3_rtc,2020-06-25,data\images\S001448.npy,MAH_MAN,0,none,dry_negative,MAH_MAN_2020-06-27
S001452,S1A_IW_GRDH_1SDV_20200109T002504_20200109T002529_030716_038578_rtc,2020-01-09,data\images\S001452.npy,MHO_MOU,0,none,dry_negative,MHO_MOU_2020-01-14
S001453,S1A_IW_GRDH_1SDV_20170301T002509_20170301T002534_015491_01971C_rtc,2017-03-01,data\images\S001453.npy,GIN_GAL,0,none,dry_negative,GIN_GAL_2017-03-05
S001454,S1A_IW_GRDH_1SSV_20160902T002517_20160902T002532_012866_014514_rtc,2016-09-02,data\images\S001454.npy,GIN_NEL,0,none,dry_negative,GIN_NEL_2016-09-01
S001456,S1A_IW_GRDH_1SDV_20200601T124908_20200601T124937_032824_03CD52_rtc,2020-06-01,data\images\S001456.npy,KAL_BAL,0,none,dry_negative,KAL_BAL_2020-06-06
S001457,S1A_IW_GRDH_1SDV_20240722T002549_20240722T002615_054866_06AE9B_rtc,2024-07-22,data\images\S001457.npy,GIN_BAD,0,none,dry_negative,GIN_BAD_2024-07-22
S001455,S1A_IW_GRDH_1SDV_20190322T001654_20190322T001724_026443_02F5E4_rtc,2019-03-22,data\images\S001455.npy,GAL_ING,0,none,dry_negative,GAL_ING_2019-03-21
S001459,S1A_IW_GRDH_1SDV_20210304T002509_20210304T002534_036841_04550D_rtc,2021-03-04,data\images\S001459.npy,MAH_KAN,0,none,dry_negative,MAH_KAN_2021-03-01
S001458,S1A_IW_GRDH_1SDV_20180131T124857_20180131T124926_020399_022DB2_rtc,2018-01-31,data\images\S001458.npy,MAH_NUW,0,none,dry_negative,MAH_NUW_2018-02-01
S001460,S1A_IW_GRDH_1SDV_20240224T001719_20240224T001755_052693_06601F_rtc,2024-02-24,data\images\S001460.npy,GAL_ING,0,none,dry_negative,GAL_ING_2024-02-21
S001461,S1A_IW_GRDH_1SDV_20221001T124926_20221001T124955_045249_0568B3_rtc,2022-10-01,data\images\S001461.npy,WAL_UDA,0,none,dry_negative,WAL_UDA_2022-10-07
S001462,S1A_IW_GRDH_1SDV_20200917T002537_20200917T002603_034391_03FFE3_rtc,2020-09-17,data\images\S001462.npy,WAL_EMB,0,none,dry_negative,WAL_EMB_2020-09-16
S001463,S1A_IW_GRDH_1SDV_20170629T124856_20170629T124925_017249_01CC7A_rtc,2017-06-29,data\images\S001463.npy,NIL_URA,0,none,dry_negative,NIL_URA_2017-07-04
S001464,S1A_IW_GRDH_1SSV_20150815T002448_20150815T002513_007266_009F4A_rtc,2015-08-15,data\images\S001464.npy,KAL_KLT,0,none,dry_negative,KAL_KLT_2015-08-14
S001467,S1A_IW_GRDH_1SSV_20160728T124921_20160728T124946_012349_0133B8_rtc,2016-07-28,data\images\S001467.npy,MAH_MAN,0,none,dry_negative,MAH_MAN_2016-07-24
S001465,S1A_IW_GRDH_1SDV_20190315T124904_20190315T124933_026349_02F263_rtc,2019-03-15,data\images\S001465.npy,NIL_AKU,0,none,dry_negative,NIL_AKU_2019-03-19
S001466,S1A_IW_GRDH_1SDV_20160318T002506_20160318T002521_010416_00F713_rtc,2016-03-18,data\images\S001466.npy,GIN_BAD,0,none,dry_negative,GIN_BAD_2016-03-11
S001468,S1A_IW_GRDH_1SSV_20170112T124851_20170112T124920_014799_0181A9_rtc,2017-01-12,data\images\S001468.npy,WAL_UDA,0,none,dry_negative,WAL_UDA_2017-01-17
S001471,S1A_IW_GRDH_1SDV_20170325T002444_20170325T002509_015841_01A195_rtc,2017-03-25,data\images\S001471.npy,KEL_AVI,0,none,dry_negative,KEL_AVI_2017-03-25
S001469,S1A_IW_GRDH_1SDV_20200613T002532_20200613T002558_032991_03D24A_rtc,2020-06-13,data\images\S001469.npy,NIL_URA,0,none,dry_negative,NIL_URA_2020-06-13
S001474,S1A_IW_GRDH_1SDV_20221001T002550_20221001T002615_045241_05686D_rtc,2022-10-01,data\images\S001474.npy,KAL_RAT,0,none,dry_negative,KAL_RAT_2022-09-26
S001472,S1A_IW_GRDH_1SDV_20201210T002537_20201210T002557_035616_042A82_rtc,2020-12-10,data\images\S001472.npy,NIL_MAT,0,none,dry_negative,NIL_MAT_2020-12-10
S001473,S1A_IW_GRDH_1SDV_20200812T124912_20200812T124941_033874_03EDB4_rtc,2020-08-12,data\images\S001473.npy,WAL_EMB,0,none,dry_negative,WAL_EMB_2020-08-14
S001475,S1A_IW_GRDH_1SDV_20160318T002506_20160318T002521_010416_00F713_rtc,2016-03-18,data\images\S001475.npy,NIL_MAT,0,none,dry_negative,NIL_MAT_2016-03-10
S001477,S1A_IW_GRDH_1SDV_20200707T124910_20200707T124939_033349_03DD27_rtc,2020-07-07,data\images\S001477.npy,GAL_AMP,0,none,dry_negative,GAL_AMP_2020-07-10
S001476,S1A_IW_GRDH_1SDV_20210620T124915_20210620T124944_038424_0488BF_rtc,2021-06-20,data\images\S001476.npy,KAL_RAT,0,none,dry_negative,KAL_RAT_2021-06-25
S001478,S1A_IW_GRDH_1SDV_20230728T124928_20230728T124957_049624_05F79D_rtc,2023-07-28,data\images\S001478.npy,KEL_UP,0,none,dry_negative,KEL_UP_2023-08-02
S001479,S1A_IW_GRDH_1SDV_20200520T002506_20200520T002531_032641_03C7D3_rtc,2020-05-20,data\images\S001479.npy,DED_KUR,0,none,dry_negative,DED_KUR_2020-05-20
S001481,S1A_IW_GRDH_1SDV_20180730T002457_20180730T002522_023016_027F97_rtc,2018-07-30,data\images\S001481.npy,MAH_VIC,0,none,dry_negative,MAH_VIC_2018-07-27
S001482,S1A_IW_GRDH_1SDV_20170313T002444_20170313T002509_015666_019C63_rtc,2017-03-13,data\images\S001482.npy,ATT_GAM,0,none,dry_negative,ATT_GAM_2017-03-09
S001480,S1A_IW_GRDH_1SDV_20190806T002504_20190806T002529_028441_0336CE_rtc,2019-08-06,data\images\S001480.npy,ATT_NIT,0,none,dry_negative,ATT_NIT_2019-08-03
S001484,S1A_IW_GRDH_1SDV_20180212T002516_20180212T002541_020566_023318_rtc,2018-02-12,data\images\S001484.npy,GIN_BAD,0,none,dry_negative,GIN_BAD_2018-02-17
S001485,S1A_IW_GRDH_1SDV_20230622T124955_20230622T125020_049099_05E776_rtc,2023-06-22,data\images\S001485.npy,DED_WAR,0,none,dry_negative,DED_WAR_2023-07-02
S001483,S1A_IW_GRDH_1SDV_20220323T002515_20220323T002540_042441_050F9B_rtc,2022-03-23,data\images\S001483.npy,MAH_KAN,0,none,dry_negative,MAH_KAN_2022-03-19
S001486,S1A_IW_GRDH_1SDV_20230222T002545_20230222T002610_047341_05AEB4_rtc,2023-02-22,data\images\S001486.npy,GIN_BAD,0,none,dry_negative,GIN_BAD_2023-02-22
S001487,S1A_IW_GRDH_1SDV_20221025T124955_20221025T125020_045599_0573C3_rtc,2022-10-25,data\images\S001487.npy,YAN_HOR,0,none,dry_negative,YAN_HOR_2022-10-30
S001488,S1A_IW_GRDH_1SDV_20230330T002546_20230330T002611_047866_05C071_rtc,2023-03-30,data\images\S001488.npy,KEL_HAN,0,none,dry_negative,KEL_HAN_2023-03-25
S001489,S1A_IW_GRDH_1SDV_20210316T124910_20210316T124939_037024_045B73_rtc,2021-03-16,data\images\S001489.npy,KAL_BAL,0,none,dry_negative,KAL_BAL_2021-03-20
S001490,S1A_IW_GRDH_1SDV_20180916T124936_20180916T125001_023724_029628_rtc,2018-09-16,data\images\S001490.npy,YAN_HOR,0,none,dry_negative,YAN_HOR_2018-09-18
S001491,S1A_IW_GRDH_1SDV_20241002T124956_20241002T125021_055924_06D64B_rtc,2024-10-02,data\images\S001491.npy,MAH_MHY,0,none,dry_negative,MAH_MHY_2024-10-04
S001492,S1A_IW_GRDH_1SDV_20230622T124926_20230622T124955_049099_05E776_rtc,2023-06-22,data\images\S001492.npy,KAL_BAL,0,none,dry_negative,KAL_BAL_2023-06-28
S001493,S1A_IW_GRDH_1SDV_20220227T002515_20220227T002540_042091_0503B7_rtc,2022-02-27,data\images\S001493.npy,MAH_VIC,0,none,dry_negative,MAH_VIC_2022-03-02
S001496,S1A_IW_GRDH_1SDV_20200929T002538_20200929T002603_034566_040614_rtc,2020-09-29,data\images\S001496.npy,NIL_PIT,0,none,dry_negative,NIL_PIT_2020-09-28
S001494,S1A_IW_GRDH_1SDV_20200309T002503_20200309T002528_031591_03A3DF_rtc,2020-03-09,data\images\S001494.npy,ATT_VEY,0,none,dry_negative,ATT_VEY_2020-03-09
S001497,S1A_IW_GRDH_1SDV_20220311T002540_20220311T002605_042266_0509A4_rtc,2022-03-11,data\images\S001497.npy,NIL_AKU,0,none,dry_negative,NIL_AKU_2022-03-07
S001495,S1A_IW_GRDH_1SDV_20240920T002550_20240920T002616_055741_06CF0C_rtc,2024-09-20,data\images\S001495.npy,KAL_AGA,0,none,dry_negative,KAL_AGA_2024-09-23
S001499,S1A_IW_GRDH_1SSV_20160423T124847_20160423T124916_010949_0106D5_rtc,2016-04-23,data\images\S001499.npy,NIL_MAT,0,none,dry_negative,NIL_MAT_2016-04-26
S001498,S1A_IW_GRDH_1SDV_20210714T124945_20210714T125010_038774_049347_rtc,2021-07-14,data\images\S001498.npy,BAT_VAL,0,none,dry_negative,BAT_VAL_2021-07-17
S001502,S1A_IW_GRDH_1SDV_20180401T002451_20180401T002516_021266_024947_rtc,2018-04-01,data\images\S001502.npy,ATT_GAM,0,none,dry_negative,ATT_GAM_2018-04-06
S001501,S1A_IW_GRDH_1SDV_20190514T124906_20190514T124935_027224_0311BE_rtc,2019-05-14,data\images\S001501.npy,MAH_NUW,0,none,dry_negative,MAH_NUW_2019-05-16
S001500,S1A_IW_GRDH_1SDV_20170512T002417_20170512T002446_016541_01B6BF_rtc,2017-05-12,data\images\S001500.npy,MAL_MAN,0,none,dry_negative,MAL_MAN_2017-05-06
S001503,S1A_IW_GRDH_1SSV_20150722T002417_20150722T002446_006916_0095A4_rtc,2015-07-22,data\images\S001503.npy,MAH_POL,0,none,dry_negative,MAH_POL_2015-07-27
S001504,S1A_IW_GRDH_1SDV_20230716T002526_20230716T002555_049441_05F1FF_rtc,2023-07-16,data\images\S001504.npy,KEL_KAD,0,none,dry_negative,KEL_KAD_2023-07-18
S001507,S1A_IW_GRDH_1SDV_20210912T002543_20210912T002608_039641_04AFCB_rtc,2021-09-12,data\images\S001507.npy,WAL_AMB,0,none,dry_negative,WAL_AMB_2021-09-11
S001509,S1A_IW_GRDH_1SDV_20211229T002541_20211229T002607_041216_04E5F0_rtc,2021-12-29,data\images\S001509.npy,COL_KOL,0,none,dry_negative,COL_KOL_2022-01-02
S001510,S1A_IW_GRDH_1SDV_20200121T002529_20200121T002554_030891_038B9A_rtc,2020-01-21,data\images\S001510.npy,GIN_NEL,0,none,dry_negative,GIN_NEL_2020-01-20
S001505,S1A_IW_GRDH_1SDV_20171003T002453_20171003T002518_018641_01F6F3_rtc,2017-10-03,data\images\S001505.npy,DED_KUR,0,none,dry_negative,DED_KUR_2017-10-03
S001508,S1A_IW_GRDH_1SDV_20180730T002522_20180730T002548_023016_027F97_rtc,2018-07-30,data\images\S001508.npy,KEL_COL,0,none,dry_negative,KEL_COL_2018-07-25
S001512,S1A_IW_GRDH_1SSV_20160902T002452_20160902T002517_012866_014514_rtc,2016-09-02,data\images\S001512.npy,KAL_BUL,0,none,dry_negative,KAL_BUL_2016-08-22
S001511,S1A_IW_GRDH_1SSV_20150324T002441_20150324T002506_005166_00683C_rtc,2015-03-24,data\images\S001511.npy,KEL_UP,0,none,dry_negative,KEL_UP_2015-03-21
S001515,S1A_IW_GRDH_1SDV_20171003T002518_20171003T002544_018641_01F6F3_rtc,2017-10-03,data\images\S001515.npy,KEL_HAN,0,none,dry_negative,KEL_HAN_2017-10-07
S001513,S1A_IW_GRDH_1SDV_20210220T002534_20210220T002559_036666_044EFD_rtc,2021-02-20,data\images\S001513.npy,KEL_UP,0,none,dry_negative,KEL_UP_2021-02-18
S001516,S1A_IW_GRDH_1SDV_20200309T002503_20200309T002528_031591_03A3DF_rtc,2020-03-09,data\images\S001516.npy,DED_KUR,0,none,dry_negative,DED_KUR_2020-03-06
S001517,S1A_IW_GRDH_1SDV_20200917T002512_20200917T002537_034391_03FFE3_rtc,2020-09-17,data\images\S001517.npy,KLA_ELA,0,none,dry_negative,KLA_ELA_2020-09-15
S001518,S1A_IW_GRDH_1SDV_20190219T124904_20190219T124933_025999_02E5B4_rtc,2019-02-19,data\images\S001518.npy,WAL_EMB,0,none,dry_negative,WAL_EMB_2019-02-25
S001520,S1A_IW_GRDH_1SDV_20190514T124906_20190514T124935_027224_0311BE_rtc,2019-05-14,data\images\S001520.npy,GAL_AMP,0,none,dry_negative,GAL_AMP_2019-05-16
S001519,S1A_IW_GRDH_1SDV_20240217T002550_20240217T002616_052591_065CAC_rtc,2024-02-17,data\images\S001519.npy,NIL_URA,0,none,dry_negative,NIL_URA_2024-02-19
S001522,S1A_IW_GRDH_1SDV_20210316T124910_20210316T124939_037024_045B73_rtc,2021-03-16,data\images\S001522.npy,NIL_URA,0,none,dry_negative,NIL_URA_2021-03-21
S001521,S1A_IW_GRDH_1SDV_20180916T124906_20180916T124936_023724_029628_rtc,2018-09-16,data\images\S001521.npy,KEL_RUW,0,none,dry_negative,KEL_RUW_2018-09-17
S001523,S1A_IW_GRDH_1SDV_20200719T002534_20200719T002600_033516_03E245_rtc,2020-07-19,data\images\S001523.npy,COL_KOL,0,none,dry_negative,COL_KOL_2020-07-24
S001524,S1A_IW_GRDH_1SDV_20160318T002441_20160318T002506_010416_00F713_rtc,2016-03-18,data\images\S001524.npy,DED_KUR,0,none,dry_negative,DED_KUR_2016-03-23
S001526,S1A_IW_GRDH_1SSV_20160423T124847_20160423T124916_010949_0106D5_rtc,2016-04-23,data\images\S001526.npy,BAT_ERA,0,none,dry_negative,BAT_ERA_2016-04-26
S001525,S1A_IW_GRDH_1SDV_20170816T002452_20170816T002517_017941_01E18C_rtc,2017-08-16,data\images\S001525.npy,BAT_VAL,0,none,dry_negative,BAT_VAL_2017-08-16
S001527,S1A_IW_GRDH_1SDV_20240229T002550_20240229T002616_052766_06629C_rtc,2024-02-29,data\images\S001527.npy,WAL_EMB,0,none,dry_negative,WAL_EMB_2024-02-28
S001529,S1A_IW_GRDH_1SDV_20220404T002540_20220404T002606_042616_05158E_rtc,2022-04-04,data\images\S001529.npy,KEL_UP,0,none,dry_negative,KEL_UP_2022-04-04
S001528,S1A_IW_GRDH_1SDV_20240511T002527_20240511T002552_053816_068A41_rtc,2024-05-11,data\images\S001528.npy,MAH_MAN,0,none,dry_negative,MAH_MAN_2024-05-06
S001530,S1A_IW_GRDH_1SDV_20200824T124913_20200824T124942_034049_03F3DE_rtc,2020-08-24,data\images\S001530.npy,MAH_NUW,0,none,dry_negative,MAH_NUW_2020-08-29
S001532,S1A_IW_GRDH_1SDV_20180730T002522_20180730T002548_023016_027F97_rtc,2018-07-30,data\images\S001532.npy,KEL_HAN,0,none,dry_negative,KEL_HAN_2018-08-05
S001533,S1A_IW_GRDH_1SDV_20220215T002515_20220215T002540_041916_04FDB3_rtc,2022-02-15,data\images\S001533.npy,DED_WAR,0,none,dry_negative,DED_WAR_2022-02-11
S001531,S1A_IW_GRDH_1SDV_20170711T002515_20170711T002540_017416_01D192_rtc,2017-07-11,data\images\S001531.npy,KEL_UP,0,none,dry_negative,KEL_UP_2017-07-09
S001535,S1A_IW_GRDH_1SSV_20150417T002441_20150417T002506_005516_0070C2_rtc,2015-04-17,data\images\S001535.npy,BAT_BAT,0,none,dry_negative,BAT_BAT_2015-04-22
S001534,S1A_IW_GRDH_1SDV_20190701T002526_20190701T002552_027916_0326DC_rtc,2019-07-01,data\images\S001534.npy,KEL_HAN,0,none,dry_negative,KEL_HAN_2019-06-27
S001538,S1A_IW_GRDH_1SDV_20220721T002521_20220721T002546_044191_05464E_rtc,2022-07-21,data\images\S001538.npy,DED_CHI,0,none,dry_negative,DED_CHI_2022-07-22
S001537,S1A_IW_GRDH_1SDV_20230728T124928_20230728T124957_049624_05F79D_rtc,2023-07-28,data\images\S001537.npy,KAL_BAL,0,none,dry_negative,KAL_BAL_2023-07-31
S001539,S1A_IW_GRDH_1SDV_20210409T124940_20210409T125005_037374_046788_rtc,2021-04-09,data\images\S001539.npy,BAT_ERA,0,none,dry_negative,BAT_ERA_2021-04-12
S001540,S1A_IW_GRDH_1SDV_20230529T002523_20230529T002552_048741_05DCA3_rtc,2023-05-29,data\images\S001540.npy,KEL_KAD,0,none,dry_negative,KEL_KAD_2023-06-04
S001542,S1A_IW_GRDH_1SDV_20230423T002546_20230423T002612_048216_05CC2F_rtc,2023-04-23,data\images\S001542.npy,KEL_UP,0,none,dry_negative,KEL_UP_2023-04-21
S001543,S1A_IW_GRDH_1SDV_20190725T124904_20190725T124933_028274_0331B3_rtc,2019-07-25,data\images\S001543.npy,NIL_MAT,0,none,dry_negative,NIL_MAT_2019-07-27
S001544,S1A_IW_GRDH_1SDV_20190725T124904_20190725T124933_028274_0331B3_rtc,2019-07-25,data\images\S001544.npy,KIR_TIS,0,none,dry_negative,KIR_TIS_2019-07-26
S001541,S1A_IW_GRDH_1SDV_20190226T001654_20190226T001724_026093_02E928_rtc,2019-02-26,data\images\S001541.npy,GAL_ING,0,none,dry_negative,GAL_ING_2019-02-27
S001546,S1A_IW_GRDH_1SDV_20221013T002549_20221013T002615_045416_056E54_rtc,2022-10-13,data\images\S001546.npy,GIN_NEL,0,none,dry_negative,GIN_NEL_2022-10-14
S001545,S1A_IW_GRDH_1SDV_20190315T002457_20190315T002520_026341_02F216_rtc,2019-03-15,data\images\S001545.npy,MAH_PER,0,none,dry_negative,MAH_PER_2019-03-10
S001547,S1A_IW_GRDH_1SDV_20170804T002516_20170804T002542_017766_01DC3B_rtc,2017-08-04,data\images\S001547.npy,KAL_KLT,0,none,dry_negative,KAL_KLT_2017-08-07
S001550,S1A_IW_GRDH_1SDV_20220215T002515_20220215T002540_041916_04FDB3_rtc,2022-02-15,data\images\S001550.npy,MHO_MOU,0,none,dry_negative,MHO_MOU_2022-02-09
S001548,S1A_IW_GRDH_1SDV_20190114T002458_20190114T002521_025466_02D27D_rtc,2019-01-14,data\images\S001548.npy,DED_WAR,0,none,dry_negative,DED_WAR_2019-01-14
S001551,S1A_IW_GRDH_1SDV_20220122T002540_20220122T002606_041566_04F19B_rtc,2022-01-22,data\images\S001551.npy,COL_KOL,0,none,dry_negative,COL_KOL_2022-01-17
S001553,S1A_IW_GRDH_1SDV_20230529T124925_20230529T124954_048749_05DCDC_rtc,2023-05-29,data\images\S001553.npy,NIL_AKU,0,none,dry_negative,NIL_AKU_2023-06-01
S001554,S1A_IW_GRDH_1SDV_20220311T002540_20220311T002605_042266_0509A4_rtc,2022-03-11,data\images\S001554.npy,KAL_BUL,0,none,dry_negative,KAL_BUL_2022-03-09
S001555,S1A_IW_GRDH_1SDV_20161231T002446_20161231T002511_014616_017C33_rtc,2016-12-31,data\images\S001555.npy,DED_KUR,0,none,dry_negative,DED_KUR_2017-01-01
S001556,S1A_IW_GRDH_1SDV_20180916T002500_20180916T002523_023716_0295E9_rtc,2018-09-16,data\images\S001556.npy,MAL_ANU,0,none,dry_negative,MAL_ANU_2018-09-14
S001558,S1A_IW_GRDH_1SDV_20170605T124855_20170605T124924_016899_01C1D1_rtc,2017-06-05,data\images\S001558.npy,MAH_VIC,0,none,dry_negative,MAH_VIC_2017-06-07
S001557,S1A_IW_GRDH_1SDV_20180401T002451_20180401T002516_021266_024947_rtc,2018-04-01,data\images\S001557.npy,MAH_KAN,0,none,dry_negative,MAH_KAN_2018-03-29
S001559,S1A_IW_GRDH_1SDV_20190701T002526_20190701T002552_027916_0326DC_rtc,2019-07-01,data\images\S001559.npy,WAL_EMB,0,none,dry_negative,WAL_EMB_2019-06-30
S001561,S1A_IW_GRDH_1SSV_20150604T002444_20150604T002509_006216_0081D0_rtc,2015-06-04,data\images\S001561.npy,KAL_BAL,0,none,dry_negative,KAL_BAL_2015-06-04
S001560,S1A_IW_GRDH_1SDV_20220203T124916_20220203T124945_041749_04F7CE_rtc,2022-02-03,data\images\S001560.npy,WAL_AMB,0,none,dry_negative,WAL_AMB_2022-01-30
S001562,S1A_IW_GRDH_1SDV_20240205T002551_20240205T002616_052416_0656C2_rtc,2024-02-05,data\images\S001562.npy,COL_KOT,0,none,dry_negative,COL_KOT_2024-02-03
S001564,S1A_IW_GRDH_1SDV_20220323T124945_20220323T125010_042449_050FE1_rtc,2022-03-23,data\images\S001564.npy,MAH_MHY,0,none,dry_negative,MAH_MHY_2022-03-29
S001563,S1A_IW_GRDH_1SSV_20150827T124852_20150827T124921_007449_00A434_rtc,2015-08-27,data\images\S001563.npy,BAT_BAT,0,none,dry_negative,BAT_BAT_2015-09-05
S001565,S1A_IW_GRDH_1SDV_20180320T002450_20180320T002515_021091_0243BC_rtc,2018-03-20,data\images\S001565.npy,MHO_GIR,0,none,dry_negative,MHO_GIR_2018-03-25
S001566,S1A_IW_GRDH_1SSV_20160902T002452_20160902T002517_012866_014514_rtc,2016-09-02,data\images\S001566.npy,KAL_RAT,0,none,dry_negative,KAL_RAT_2016-09-04
S001568,S1A_IW_GRDH_1SDV_20230610T124925_20230610T124954_048924_05E227_rtc,2023-06-10,data\images\S001568.npy,NIL_AKU,0,none,dry_negative,NIL_AKU_2023-06-08
S001569,S1A_IW_GRDH_1SSV_20160106T002507_20160106T002521_009366_00D8D6_rtc,2016-01-06,data\images\S001569.npy,GIN_GAL,0,none,dry_negative,GIN_GAL_2016-01-06
S001570,S1A_IW_GRDH_1SDV_20200613T002532_20200613T002558_032991_03D24A_rtc,2020-06-13,data\images\S001570.npy,GIN_NEL,0,none,dry_negative,GIN_NEL_2020-06-13
S001571,S1A_IW_GRDH_1SDV_20220721T002521_20220721T002546_044191_05464E_rtc,2022-07-21,data\images\S001571.npy,KEL_AVI,0,none,dry_negative,KEL_AVI_2022-07-18
S001567,S1A_IW_GRDH_1SDV_20200613T124938_20200613T125003_032999_03D285_rtc,2020-06-13,data\images\S001567.npy,BAT_VAL,0,none,dry_negative,BAT_VAL_2020-06-16
S001572,S1A_IW_GRDH_1SSV_20160411T002442_20160411T002507_010766_01014C_rtc,2016-04-11,data\images\S001572.npy,ATT_NIT,0,none,dry_negative,ATT_NIT_2016-04-21
S001574,S1A_IW_GRDH_1SDV_20160318T002441_20160318T002506_010416_00F713_rtc,2016-03-18,data\images\S001574.npy,ATT_NIT,0,none,dry_negative,ATT_NIT_2016-03-21
S001573,S1A_IW_GRDH_1SDV_20170124T002509_20170124T002535_014966_0186EC_rtc,2017-01-24,data\images\S001573.npy,GIN_NEL,0,none,dry_negative,GIN_NEL_2017-01-19
S001576,S1A_IW_GRDH_1SDV_20220203T124916_20220203T124945_041749_04F7CE_rtc,2022-02-03,data\images\S001576.npy,KEL_RUW,0,none,dry_negative,KEL_RUW_2022-02-08
S001575,S1A_IW_GRDH_1SDV_20201023T002538_20201023T002603_034916_041246_rtc,2020-10-23,data\images\S001575.npy,KAL_BUL,0,none,dry_negative,KAL_BUL_2020-10-27
S001577,S1A_IW_GRDH_1SDV_20230902T002529_20230902T002554_050141_0608DD_rtc,2023-09-02,data\images\S001577.npy,DED_CHI,0,none,dry_negative,DED_CHI_2023-08-24
S001578,S1A_IW_GRDH_1SDV_20180425T124928_20180425T124953_021624_025468_rtc,2018-04-25,data\images\S001578.npy,BAT_VAL,0,none,dry_negative,BAT_VAL_2018-04-28
S001579,S1A_IW_GRDH_1SDV_20170804T002516_20170804T002542_017766_01DC3B_rtc,2017-08-04,data\images\S001579.npy,GIN_GAL,0,none,dry_negative,GIN_GAL_2017-08-05
S001580,S1A_IW_GRDH_1SDV_20230821T124958_20230821T125023_049974_060320_rtc,2023-08-21,data\images\S001580.npy,YAN_HOR,0,none,dry_negative,YAN_HOR_2023-08-20
S001582,S1A_IW_GRDH_1SDV_20190327T124933_20190327T124958_026524_02F8CD_rtc,2019-03-27,data\images\S001582.npy,MAL_ANU,0,none,dry_negative,MAL_ANU_2019-03-30
S001583,S1A_IW_GRDH_1SDV_20230728T124957_20230728T125022_049624_05F79D_rtc,2023-07-28,data\images\S001583.npy,MAH_KAN,0,none,dry_negative,MAH_KAN_2023-08-02
S001584,S1A_IW_GRDH_1SSV_20160902T002452_20160902T002517_012866_014514_rtc,2016-09-02,data\images\S001584.npy,KEL_COL,0,none,dry_negative,KEL_COL_2016-09-11
S001585,S1A_IW_GRDH_1SDV_20200707T002508_20200707T002533_033341_03DCEB_rtc,2020-07-07,data\images\S001585.npy,MAH_POL,0,none,dry_negative,MAH_POL_2020-07-05
S001586,S1A_IW_GRDH_1SDV_20170313T002444_20170313T002509_015666_019C63_rtc,2017-03-13,data\images\S001586.npy,ATT_NIT,0,none,dry_negative,ATT_NIT_2017-03-09
S001581,S1A_IW_GRDH_1SDV_20180320T124857_20180320T124926_021099_0243F9_rtc,2018-03-20,data\images\S001581.npy,KIR_TIS,0,none,dry_negative,KIR_TIS_2018-03-23
S001590,S1A_IW_GRDH_1SDV_20180401T124858_20180401T124927_021274_024981_rtc,2018-04-01,data\images\S001590.npy,MAH_MHY,0,none,dry_negative,MAH_MHY_2018-04-04
S001589,S1B_IW_GRDH_1SDV_20201209T125701_20201209T125726_024626_02EDAA_rtc,2020-12-09,data\images\S001589.npy,KEL_COL,0,none,dry_negative,KEL_COL_2020-12-06
S001588,S1A_IW_GRDH_1SDV_20190713T124933_20190713T124958_028099_032C69_rtc,2019-07-13,data\images\S001588.npy,MAH_MAN,0,none,dry_negative,MAH_MAN_2019-07-17
S001593,S1A_IW_GRDH_1SDV_20170406T124920_20170406T124945_016024_01A6FF_rtc,2017-04-06,data\images\S001593.npy,DED_WAR,0,none,dry_negative,DED_WAR_2017-04-10
S001594,S1A_IW_GRDH_1SDV_20200613T002532_20200613T002558_032991_03D24A_rtc,2020-06-13,data\images\S001594.npy,KEL_KAD,0,none,dry_negative,KEL_KAD_2020-06-13
S001596,S1A_IW_GRDH_1SSV_20150722T002446_20150722T002511_006916_0095A4_rtc,2015-07-22,data\images\S001596.npy,MAH_KAN,0,none,dry_negative,MAH_KAN_2015-07-31
S001595,S1A_IW_GRDH_1SDV_20210819T124918_20210819T124947_039299_04A407_rtc,2021-08-19,data\images\S001595.npy,KEL_UP,0,none,dry_negative,KEL_UP_2021-08-24
S001597,S1A_IW_GRDH_1SDV_20160318T002506_20160318T002521_010416_00F713_rtc,2016-03-18,data\images\S001597.npy,NIL_MAT,0,none,dry_negative,NIL_MAT_2016-03-09
S001591,S1A_IW_GRDH_1SDV_20190415T001654_20190415T001724_026793_0302C0_rtc,2019-04-15,data\images\S001591.npy,GAL_ING,0,none,dry_negative,GAL_ING_2019-04-15
S001599,S1A_IW_GRDH_1SSV_20150628T002446_20150628T002511_006566_008BD8_rtc,2015-06-28,data\images\S001599.npy,GIN_NEL,0,none,dry_negative,GIN_NEL_2015-06-23
S001598,S1A_IW_GRDH_1SDV_20220404T002515_20220404T002540_042616_05158E_rtc,2022-04-04,data\images\S001598.npy,MAH_KAN,0,none,dry_negative,MAH_KAN_2022-04-02
S001600,S1A_IW_GRDH_1SSV_20161219T124853_20161219T124922_014449_0176F5_rtc,2016-12-19,data\images\S001600.npy,WAL_UDA,0,none,dry_negative,WAL_UDA_2016-12-21
S001601,S1A_IW_GRDH_1SDV_20170418T124852_20170418T124921_016199_01AC5E_rtc,2017-04-18,data\images\S001601.npy,NIL_PIT,0,none,dry_negative,NIL_PIT_2017-04-25
S001602,S1A_IW_GRDH_1SDV_20230821T124929_20230821T124958_049974_060320_rtc,2023-08-21,data\images\S001602.npy,KAL_RAT,0,none,dry_negative,KAL_RAT_2023-08-22
S001604,S1A_IW_GRDH_1SSV_20150616T124849_20150616T124918_006399_008719_rtc,2015-06-16,data\images\S001604.npy,BAT_BAT,0,none,dry_negative,BAT_BAT_2015-06-20
S001603,S1A_IW_GRDH_1SDV_20171003T002518_20171003T002544_018641_01F6F3_rtc,2017-10-03,data\images\S001603.npy,WAL_EMB,0,none,dry_negative,WAL_EMB_2017-10-03
S001605,S1A_IW_GRDH_1SDV_20190114T124905_20190114T124934_025474_02D2C6_rtc,2019-01-14,data\images\S001605.npy,MAH_NUW,0,none,dry_negative,MAH_NUW_2019-01-13
S001606,S1A_IW_GRDH_1SSV_20150216T002440_20150216T002505_004641_005B9D_rtc,2015-02-16,data\images\S001606.npy,COL_KOT,0,none,dry_negative,COL_KOT_2015-02-09
S001607,S1A_IW_GRDH_1SDV_20171015T002425_20171015T002454_018816_01FC47_rtc,2017-10-15,data\images\S001607.npy,MAL_MAN,0,none,dry_negative,MAL_MAN_2017-10-13
S001610,S1A_IW_GRDH_1SDV_20211217T002542_20211217T002608_041041_04E021_rtc,2021-12-17,data\images\S001610.npy,KEL_KAD,0,none,dry_negative,KEL_KAD_2021-12-23
S001608,S1A_IW_GRDH_1SDV_20200309T002528_20200309T002554_031591_03A3DF_rtc,2020-03-09,data\images\S001608.npy,KAL_AGA,0,none,dry_negative,KAL_AGA_2020-03-04
S001609,S1A_IW_GRDH_1SDV_20180224T002450_20180224T002515_020741_0238AC_rtc,2018-02-24,data\images\S001609.npy,MHO_GIR,0,none,dry_negative,MHO_GIR_2018-02-19
S001613,S1A_IW_GRDH_1SDV_20240710T002550_20240710T002615_054691_06A88C_rtc,2024-07-10,data\images\S001613.npy,GIN_THA,0,none,dry_negative,GIN_THA_2024-07-13
S001611,S1A_IW_GRDH_1SDV_20190514T002459_20190514T002522_027216_03117F_rtc,2019-05-14,data\images\S001611.npy,DED_WAR,0,none,dry_negative,DED_WAR_2019-05-13
S001612,S1A_IW_GRDH_1SDV_20170325T002444_20170325T002509_015841_01A195_rtc,2017-03-25,data\images\S001612.npy,DED_KUR,0,none,dry_negative,DED_KUR_2017-03-22
S001614,S1A_IW_GRDH_1SDV_20210819T002517_20210819T002542_039291_04A3C7_rtc,2021-08-19,data\images\S001614.npy,KEL_KIT,0,none,dry_negative,KEL_KIT_2021-08-15
S001617,S1A_IW_GRDH_1SDV_20200625T002508_20200625T002533_033166_03D79D_rtc,2020-06-25,data\images\S001617.npy,MHO_MOU,0,none,dry_negative,MHO_MOU_2020-06-24
S001615,S1A_IW_GRDH_1SDV_20230423T002521_20230423T002546_048216_05CC2F_rtc,2023-04-23,data\images\S001615.npy,MAH_VIC,0,none,dry_negative,MAH_VIC_2023-04-21
S001618,S1A_IW_GRDH_1SSV_20150324T002441_20150324T002506_005166_00683C_rtc,2015-03-24,data\images\S001618.npy,DED_WAR,0,none,dry_negative,DED_WAR_2015-03-26
S001616,S1A_IW_GRDH_1SDV_20170723T002515_20170723T002541_017591_01D6DC_rtc,2017-07-23,data\images\S001616.npy,COL_KOT,0,none,dry_negative,COL_KOT_2017-07-22
S001620,S1A_IW_GRDH_1SDV_20210819T002542_20210819T002607_039291_04A3C7_rtc,2021-08-19,data\images\S001620.npy,KEL_COL,0,none,dry_negative,KEL_COL_2021-08-20
S001619,S1A_IW_GRDH_1SDV_20210702T002514_20210702T002539_038591_048DC0_rtc,2021-07-02,data\images\S001619.npy,MAH_VIC,0,none,dry_negative,MAH_VIC_2021-07-01
S001624,S1A_IW_GRDH_1SSV_20150216T002440_20150216T002505_004641_005B9D_rtc,2015-02-16,data\images\S001624.npy,ATT_JAE,0,none,dry_negative,ATT_JAE_2015-02-22
S001621,S1A_IW_GRDH_1SDV_20170816T124859_20170816T124928_017949_01E1C2_rtc,2017-08-16,data\images\S001621.npy,NIL_URA,0,none,dry_negative,NIL_URA_2017-08-19
S001625,S1A_IW_GRDH_1SDV_20230902T002554_20230902T002619_050141_0608DD_rtc,2023-09-02,data\images\S001625.npy,GIN_GAL,0,none,dry_negative,GIN_GAL_2023-08-25
S001626,S1A_IW_GRDH_1SDV_20211018T002544_20211018T002609_040166_04C1DC_rtc,2021-10-18,data\images\S001626.npy,COL_KOL,0,none,dry_negative,COL_KOL_2021-10-18
S001628,S1A_IW_GRDH_1SDV_20190607T002500_20190607T002525_027566_031C5D_rtc,2019-06-07,data\images\S001628.npy,MAL_ANU,0,none,dry_negative,MAL_ANU_2019-06-05
S001629,S1A_IW_GRDH_1SDV_20191005T002507_20191005T002532_029316_0354F4_rtc,2019-10-05,data\images\S001629.npy,KLA_ELA,0,none,dry_negative,KLA_ELA_2019-09-30
S001630,S1A_IW_GRDH_1SDV_20190420T124905_20190420T124934_026874_030594_rtc,2019-04-20,data\images\S001630.npy,KEL_KIT,0,none,dry_negative,KEL_KIT_2019-04-22
S001627,S1A_IW_GRDH_1SDV_20160926T002448_20160926T002513_013216_01507C_rtc,2016-09-26,data\images\S001627.npy,MAH_NUW,0,none,dry_negative,MAH_NUW_2016-09-27
S001631,S1A_IW_GRDH_1SDV_20200214T002528_20200214T002554_031241_0397C8_rtc,2020-02-14,data\images\S001631.npy,COL_KOT,0,none,dry_negative,COL_KOT_2020-02-11
S001634,S1A_IW_GRDH_1SDV_20200508T002530_20200508T002555_032466_03C282_rtc,2020-05-08,data\images\S001634.npy,NIL_PIT,0,none,dry_negative,NIL_PIT_2020-05-04
S001632,S1A_IW_GRDH_1SDV_20170512T002511_20170512T002537_016541_01B6BF_rtc,2017-05-12,data\images\S001632.npy,KEL_COL,0,none,dry_negative,KEL_COL_2017-05-13
S001633,S1A_IW_GRDH_1SDV_20190521T001656_20190521T001726_027318_0314BF_rtc,2019-05-21,data\images\S001633.npy,GAL_ING,0,none,dry_negative,GAL_ING_2019-05-23
S001638,S1A_IW_GRDH_1SSV_20161008T124855_20161008T124923_013399_01562A_rtc,2016-10-08,data\images\S001638.npy,KEL_UP,0,none,dry_negative,KEL_UP_2016-10-15
S001636,S1A_IW_GRDH_1SDV_20201011T002538_20201011T002604_034741_040C34_rtc,2020-10-11,data\images\S001636.npy,KAL_AGA,0,none,dry_negative,KAL_AGA_2020-10-10
S001640,S1A_IW_GRDH_1SSV_20160704T124851_20160704T124920_011999_01284A_rtc,2016-07-04,data\images\S001640.npy,KEL_KIT,0,none,dry_negative,KEL_KIT_2016-07-09
S001635,S1A_IW_GRDH_1SDV_20240312T002550_20240312T002616_052941_066892_rtc,2024-03-12,data\images\S001635.npy,GIN_BAD,0,none,dry_negative,GIN_BAD_2024-03-13
S001641,S1A_IW_GRDH_1SDV_20180916T124906_20180916T124936_023724_029628_rtc,2018-09-16,data\images\S001641.npy,MAH_MHY,0,none,dry_negative,MAH_MHY_2018-09-22
S001639,S1A_IW_GRDH_1SDV_20200707T002439_20200707T002508_033341_03DCEB_rtc,2020-07-07,data\images\S001639.npy,MAL_MAN,0,none,dry_negative,MAL_MAN_2020-07-06
S001642,S1A_IW_GRDH_1SDV_20210702T002539_20210702T002605_038591_048DC0_rtc,2021-07-02,data\images\S001642.npy,WAL_EMB,0,none,dry_negative,WAL_EMB_2021-06-30
S001643,S1A_IW_GRDH_1SSV_20150722T002446_20150722T002511_006916_0095A4_rtc,2015-07-22,data\images\S001643.npy,MAH_KAN,0,none,dry_negative,MAH_KAN_2015-07-28
S001645,S1A_IW_GRDH_1SDV_20200202T124934_20200202T124959_031074_0391FE_rtc,2020-02-02,data\images\S001645.npy,MAH_MHY,0,none,dry_negative,MAH_MHY_2020-02-06
S001646,S1A_IW_GRDH_1SDV_20170804T124927_20170804T124952_017774_01DC75_rtc,2017-08-04,data\images\S001646.npy,MAL_MAN,0,none,dry_negative,MAL_MAN_2017-08-07
S001644,S1A_IW_GRDH_1SSV_20160716T002515_20160716T002529_012166_012DD0_rtc,2016-07-16,data\images\S001644.npy,WAL_UDA,0,none,dry_negative,WAL_UDA_2016-07-17
S001647,S1A_IW_GRDH_1SDV_20190607T002500_20190607T002525_027566_031C5D_rtc,2019-06-07,data\images\S001647.npy,KEL_AVI,0,none,dry_negative,KEL_AVI_2019-06-03
S001649,S1A_IW_GRDH_1SDV_20170816T002517_20170816T002542_017941_01E18C_rtc,2017-08-16,data\images\S001649.npy,KAL_BUL,0,none,dry_negative,KAL_BUL_2017-08-12
S001650,S1A_IW_GRDH_1SDV_20200625T124909_20200625T124938_033174_03D7D3_rtc,2020-06-25,data\images\S001650.npy,KAL_BAL,0,none,dry_negative,KAL_BAL_2020-07-01
S001648,S1A_IW_GRDH_1SDV_20180413T002451_20180413T002516_021441_024EBA_rtc,2018-04-13,data\images\S001648.npy,MAH_MAN,0,none,dry_negative,MAH_MAN_2018-04-09
S001653,S1A_IW_GRDH_1SDV_20220709T124922_20220709T124951_044024_054145_rtc,2022-07-09,data\images\S001653.npy,KEL_KIT,0,none,dry_negative,KEL_KIT_2022-07-15
S001651,S1A_IW_GRDH_1SDV_20171226T002517_20171226T002542_019866_021CD8_rtc,2017-12-26,data\images\S001651.npy,KAL_AGA,0,none,dry_negative,KAL_AGA_2017-12-27
S001655,S1A_IW_GRDH_1SDV_20221013T002549_20221013T002615_045416_056E54_rtc,2022-10-13,data\images\S001655.npy,KAL_BUL,0,none,dry_negative,KAL_BUL_2022-10-10
S001654,S1A_IW_GRDH_1SDV_20220716T001715_20220716T001751_044118_05441F_rtc,2022-07-16,data\images\S001654.npy,KIR_TIS,0,none,dry_negative,KIR_TIS_2022-07-15
S001656,S1A_IW_GRDH_1SDV_20170816T002517_20170816T002542_017941_01E18C_rtc,2017-08-16,data\images\S001656.npy,GIN_BAD,0,none,dry_negative,GIN_BAD_2017-08-19
S001657,S1A_IW_GRDH_1SDV_20170406T002445_20170406T002510_016016_01A6C7_rtc,2017-04-06,data\images\S001657.npy,MHO_GIR,0,none,dry_negative,MHO_GIR_2017-04-02
S001660,S1A_IW_GRDH_1SDV_20210912T002543_20210912T002608_039641_04AFCB_rtc,2021-09-12,data\images\S001660.npy,KAL_BUL,0,none,dry_negative,KAL_BUL_2021-09-10
S001658,S1A_IW_GRDH_1SDV_20190514T124906_20190514T124935_027224_0311BE_rtc,2019-05-14,data\images\S001658.npy,BAT_BAT,0,none,dry_negative,BAT_BAT_2019-05-16
S001661,S1A_IW_GRDH_1SSV_20160423T124847_20160423T124916_010949_0106D5_rtc,2016-04-23,data\images\S001661.npy,KAL_RAT,0,none,dry_negative,KAL_RAT_2016-04-19
S001662,S1A_IW_GRDH_1SSV_20150604T002444_20150604T002509_006216_0081D0_rtc,2015-06-04,data\images\S001662.npy,KEL_AVI,0,none,dry_negative,KEL_AVI_2015-06-13
S001663,S1A_IW_GRDH_1SDV_20190219T002457_20190219T002520_025991_02E567_rtc,2019-02-19,data\images\S001663.npy,MHO_MOU,0,none,dry_negative,MHO_MOU_2019-02-15
S001665,S1A_IW_GRDH_1SDV_20200414T002529_20200414T002554_032116_03B654_rtc,2020-04-14,data\images\S001665.npy,KEL_COL,0,none,dry_negative,KEL_COL_2020-04-18
S001666,S1A_IW_GRDH_1SDV_20171003T124929_20171003T124954_018649_01F72A_rtc,2017-10-03,data\images\S001666.npy,MAH_MAN,0,none,dry_negative,MAH_MAN_2017-10-09
S001664,S1A_IW_GRDH_1SDV_20200402T002504_20200402T002529_031941_03B02C_rtc,2020-04-02,data\images\S001664.npy,ATT_GAM,0,none,dry_negative,ATT_GAM_2020-04-03
S001668,S1A_IW_GRDH_1SDV_20200109T002504_20200109T002529_030716_038578_rtc,2020-01-09,data\images\S001668.npy,MHO_MOU,0,none,dry_negative,MHO_MOU_2020-01-11
S001667,S1A_IW_GRDH_1SDV_20220311T002540_20220311T002605_042266_0509A4_rtc,2022-03-11,data\images\S001667.npy,COL_KOT,0,none,dry_negative,COL_KOT_2022-03-11
S001669,S1A_IW_GRDH_1SDV_20190502T124905_20190502T124934_027049_030BF4_rtc,2019-05-02,data\images\S001669.npy,NIL_AKU,0,none,dry_negative,NIL_AKU_2019-05-03
S001672,S1A_IW_GRDH_1SDV_20200917T002512_20200917T002537_034391_03FFE3_rtc,2020-09-17,data\images\S001672.npy,KEL_RUW,0,none,dry_negative,KEL_RUW_2020-09-12
S001673,S1A_IW_GRDH_1SDV_20210316T124939_20210316T125004_037024_045B73_rtc,2021-03-16,data\images\S001673.npy,MAH_PER,0,none,dry_negative,MAH_PER_2021-03-21
S001674,S1A_IW_GRDH_1SDV_20220428T002516_20220428T002541_042966_052130_rtc,2022-04-28,data\images\S001674.npy,MAH_VIC,0,none,dry_negative,MAH_VIC_2022-04-28
S001676,S1A_IW_GRDH_1SDV_20190607T124936_20190607T125001_027574_031C9B_rtc,2019-06-07,data\images\S001676.npy,DED_WAR,0,none,dry_negative,DED_WAR_2019-06-11
S001677,S1A_IW_GRDH_1SDV_20170313T002509_20170313T002534_015666_019C63_rtc,2017-03-13,data\images\S001677.npy,KAL_AGA,0,none,dry_negative,KAL_AGA_2017-03-16
S001678,S1A_IW_GRDH_1SDV_20170828T002452_20170828T002517_018116_01E6D6_rtc,2017-08-28,data\images\S001678.npy,KLA_ELA,0,none,dry_negative,KLA_ELA_2017-08-27
S001671,S1A_IW_GRDH_1SDV_20200309T002528_20200309T002554_031591_03A3DF_rtc,2020-03-09,data\images\S001671.npy,KEL_COL,0,none,dry_negative,KEL_COL_2020-03-04
S001680,S1A_IW_GRDH_1SSV_20160610T124849_20160610T124918_011649_011D30_rtc,2016-06-10,data\images\S001680.npy,BAT_ERA,0,none,dry_negative,BAT_ERA_2016-06-16
S001679,S1A_IW_GRDH_1SDV_20150228T002505_20150228T002520_004816_005FDB_rtc,2015-02-28,data\images\S001679.npy,GIN_NEL,0,none,dry_negative,GIN_NEL_2015-03-11
S001681,S1A_IW_GRDH_1SDV_20210304T124939_20210304T125004_036849_04554F_rtc,2021-03-04,data\images\S001681.npy,MAH_KAN,0,none,dry_negative,MAH_KAN_2021-03-05
S001682,S1A_IW_GRDH_1SSV_20150722T002511_20150722T002526_006916_0095A4_rtc,2015-07-22,data\images\S001682.npy,WAL_AMB,0,none,dry_negative,WAL_AMB_2015-07-11
S001683,S1A_IW_GRDH_1SDV_20210409T002510_20210409T002535_037366_046740_rtc,2021-04-09,data\images\S001683.npy,MAH_POL,0,none,dry_negative,MAH_POL_2021-04-04
S001685,S1A_IW_GRDH_1SDV_20230728T124928_20230728T124957_049624_05F79D_rtc,2023-07-28,data\images\S001685.npy,WAL_UDA,0,none,dry_negative,WAL_UDA_2023-07-31
S001684,S1A_IW_GRDH_1SDV_20220416T002540_20220416T002606_042791_051B74_rtc,2022-04-16,data\images\S001684.npy,KAL_BUL,0,none,dry_negative,KAL_BUL_2022-04-11
S001686,S1A_IW_GRDH_1SDV_20190315T124904_20190315T124933_026349_02F263_rtc,2019-03-15,data\images\S001686.npy,MAH_PER,0,none,dry_negative,MAH_PER_2019-03-19
S001687,S1A_IW_GRDH_1SDV_20211229T002541_20211229T002607_041216_04E5F0_rtc,2021-12-29,data\images\S001687.npy,GIN_GAL,0,none,dry_negative,GIN_GAL_2022-01-04
S001688,S1A_IW_GRDH_1SSV_20151014T124854_20151014T124922_008149_00B70A_rtc,2015-10-14,data\images\S001688.npy,KAL_RAT,0,none,dry_negative,KAL_RAT_2015-10-03
S001689,S1A_IW_GRDH_1SDV_20230129T002521_20230129T002546_046991_05A2EB_rtc,2023-01-29,data\images\S001689.npy,KEL_AVI,0,none,dry_negative,KEL_AVI_2023-01-27
S001692,S1A_IW_GRDH_1SDV_20240205T002526_20240205T002551_052416_0656C2_rtc,2024-02-05,data\images\S001692.npy,ATT_NIT,0,none,dry_negative,ATT_NIT_2024-02-04
S001691,S1A_IW_GRDH_1SDV_20200807T001704_20200807T001740_033793_03EAEA_rtc,2020-08-07,data\images\S001691.npy,GAL_ING,0,none,dry_negative,GAL_ING_2020-08-05
S001693,S1A_IW_GRDH_1SDV_20230809T002527_20230809T002552_049791_05FCDC_rtc,2023-08-09,data\images\S001693.npy,DED_CHI,0,none,dry_negative,DED_CHI_2023-08-10
S001690,S1A_IW_GRDH_1SDV_20180725T001654_20180725T001724_022943_027D54_rtc,2018-07-25,data\images\S001690.npy,BAT_ERA,0,none,dry_negative,BAT_ERA_2018-07-26
S001694,S1A_IW_GRDH_1SDV_20170512T002511_20170512T002537_016541_01B6BF_rtc,2017-05-12,data\images\S001694.npy,NIL_MAT,0,none,dry_negative,NIL_MAT_2017-05-02
S001697,S1A_IW_GRDH_1SDV_20180224T002450_20180224T002515_020741_0238AC_rtc,2018-02-24,data\images\S001697.npy,DED_CHI,0,none,dry_negative,DED_CHI_2018-03-03
S001698,S1A_IW_GRDH_1SDV_20190818T002505_20190818T002530_028616_033CBC_rtc,2019-08-18,data\images\S001698.npy,MAH_VIC,0,none,dry_negative,MAH_VIC_2019-08-15
S001696,S1A_IW_GRDH_1SDV_20220404T002540_20220404T002606_042616_05158E_rtc,2022-04-04,data\images\S001696.npy,NIL_AKU,0,none,dry_negative,NIL_AKU_2022-03-31
S001699,S1A_IW_GRDH_1SDV_20200202T002529_20200202T002554_031066_0391B6_rtc,2020-02-02,data\images\S001699.npy,GIN_NEL,0,none,dry_negative,GIN_NEL_2020-01-30
S001695,S1B_IW_GRDH_1SDV_20170530T002405_20170530T002430_005820_00A340_rtc,2017-05-30,data\images\S001695.npy,MAH_MAN,0,none,dry_negative,MAH_MAN_2017-05-29
S001701,S1A_IW_GRDH_1SDV_20170418T124921_20170418T124946_016199_01AC5E_rtc,2017-04-18,data\images\S001701.npy,YAN_HOR,0,none,dry_negative,YAN_HOR_2017-04-24
S001700,S1A_IW_GRDH_1SDV_20230117T002521_20230117T002546_046816_059D04_rtc,2023-01-17,data\images\S001700.npy,MAH_NUW,0,none,dry_negative,MAH_NUW_2023-01-13
S001703,S1A_IW_GRDH_1SSV_20160106T002442_20160106T002507_009366_00D8D6_rtc,2016-01-06,data\images\S001703.npy,MHO_GIR,0,none,dry_negative,MHO_GIR_2016-01-14
S001702,S1A_IW_GRDH_1SDV_20161207T002512_20161207T002537_014266_017141_rtc,2016-12-07,data\images\S001702.npy,NIL_URA,0,none,dry_negative,NIL_URA_2016-12-08
S001705,S1A_IW_GRDH_1SDV_20240920T002550_20240920T002616_055741_06CF0C_rtc,2024-09-20,data\images\S001705.npy,KAL_RAT,0,none,dry_negative,KAL_RAT_2024-09-15
S001706,S1A_IW_GRDH_1SSV_20160411T002442_20160411T002507_010766_01014C_rtc,2016-04-11,data\images\S001706.npy,DED_KUR,0,none,dry_negative,DED_KUR_2016-04-17
S001707,S1A_IW_GRDH_1SDV_20190207T002457_20190207T002520_025816_02DF27_rtc,2019-02-07,data\images\S001707.npy,MAH_KAN,0,none,dry_negative,MAH_KAN_2019-02-04
S001704,S1A_IW_GRDH_1SDV_20211217T002517_20211217T002542_041041_04E021_rtc,2021-12-17,data\images\S001704.npy,ATT_GAM,0,none,dry_negative,ATT_GAM_2021-12-22
S001708,S1A_IW_GRDH_1SDV_20240324T002551_20240324T002616_053116_066F1C_rtc,2024-03-24,data\images\S001708.npy,KAL_AGA,0,none,dry_negative,KAL_AGA_2024-03-29
S001709,S1A_IW_GRDH_1SDV_20190102T124905_20190102T124934_025299_02CC7C_rtc,2019-01-02,data\images\S001709.npy,MAH_NUW,0,none,dry_negative,MAH_NUW_2019-01-02
S001710,S1A_IW_GRDH_1SDV_20221212T002548_20221212T002614_046291_058B37_rtc,2022-12-12,data\images\S001710.npy,COL_KOL,0,none,dry_negative,COL_KOL_2022-12-17
S001714,S1A_IW_GRDH_1SDV_20200226T002528_20200226T002553_031416_039DD0_rtc,2020-02-26,data\images\S001714.npy,COL_KOL,0,none,dry_negative,COL_KOL_2020-02-22
S001713,S1A_IW_GRDH_1SSV_20160716T002450_20160716T002515_012166_012DD0_rtc,2016-07-16,data\images\S001713.npy,KAL_BUL,0,none,dry_negative,KAL_BUL_2016-07-10
S001712,S1A_IW_GRDH_1SDV_20210620T002513_20210620T002538_038416_048885_rtc,2021-06-20,data\images\S001712.npy,MAH_POL,0,none,dry_negative,MAH_POL_2021-06-20
S001715,S1A_IW_GRDH_1SDV_20230809T124957_20230809T125022_049799_05FD25_rtc,2023-08-09,data\images\S001715.npy,BAT_VAL,0,none,dry_negative,BAT_VAL_2023-08-10
S001717,S1A_IW_GRDH_1SDV_20180131T002451_20180131T002516_020391_022D7D_rtc,2018-01-31,data\images\S001717.npy,MAH_MHY,0,none,dry_negative,MAH_MHY_2018-01-30
S001716,S1A_IW_GRDH_1SDV_20180107T124858_20180107T124927_020049_022296_rtc,2018-01-07,data\images\S001716.npy,MAH_VIC,0,none,dry_negative,MAH_VIC_2018-01-12
S001718,S1A_IW_GRDH_1SDV_20240319T001720_20240319T001755_053043_066C53_rtc,2024-03-19,data\images\S001718.npy,BAT_BAT,0,none,dry_negative,BAT_BAT_2024-03-17
S001720,S1A_IW_GRDH_1SSV_20160809T002451_20160809T002516_012516_01395D_rtc,2016-08-09,data\images\S001720.npy,MAH_NUW,0,none,dry_negative,MAH_NUW_2016-08-15
S001721,S1A_IW_GRDH_1SDV_20190830T002505_20190830T002530_028791_0342DF_rtc,2019-08-30,data\images\S001721.npy,KLA_ELA,0,none,dry_negative,KLA_ELA_2019-09-05
S001719,S1A_IW_GRDH_1SSV_20150815T002513_20150815T002527_007266_009F4A_rtc,2015-08-15,data\images\S001719.npy,WAL_AMB,0,none,dry_negative,WAL_AMB_2015-08-13
S001722,S1A_IW_GRDH_1SDV_20200414T002529_20200414T002554_032116_03B654_rtc,2020-04-14,data\images\S001722.npy,KAL_KLT,0,none,dry_negative,KAL_KLT_2020-04-19
S001725,S1A_IW_GRDH_1SDV_20180519T002453_20180519T002518_021966_025F4C_rtc,2018-05-19,data\images\S001725.npy,KLA_ELA,0,none,dry_negative,KLA_ELA_2018-05-21
S001723,S1A_IW_GRDH_1SDV_20160318T002441_20160318T002506_010416_00F713_rtc,2016-03-18,data\images\S001723.npy,KEL_UP,0,none,dry_negative,KEL_UP_2016-03-24
S001724,S1A_IW_GRDH_1SDV_20171003T002518_20171003T002544_018641_01F6F3_rtc,2017-10-03,data\images\S001724.npy,KAL_KLT,0,none,dry_negative,KAL_KLT_2017-10-07
S001727,S1A_IW_GRDH_1SDV_20200309T002528_20200309T002554_031591_03A3DF_rtc,2020-03-09,data\images\S001727.npy,NIL_AKU,0,none,dry_negative,NIL_AKU_2020-03-09
S001726,S1A_IW_GRDH_1SSV_20160330T124846_20160330T124915_010599_00FC4E_rtc,2016-03-30,data\images\S001726.npy,NIL_URA,0,none,dry_negative,NIL_URA_2016-03-26
S001729,S1A_IW_GRDH_1SDV_20200202T124905_20200202T124934_031074_0391FE_rtc,2020-02-02,data\images\S001729.npy,KEL_UP,0,none,dry_negative,KEL_UP_2020-02-07
S001730,S1A_IW_GRDH_1SDV_20170325T002509_20170325T002535_015841_01A195_rtc,2017-03-25,data\images\S001730.npy,WAL_UDA,0,none,dry_negative,WAL_UDA_2017-03-24
S001732,S1A_IW_GRDH_1SDV_20230529T002523_20230529T002552_048741_05DCA3_rtc,2023-05-29,data\images\S001732.npy,MHO_GIR,0,none,dry_negative,MHO_GIR_2023-05-29
S001731,S1A_IW_GRDH_1SSV_20160704T124851_20160704T124920_011999_01284A_rtc,2016-07-04,data\images\S001731.npy,MAH_PER,0,none,dry_negative,MAH_PER_2016-07-10
S001733,S1A_IW_GRDH_1SSV_20160610T124918_20160610T124943_011649_011D30_rtc,2016-06-10,data\images\S001733.npy,YAN_HOR,0,none,dry_negative,YAN_HOR_2016-06-07
S001734,S1A_IW_GRDH_1SDV_20190911T002506_20190911T002531_028966_0348F6_rtc,2019-09-11,data\images\S001734.npy,KLA_ELA,0,none,dry_negative,KLA_ELA_2019-09-07
S001728,S1A_IW_GRDH_1SDV_20210702T124915_20210702T124945_038599_048DFA_rtc,2021-07-02,data\images\S001728.npy,GAL_ING,0,none,dry_negative,GAL_ING_2021-07-05
S001735,S1A_IW_GRDH_1SDV_20190607T002525_20190607T002545_027566_031C5D_rtc,2019-06-07,data\images\S001735.npy,KEL_HAN,0,none,dry_negative,KEL_HAN_2019-06-13
S001738,S1A_IW_GRDH_1SDV_20170605T124924_20170605T124949_016899_01C1D1_rtc,2017-06-05,data\images\S001738.npy,MAL_ANU,0,none,dry_negative,MAL_ANU_2017-06-10
S001740,S1A_IW_GRDH_1SDV_20230610T002524_20230610T002552_048916_05E1E9_rtc,2023-06-10,data\images\S001740.npy,KEL_KAD,0,none,dry_negative,KEL_KAD_2023-06-11
S001739,S1A_IW_GRDH_1SDV_20201023T002538_20201023T002603_034916_041246_rtc,2020-10-23,data\images\S001739.npy,KEL_KAD,0,none,dry_negative,KEL_KAD_2020-10-19
S001737,S1A_IW_GRDH_1SDV_20160926T002513_20160926T002538_013216_01507C_rtc,2016-09-26,data\images\S001737.npy,KAL_AGA,0,none,dry_negative,KAL_AGA_2016-09-22
S001741,S1A_IW_GRDH_1SDV_20240710T002456_20240710T002525_054691_06A88C_rtc,2024-07-10,data\images\S001741.npy,YAN_HOR,0,none,dry_negative,YAN_HOR_2024-07-02
S001743,S1A_IW_GRDH_1SDV_20240417T002527_20240417T002552_053466_067CB5_rtc,2024-04-17,data\images\S001743.npy,MHO_MOU,0,none,dry_negative,MHO_MOU_2024-04-18
S001744,S1A_IW_GRDH_1SDV_20180119T002516_20180119T002541_020216_0227ED_rtc,2018-01-19,data\images\S001744.npy,KEL_HAN,0,none,dry_negative,KEL_HAN_2018-01-18
S001745,S1A_IW_GRDH_1SDV_20170723T124926_20170723T124951_017599_01D714_rtc,2017-07-23,data\images\S001745.npy,BAT_VAL,0,none,dry_negative,BAT_VAL_2017-07-25
S001742,S1A_IW_GRDH_1SDV_20171015T002454_20171015T002519_018816_01FC47_rtc,2017-10-15,data\images\S001742.npy,KEL_KIT,0,none,dry_negative,KEL_KIT_2017-10-13
S001746,S1A_IW_GRDH_1SDV_20170418T124921_20170418T124946_016199_01AC5E_rtc,2017-04-18,data\images\S001746.npy,BAT_VAL,0,none,dry_negative,BAT_VAL_2017-04-21
S001747,S1A_IW_GRDH_1SDV_20170301T002509_20170301T002534_015491_01971C_rtc,2017-03-01,data\images\S001747.npy,GIN_GAL,0,none,dry_negative,GIN_GAL_2017-03-02
S001748,S1A_IW_GRDH_1SDV_20190818T124906_20190818T124935_028624_033D08_rtc,2019-08-18,data\images\S001748.npy,KAL_RAT,0,none,dry_negative,KAL_RAT_2019-08-24
S001750,S1A_IW_GRDH_1SSV_20161101T124854_20161101T124924_013749_01611B_rtc,2016-11-01,data\images\S001750.npy,KEL_UP,0,none,dry_negative,KEL_UP_2016-10-24
S001749,S1A_IW_GRDH_1SSV_20160411T002442_20160411T002507_010766_01014C_rtc,2016-04-11,data\images\S001749.npy,COL_KOL,0,none,dry_negative,COL_KOL_2016-04-08
S001751,S1A_IW_GRDH_1SDV_20210316T002534_20210316T002559_037016_045B2B_rtc,2021-03-16,data\images\S001751.npy,KAL_BUL,0,none,dry_negative,KAL_BUL_2021-03-18
S001752,S1A_IW_GRDH_1SDV_20240417T124928_20240417T124957_053474_067D03_rtc,2024-04-17,data\images\S001752.npy,KEL_UP,0,none,dry_negative,KEL_UP_2024-04-19
S001753,S1A_IW_GRDH_1SSV_20160902T002452_20160902T002517_012866_014514_rtc,2016-09-02,data\images\S001753.npy,MAH_KAN,0,none,dry_negative,MAH_KAN_2016-08-30
S001754,S1A_IW_GRDH_1SDV_20170804T002516_20170804T002542_017766_01DC3B_rtc,2017-08-04,data\images\S001754.npy,KAL_KLT,0,none,dry_negative,KAL_KLT_2017-07-30
S001756,S1A_IW_GRDH_1SDV_20230902T124930_20230902T124959_050149_060924_rtc,2023-09-02,data\images\S001756.npy,KEL_KIT,0,none,dry_negative,KEL_KIT_2023-09-07
S001755,S1A_IW_GRDH_1SDV_20240312T124956_20240312T125021_052949_0668DB_rtc,2024-03-12,data\images\S001755.npy,BAT_VAL,0,none,dry_negative,BAT_VAL_2024-03-14
S001759,S1B_IW_GRDH_1SDV_20191011T002359_20191011T002423_018420_022B2A_rtc,2019-10-11,data\images\S001759.npy,MAL_MAN,0,none,dry_negative,MAL_MAN_2019-10-10
S001757,S1A_IW_GRDH_1SDV_20220110T002516_20220110T002541_041391_04EBDD_rtc,2022-01-10,data\images\S001757.npy,ATT_GAM,0,none,dry_negative,ATT_GAM_2022-01-14
S001758,S1A_IW_GRDH_1SDV_20240217T002525_20240217T002550_052591_065CAC_rtc,2024-02-17,data\images\S001758.npy,MHO_GIR,0,none,dry_negative,MHO_GIR_2024-02-17
S001760,S1A_IW_GRDH_1SDV_20230306T002545_20230306T002611_047516_05B49E_rtc,2023-03-06,data\images\S001760.npy,COL_KOT,0,none,dry_negative,COL_KOT_2023-03-01
S001761,S1A_IW_GRDH_1SSV_20161101T124924_20161101T124949_013749_01611B_rtc,2016-11-01,data\images\S001761.npy,YAN_HOR,0,none,dry_negative,YAN_HOR_2016-10-21
S001762,S1A_IW_GRDH_1SDV_20200520T124936_20200520T125001_032649_03C80F_rtc,2020-05-20,data\images\S001762.npy,MAL_ANU,0,none,dry_negative,MAL_ANU_2020-05-22
S001763,S1A_IW_GRDH_1SDV_20210802T001710_20210802T001745_039043_049B58_rtc,2021-08-02,data\images\S001763.npy,BAT_BAT,0,none,dry_negative,BAT_BAT_2021-07-31
S001764,S1A_IW_GRDH_1SDV_20170512T002446_20170512T002511_016541_01B6BF_rtc,2017-05-12,data\images\S001764.npy,KLA_ELA,0,none,dry_negative,KLA_ELA_2017-05-03
S001766,S1A_IW_GRDH_1SDV_20190126T002458_20190126T002520_025641_02D8E6_rtc,2019-01-26,data\images\S001766.npy,DED_CHI,0,none,dry_negative,DED_CHI_2019-01-24
S001767,S1A_IW_GRDH_1SDV_20190303T124904_20190303T124933_026174_02EBF6_rtc,2019-03-03,data\images\S001767.npy,MAH_MHY,0,none,dry_negative,MAH_MHY_2019-03-09
S001769,S1A_IW_GRDH_1SSV_20160517T124917_20160517T124942_011299_0111FA_rtc,2016-05-17,data\images\S001769.npy,MAL_MAN,0,none,dry_negative,MAL_MAN_2016-05-12
S001768,S1A_IW_GRDH_1SDV_20170124T002444_20170124T002509_014966_0186EC_rtc,2017-01-24,data\images\S001768.npy,DED_KUR,0,none,dry_negative,DED_KUR_2017-01-27
S001770,S1A_IW_GRDH_1SSV_20160716T002450_20160716T002515_012166_012DD0_rtc,2016-07-16,data\images\S001770.npy,DED_CHI,0,none,dry_negative,DED_CHI_2016-07-08
S001772,S1A_IW_GRDH_1SSV_20150324T002506_20150324T002520_005166_00683C_rtc,2015-03-24,data\images\S001772.npy,GIN_BAD,0,none,dry_negative,GIN_BAD_2015-03-14
S001771,S1A_IW_GRDH_1SSV_20160809T002451_20160809T002516_012516_01395D_rtc,2016-08-09,data\images\S001771.npy,KEL_COL,0,none,dry_negative,KEL_COL_2016-08-04
S001765,S1A_IW_GRDH_1SDV_20190526T002459_20190526T002522_027391_0316F8_rtc,2019-05-26,data\images\S001765.npy,MAH_MAN,0,none,dry_negative,MAH_MAN_2019-05-24
S001774,S1A_IW_GRDH_1SDV_20240312T002525_20240312T002550_052941_066892_rtc,2024-03-12,data\images\S001774.npy,KEL_AVI,0,none,dry_negative,KEL_AVI_2024-03-11
S001775,S1A_IW_GRDH_1SDV_20210220T002509_20210220T002534_036666_044EFD_rtc,2021-02-20,data\images\S001775.npy,ATT_NIT,0,none,dry_negative,ATT_NIT_2021-02-25
S001777,S1A_IW_GRDH_1SDV_20190327T002457_20190327T002520_026516_02F880_rtc,2019-03-27,data\images\S001777.npy,DED_KUR,0,none,dry_negative,DED_KUR_2019-03-24
S001778,S1A_IW_GRDH_1SDV_20201023T002538_20201023T002603_034916_041246_rtc,2020-10-23,data\images\S001778.npy,KEL_AVI,0,none,dry_negative,KEL_AVI_2020-10-24
S001779,S1A_IW_GRDH_1SDV_20190514T124935_20190514T125000_027224_0311BE_rtc,2019-05-14,data\images\S001779.npy,MAL_MAN,0,none,dry_negative,MAL_MAN_2019-05-15
S001780,S1A_IW_GRDH_1SDV_20221008T001719_20221008T001754_045343_056BDD_rtc,2022-10-08,data\images\S001780.npy,GAL_AMP,0,none,dry_negative,GAL_AMP_2022-10-05
S001776,S1A_IW_GRDH_1SDV_20170301T124850_20170301T124919_015499_01974C_rtc,2017-03-01,data\images\S001776.npy,KEL_KIT,0,none,dry_negative,KEL_KIT_2017-03-06
S001782,S1A_IW_GRDH_1SDV_20240224T001719_20240224T001755_052693_06601F_rtc,2024-02-24,data\images\S001782.npy,GAL_ING,0,none,dry_negative,GAL_ING_2024-02-22
S001783,S1A_IW_GRDH_1SDV_20170711T002450_20170711T002515_017416_01D192_rtc,2017-07-11,data\images\S001783.npy,ATT_VEY,0,none,dry_negative,ATT_VEY_2017-07-07
S001784,S1A_IW_GRDH_1SDV_20190713T124904_20190713T124933_028099_032C69_rtc,2019-07-13,data\images\S001784.npy,KIR_TIS,0,none,dry_negative,KIR_TIS_2019-07-16
S001785,S1A_IW_GRDH_1SDV_20240405T002551_20240405T002617_053291_0675C3_rtc,2024-04-05,data\images\S001785.npy,COL_KOL,0,none,dry_negative,COL_KOL_2024-04-10
S001786,S1A_IW_GRDH_1SDV_20170301T002509_20170301T002534_015491_01971C_rtc,2017-03-01,data\images\S001786.npy,GIN_BAD,0,none,dry_negative,GIN_BAD_2017-02-23
S001781,S1A_IW_GRDH_1SDV_20170512T124853_20170512T124922_016549_01B6F7_rtc,2017-05-12,data\images\S001781.npy,MAH_VIC,0,none,dry_negative,MAH_VIC_2017-05-18
S001788,S1A_IW_GRDH_1SSV_20160728T124852_20160728T124921_012349_0133B8_rtc,2016-07-28,data\images\S001788.npy,KAL_RAT,0,none,dry_negative,KAL_RAT_2016-07-28
S001789,S1A_IW_GRDH_1SSV_20160411T002507_20160411T002521_010766_01014C_rtc,2016-04-11,data\images\S001789.npy,KAL_AGA,0,none,dry_negative,KAL_AGA_2016-03-31
S001791,S1A_IW_GRDH_1SDV_20240710T002525_20240710T002550_054691_06A88C_rtc,2024-07-10,data\images\S001791.npy,BAT_VAL,0,none,dry_negative,BAT_VAL_2024-07-04
S001787,S1A_IW_GRDH_1SDV_20170325T002444_20170325T002509_015841_01A195_rtc,2017-03-25,data\images\S001787.npy,ATT_VEY,0,none,dry_negative,ATT_VEY_2017-03-21
S001792,S1A_IW_GRDH_1SDV_20190607T002525_20190607T002545_027566_031C5D_rtc,2019-06-07,data\images\S001792.npy,KAL_BAL,0,none,dry_negative,KAL_BAL_2019-06-07
S001790,S1A_IW_GRDH_1SDV_20230622T124955_20230622T125020_049099_05E776_rtc,2023-06-22,data\images\S001790.npy,MAH_PER,0,none,dry_negative,MAH_PER_2023-06-30
S001794,S1A_IW_GRDH_1SDV_20220122T002540_20220122T002606_041566_04F19B_rtc,2022-01-22,data\images\S001794.npy,KEL_COL,0,none,dry_negative,KEL_COL_2022-02-01
S001793,S1A_IW_GRDH_1SDV_20220203T124916_20220203T124945_041749_04F7CE_rtc,2022-02-03,data\images\S001793.npy,MAH_VIC,0,none,dry_negative,MAH_VIC_2022-02-06
S001795,S1A_IW_GRDH_1SDV_20240312T124927_20240312T124956_052949_0668DB_rtc,2024-03-12,data\images\S001795.npy,NIL_MAT,0,none,dry_negative,NIL_MAT_2024-03-18
S001796,S1A_IW_GRDH_1SDV_20180224T002515_20180224T002541_020741_0238AC_rtc,2018-02-24,data\images\S001796.npy,KEL_COL,0,none,dry_negative,KEL_COL_2018-03-05
S001797,S1A_IW_GRDH_1SDV_20190911T002531_20190911T002556_028966_0348F6_rtc,2019-09-11,data\images\S001797.npy,KAL_BUL,0,none,dry_negative,KAL_BUL_2019-09-14
S001798,S1A_IW_GRDH_1SDV_20180713T001653_20180713T001723_022768_0277D0_rtc,2018-07-13,data\images\S001798.npy,BAT_ERA,0,none,dry_negative,BAT_ERA_2018-07-11
S001801,S1A_IW_GRDH_1SDV_20190701T124903_20190701T124932_027924_03271B_rtc,2019-07-01,data\images\S001801.npy,NIL_URA,0,none,dry_negative,NIL_URA_2019-07-03
S001802,S1A_IW_GRDH_1SDV_20240429T002527_20240429T002552_053641_068396_rtc,2024-04-29,data\images\S001802.npy,ATT_GAM,0,none,dry_negative,ATT_GAM_2024-05-01
S001803,S1A_IW_GRDH_1SSV_20160118T124846_20160118T124915_009549_00DE0B_rtc,2016-01-18,data\images\S001803.npy,NIL_MAT,0,none,dry_negative,NIL_MAT_2016-01-19
S001800,S1A_IW_GRDH_1SDV_20240324T002526_20240324T002551_053116_066F1C_rtc,2024-03-24,data\images\S001800.npy,MHO_MOU,0,none,dry_negative,MHO_MOU_2024-03-26
S001804,S1A_IW_GRDH_1SSV_20150815T002448_20150815T002513_007266_009F4A_rtc,2015-08-15,data\images\S001804.npy,KAL_KLT,0,none,dry_negative,KAL_KLT_2015-08-23
S001806,S1A_IW_GRDH_1SDV_20170605T124855_20170605T124924_016899_01C1D1_rtc,2017-06-05,data\images\S001806.npy,WAL_AMB,0,none,dry_negative,WAL_AMB_2017-06-10
S001807,S1A_IW_GRDH_1SDV_20210421T002535_20210421T002601_037541_046D53_rtc,2021-04-21,data\images\S001807.npy,COL_KOT,0,none,dry_negative,COL_KOT_2021-04-19
S001808,S1A_IW_GRDH_1SDV_20220826T002523_20220826T002548_044716_0556C4_rtc,2022-08-26,data\images\S001808.npy,BAT_VAL,0,none,dry_negative,BAT_VAL_2022-08-26
S001805,S1A_IW_GRDH_1SDV_20220428T124917_20220428T124946_042974_052171_rtc,2022-04-28,data\images\S001805.npy,NIL_MAT,0,none,dry_negative,NIL_MAT_2022-04-30
S001809,S1A_IW_GRDH_1SDV_20200731T002510_20200731T002535_033691_03E7A5_rtc,2020-07-31,data\images\S001809.npy,DED_WAR,0,none,dry_negative,DED_WAR_2020-07-26
S001812,S1A_IW_GRDH_1SSV_20160914T124854_20160914T124923_013049_014AE2_rtc,2016-09-14,data\images\S001812.npy,GAL_AMP,0,none,dry_negative,GAL_AMP_2016-09-13
S001811,S1A_IW_GRDH_1SDV_20170217T124851_20170217T124920_015324_0191F3_rtc,2017-02-17,data\images\S001811.npy,KIR_TIS,0,none,dry_negative,KIR_TIS_2017-02-15
S001815,S1A_IW_GRDH_1SSV_20160423T124847_20160423T124916_010949_0106D5_rtc,2016-04-23,data\images\S001815.npy,BAT_BAT,0,none,dry_negative,BAT_BAT_2016-04-28
S001814,S1A_IW_GRDH_1SDV_20220919T124925_20220919T124954_045074_0562D7_rtc,2022-09-19,data\images\S001814.npy,WAL_AMB,0,none,dry_negative,WAL_AMB_2022-09-23
S001813,S1A_IW_GRDH_1SDV_20170823T001649_20170823T001719_018043_01E4B2_rtc,2017-08-23,data\images\S001813.npy,BAT_BAT,0,none,dry_negative,BAT_BAT_2017-08-21
S001818,S1A_IW_GRDH_1SDV_20230728T002527_20230728T002555_049616_05F760_rtc,2023-07-28,data\images\S001818.npy,MAH_POL,0,none,dry_negative,MAH_POL_2023-07-23
S001819,S1A_IW_GRDH_1SSV_20150827T124852_20150827T124921_007449_00A434_rtc,2015-08-27,data\images\S001819.npy,BAT_VAL,0,none,dry_negative,BAT_VAL_2015-08-22
S001816,S1A_IW_GRDH_1SDV_20200831T001706_20200831T001741_034143_03F73B_rtc,2020-08-31,data\images\S001816.npy,BAT_VAL,0,none,dry_negative,BAT_VAL_2020-08-31
S001822,S1A_IW_GRDH_1SSV_20150511T002443_20150511T002508_005866_0078D8_rtc,2015-05-11,data\images\S001822.npy,ATT_JAE,0,none,dry_negative,ATT_JAE_2015-05-06
S001817,S1A_IW_GRDH_1SDV_20161113T002448_20161113T002513_013916_016673_rtc,2016-11-13,data\images\S001817.npy,DED_KUR,0,none,dry_negative,DED_KUR_2016-11-08
S001821,S1A_IW_GRDH_1SDV_20170921T002453_20170921T002518_018466_01F194_rtc,2017-09-21,data\images\S001821.npy,MAL_ANU,0,none,dry_negative,MAL_ANU_2017-09-16
S001824,S1A_IW_GRDH_1SDV_20180107T124858_20180107T124927_020049_022296_rtc,2018-01-07,data\images\S001824.npy,MAH_MHY,0,none,dry_negative,MAH_MHY_2018-01-13
S001825,S1A_IW_GRDH_1SDV_20180119T002451_20180119T002516_020216_0227ED_rtc,2018-01-19,data\images\S001825.npy,ATT_NIT,0,none,dry_negative,ATT_NIT_2018-01-18
S001823,S1A_IW_GRDH_1SSV_20150722T002446_20150722T002511_006916_0095A4_rtc,2015-07-22,data\images\S001823.npy,MAH_VIC,0,none,dry_negative,MAH_VIC_2015-07-19
S001826,S1A_IW_GRDH_1SDV_20220802T002522_20220802T002547_044366_054B72_rtc,2022-08-02,data\images\S001826.npy,ATT_VEY,0,none,dry_negative,ATT_VEY_2022-07-29
S001827,S1A_IW_GRDH_1SDV_20180806T001654_20180806T001724_023118_0282C8_rtc,2018-08-06,data\images\S001827.npy,GAL_AMP,0,none,dry_negative,GAL_AMP_2018-08-03
S001829,S1A_IW_GRDH_1SDV_20240312T002525_20240312T002550_052941_066892_rtc,2024-03-12,data\images\S001829.npy,ATT_GAM,0,none,dry_negative,ATT_GAM_2024-03-18
S001831,S1A_IW_GRDH_1SDV_20200426T002504_20200426T002529_032291_03BC75_rtc,2020-04-26,data\images\S001831.npy,BAT_VAL,0,none,dry_negative,BAT_VAL_2020-04-25
S001832,S1A_IW_GRDH_1SDV_20211006T124949_20211006T125014_039999_04BC0D_rtc,2021-10-06,data\images\S001832.npy,YAN_HOR,0,none,dry_negative,YAN_HOR_2021-10-08
S001833,S1A_IW_GRDH_1SSV_20160716T002450_20160716T002515_012166_012DD0_rtc,2016-07-16,data\images\S001833.npy,KAL_BAL,0,none,dry_negative,KAL_BAL_2016-07-21
S001830,S1A_IW_GRDH_1SDV_20190219T002457_20190219T002520_025991_02E567_rtc,2019-02-19,data\images\S001830.npy,MHO_GIR,0,none,dry_negative,MHO_GIR_2019-02-24
S001835,S1A_IW_GRDH_1SDV_20180519T002453_20180519T002518_021966_025F4C_rtc,2018-05-19,data\images\S001835.npy,KLA_ELA,0,none,dry_negative,KLA_ELA_2018-05-17
S001837,S1A_IW_GRDH_1SDV_20180624T124931_20180624T124956_022499_026FD4_rtc,2018-06-24,data\images\S001837.npy,MAL_ANU,0,none,dry_negative,MAL_ANU_2018-06-26
S001836,S1A_IW_GRDH_1SDV_20210819T124947_20210819T125012_039299_04A407_rtc,2021-08-19,data\images\S001836.npy,MAH_PER,0,none,dry_negative,MAH_PER_2021-08-25
S001838,S1A_IW_GRDH_1SDV_20240815T002549_20240815T002615_055216_06BAF9_rtc,2024-08-15,data\images\S001838.npy,KAL_BUL,0,none,dry_negative,KAL_BUL_2024-08-10
S001834,S1A_IW_GRDH_1SDV_20170629T002449_20170629T002514_017241_01CC43_rtc,2017-06-29,data\images\S001834.npy,MAH_MAN,0,none,dry_negative,MAH_MAN_2017-06-27
S001841,S1A_IW_GRDH_1SSV_20150628T002511_20150628T002525_006566_008BD8_rtc,2015-06-28,data\images\S001841.npy,NIL_MAT,0,none,dry_negative,NIL_MAT_2015-06-17
S001839,S1A_IW_GRDH_1SDV_20190303T124904_20190303T124933_026174_02EBF6_rtc,2019-03-03,data\images\S001839.npy,NIL_MAT,0,none,dry_negative,NIL_MAT_2019-03-07
S001842,S1A_IW_GRDH_1SDV_20221001T002550_20221001T002615_045241_05686D_rtc,2022-10-01,data\images\S001842.npy,WAL_AMB,0,none,dry_negative,WAL_AMB_2022-09-29
S001840,S1A_IW_GRDH_1SDV_20180219T001647_20180219T001717_020668_023665_rtc,2018-02-19,data\images\S001840.npy,BAT_ERA,0,none,dry_negative,BAT_ERA_2018-02-20
S001844,S1A_IW_GRDH_1SDV_20240205T002551_20240205T002616_052416_0656C2_rtc,2024-02-05,data\images\S001844.npy,GIN_BAD,0,none,dry_negative,GIN_BAD_2024-02-07
S001846,S1A_IW_GRDH_1SDV_20230809T124928_20230809T124957_049799_05FD25_rtc,2023-08-09,data\images\S001846.npy,KEL_RUW,0,none,dry_negative,KEL_RUW_2023-08-13
S001847,S1A_IW_GRDH_1SDV_20180212T124857_20180212T124926_020574_023353_rtc,2018-02-12,data\images\S001847.npy,WAL_AMB,0,none,dry_negative,WAL_AMB_2018-02-17
S001845,S1A_IW_GRDH_1SDV_20180916T124906_20180916T124936_023724_029628_rtc,2018-09-16,data\images\S001845.npy,MAH_KAN,0,none,dry_negative,MAH_KAN_2018-09-22
S001848,S1A_IW_GRDH_1SSV_20160211T124845_20160211T124914_009899_00E841_rtc,2016-02-11,data\images\S001848.npy,NIL_URA,0,none,dry_negative,NIL_URA_2016-02-18
S001843,S1A_IW_GRDH_1SDV_20200426T124906_20200426T124935_032299_03BCC1_rtc,2020-04-26,data\images\S001843.npy,MAH_VIC,0,none,dry_negative,MAH_VIC_2020-04-29
S001851,S1A_IW_GRDH_1SDV_20220802T002453_20220802T002522_044366_054B72_rtc,2022-08-02,data\images\S001851.npy,YAN_HOR,0,none,dry_negative,YAN_HOR_2022-07-30
S001850,S1A_IW_GRDH_1SDV_20230821T124929_20230821T124958_049974_060320_rtc,2023-08-21,data\images\S001850.npy,KEL_KIT,0,none,dry_negative,KEL_KIT_2023-08-24
S001852,S1A_IW_GRDH_1SDV_20200226T002528_20200226T002553_031416_039DD0_rtc,2020-02-26,data\images\S001852.npy,KEL_HAN,0,none,dry_negative,KEL_HAN_2020-03-01
S001853,S1A_IW_GRDH_1SDV_20200402T002529_20200402T002554_031941_03B02C_rtc,2020-04-02,data\images\S001853.npy,NIL_AKU,0,none,dry_negative,NIL_AKU_2020-03-28
S001855,S1A_IW_GRDH_1SSV_20150216T002440_20150216T002505_004641_005B9D_rtc,2015-02-16,data\images\S001855.npy,KEL_COL,0,none,dry_negative,KEL_COL_2015-02-19
S001854,S1A_IW_GRDH_1SDV_20230330T002521_20230330T002546_047866_05C071_rtc,2023-03-30,data\images\S001854.npy,DED_CHI,0,none,dry_negative,DED_CHI_2023-04-01
S001858,S1A_IW_GRDH_1SSV_20150827T124852_20150827T124921_007449_00A434_rtc,2015-08-27,data\images\S001858.npy,WAL_EMB,0,none,dry_negative,WAL_EMB_2015-08-31
S001860,S1A_IW_GRDH_1SDV_20200226T002528_20200226T002553_031416_039DD0_rtc,2020-02-26,data\images\S001860.npy,KEL_KAD,0,none,dry_negative,KEL_KAD_2020-02-21
S001859,S1A_IW_GRDH_1SDV_20200905T002537_20200905T002602_034216_03F9BD_rtc,2020-09-05,data\images\S001859.npy,KEL_HAN,0,none,dry_negative,KEL_HAN_2020-09-03
S001857,S1A_IW_GRDH_1SDV_20240205T002551_20240205T002616_052416_0656C2_rtc,2024-02-05,data\images\S001857.npy,GIN_THA,0,none,dry_negative,GIN_THA_2024-02-09
S001861,S1A_IW_GRDH_1SDV_20200929T002513_20200929T002538_034566_040614_rtc,2020-09-29,data\images\S001861.npy,KLA_ELA,0,none,dry_negative,KLA_ELA_2020-10-05
S001863,S1A_IW_GRDH_1SDV_20220814T124953_20220814T125018_044549_055125_rtc,2022-08-14,data\images\S001863.npy,MAH_MHY,0,none,dry_negative,MAH_MHY_2022-08-20
S001864,S1A_IW_GRDH_1SSV_20160809T002422_20160809T002451_012516_01395D_rtc,2016-08-09,data\images\S001864.npy,YAN_HOR,0,none,dry_negative,YAN_HOR_2016-08-04
S001866,S1A_IW_GRDH_1SSV_20160914T124854_20160914T124923_013049_014AE2_rtc,2016-09-14,data\images\S001866.npy,MAH_PER,0,none,dry_negative,MAH_PER_2016-09-15
S001865,S1A_IW_GRDH_1SDV_20200226T002503_20200226T002528_031416_039DD0_rtc,2020-02-26,data\images\S001865.npy,MAH_PER,0,none,dry_negative,MAH_PER_2020-02-25
S001862,S1A_IW_GRDH_1SDV_20200328T001657_20200328T001733_031868_03ADA7_rtc,2020-03-28,data\images\S001862.npy,BAT_VAL,0,none,dry_negative,BAT_VAL_2020-03-27
S001868,S1A_IW_GRDH_1SSV_20150324T002441_20150324T002506_005166_00683C_rtc,2015-03-24,data\images\S001868.npy,KEL_AVI,0,none,dry_negative,KEL_AVI_2015-03-25
S001869,S1A_IW_GRDH_1SDV_20200905T124913_20200905T124942_034224_03FA06_rtc,2020-09-05,data\images\S001869.npy,KIR_TIS,0,none,dry_negative,KIR_TIS_2020-09-07
S001870,S1A_IW_GRDH_1SDV_20220919T124925_20220919T124954_045074_0562D7_rtc,2022-09-19,data\images\S001870.npy,KEL_KIT,0,none,dry_negative,KEL_KIT_2022-09-21
S001871,S1A_IW_GRDH_1SDV_20240604T002526_20240604T002551_054166_069654_rtc,2024-06-04,data\images\S001871.npy,BAT_VAL,0,none,dry_negative,BAT_VAL_2024-05-30
S001874,S1A_IW_GRDH_1SDV_20200226T002528_20200226T002553_031416_039DD0_rtc,2020-02-26,data\images\S001874.npy,KAL_BUL,0,none,dry_negative,KAL_BUL_2020-03-03
S001872,S1A_IW_GRDH_1SDV_20190315T124904_20190315T124933_026349_02F263_rtc,2019-03-15,data\images\S001872.npy,MAH_MHY,0,none,dry_negative,MAH_MHY_2019-03-17
S001876,S1A_IW_GRDH_1SDV_20190607T124907_20190607T124936_027574_031C9B_rtc,2019-06-07,data\images\S001876.npy,WAL_EMB,0,none,dry_negative,WAL_EMB_2019-06-09
S001867,S1A_IW_GRDH_1SDV_20200812T124941_20200812T125006_033874_03EDB4_rtc,2020-08-12,data\images\S001867.npy,MAH_MAN,0,none,dry_negative,MAH_MAN_2020-08-13
S001877,S1A_IW_GRDH_1SDV_20180401T002451_20180401T002516_021266_024947_rtc,2018-04-01,data\images\S001877.npy,ATT_VEY,0,none,dry_negative,ATT_VEY_2018-03-30
S001878,S1A_IW_GRDH_1SDV_20180320T002450_20180320T002515_021091_0243BC_rtc,2018-03-20,data\images\S001878.npy,MHO_MOU,0,none,dry_negative,MHO_MOU_2018-03-17
S001875,S1A_IW_GRDH_1SDV_20190420T124934_20190420T124959_026874_030594_rtc,2019-04-20,data\images\S001875.npy,BAT_VAL,0,none,dry_negative,BAT_VAL_2019-04-26
S001879,S1A_IW_GRDH_1SDV_20200503T001659_20200503T001734_032393_03C022_rtc,2020-05-03,data\images\S001879.npy,BAT_BAT,0,none,dry_negative,BAT_BAT_2020-05-03
S001882,S1A_IW_GRDH_1SSV_20160411T002442_20160411T002507_010766_01014C_rtc,2016-04-11,data\images\S001882.npy,MAH_MHY,0,none,dry_negative,MAH_MHY_2016-04-15
S001880,S1A_IW_GRDH_1SDV_20240920T002525_20240920T002550_055741_06CF0C_rtc,2024-09-20,data\images\S001880.npy,KEL_KIT,0,none,dry_negative,KEL_KIT_2024-09-20
S001883,S1A_IW_GRDH_1SDV_20220323T002540_20220323T002605_042441_050F9B_rtc,2022-03-23,data\images\S001883.npy,WAL_UDA,0,none,dry_negative,WAL_UDA_2022-03-21
S001884,S1A_IW_GRDH_1SDV_20170723T002450_20170723T002515_017591_01D6DC_rtc,2017-07-23,data\images\S001884.npy,MAH_KAN,0,none,dry_negative,MAH_KAN_2017-07-22
S001881,S1A_IW_GRDH_1SDV_20241225T124923_20241225T124952_057149_0706EA_rtc,2024-12-25,data\images\S001881.npy,KAL_RAT,0,none,dry_negative,KAL_RAT_2024-12-28
S001887,S1A_IW_GRDH_1SDV_20190619T002501_20190619T002526_027741_0321A2_rtc,2019-06-19,data\images\S001887.npy,ATT_JAE,0,none,dry_negative,ATT_JAE_2019-06-24
S001886,S1A_IW_GRDH_1SDV_20220826T124925_20220826T124954_044724_05570B_rtc,2022-08-26,data\images\S001886.npy,GAL_AMP,0,none,dry_negative,GAL_AMP_2022-08-25
S001888,S1A_IW_GRDH_1SDV_20220919T002549_20220919T002614_045066_056291_rtc,2022-09-19,data\images\S001888.npy,GIN_GAL,0,none,dry_negative,GIN_GAL_2022-09-19
S001889,S1A_IW_GRDH_1SSV_20150324T002441_20150324T002506_005166_00683C_rtc,2015-03-24,data\images\S001889.npy,KAL_AGA,0,none,dry_negative,KAL_AGA_2015-03-21
S001885,S1A_IW_GRDH_1SDV_20170325T002509_20170325T002535_015841_01A195_rtc,2017-03-25,data\images\S001885.npy,KEL_COL,0,none,dry_negative,KEL_COL_2017-03-23
S001890,S1A_IW_GRDH_1SDV_20240908T124926_20240908T124955_055574_06C874_rtc,2024-09-08,data\images\S001890.npy,KAL_BAL,0,none,dry_negative,KAL_BAL_2024-09-13
S001893,S1A_IW_GRDH_1SDV_20170406T002416_20170406T002445_016016_01A6C7_rtc,2017-04-06,data\images\S001893.npy,MAL_MAN,0,none,dry_negative,MAL_MAN_2017-04-04
S001894,S1A_IW_GRDH_1SDV_20211229T002541_20211229T002607_041216_04E5F0_rtc,2021-12-29,data\images\S001894.npy,GIN_GAL,0,none,dry_negative,GIN_GAL_2021-12-29
S001895,S1A_IW_GRDH_1SDV_20201104T002513_20201104T002538_035091_04184D_rtc,2020-11-04,data\images\S001895.npy,KLA_ELA,0,none,dry_negative,KLA_ELA_2020-10-31
S001892,S1A_IW_GRDH_1SDV_20200924T001707_20200924T001742_034493_04038C_rtc,2020-09-24,data\images\S001892.npy,BAT_VAL,0,none,dry_negative,BAT_VAL_2020-09-21
S001896,S1A_IW_GRDH_1SDV_20201011T002538_20201011T002604_034741_040C34_rtc,2020-10-11,data\images\S001896.npy,KIR_TIS,0,none,dry_negative,KIR_TIS_2020-10-10
S001898,S1A_IW_GRDH_1SSV_20170112T124851_20170112T124920_014799_0181A9_rtc,2017-01-12,data\images\S001898.npy,NIL_PIT,0,none,dry_negative,NIL_PIT_2017-01-16
S001891,S1A_IW_GRDH_1SDV_20170112T002445_20170112T002510_014791_018174_rtc,2017-01-12,data\images\S001891.npy,MAH_KAN,0,none,dry_negative,MAH_KAN_2017-01-11
S001897,S1A_IW_GRDH_1SDV_20220404T002540_20220404T002606_042616_05158E_rtc,2022-04-04,data\images\S001897.npy,KAL_BUL,0,none,dry_negative,KAL_BUL_2022-04-01
S001899,S1A_IW_GRDH_1SDV_20200309T002503_20200309T002528_031591_03A3DF_rtc,2020-03-09,data\images\S001899.npy,ATT_VEY,0,none,dry_negative,ATT_VEY_2020-03-15
S001901,S1A_IW_GRDH_1SSV_20150722T002511_20150722T002526_006916_0095A4_rtc,2015-07-22,data\images\S001901.npy,NIL_URA,0,none,dry_negative,NIL_URA_2015-07-21
S001903,S1A_IW_GRDH_1SDV_20190725T002503_20190725T002528_028266_033171_rtc,2019-07-25,data\images\S001903.npy,KLA_ELA,0,none,dry_negative,KLA_ELA_2019-07-20
S001905,S1A_IW_GRDH_1SSV_20160716T002450_20160716T002515_012166_012DD0_rtc,2016-07-16,data\images\S001905.npy,BAT_VAL,0,none,dry_negative,BAT_VAL_2016-07-18
S001904,S1A_IW_GRDH_1SDV_20240417T124928_20240417T124957_053474_067D03_rtc,2024-04-17,data\images\S001904.npy,KAL_BAL,0,none,dry_negative,KAL_BAL_2024-04-21
S001900,S1A_IW_GRDH_1SDV_20220814T002548_20220814T002613_044541_0550DF_rtc,2022-08-14,data\images\S001900.npy,GIN_THA,0,none,dry_negative,GIN_THA_2022-08-15
S001909,S1A_IW_GRDH_1SDV_20170524T124854_20170524T124923_016724_01BC5D_rtc,2017-05-24,data\images\S001909.npy,NIL_PIT,0,none,dry_negative,NIL_PIT_2017-05-25
S001906,S1A_IW_GRDH_1SDV_20230809T002552_20230809T002617_049791_05FCDC_rtc,2023-08-09,data\images\S001906.npy,GIN_NEL,0,none,dry_negative,GIN_NEL_2023-08-18
S001910,S1A_IW_GRDH_1SDV_20200929T002538_20200929T002603_034566_040614_rtc,2020-09-29,data\images\S001910.npy,WAL_UDA,0,none,dry_negative,WAL_UDA_2020-09-29
S001912,S1A_IW_GRDH_1SDV_20190207T002457_20190207T002520_025816_02DF27_rtc,2019-02-07,data\images\S001912.npy,MHO_GIR,0,none,dry_negative,MHO_GIR_2019-02-07
S001907,S1A_IW_GRDH_1SDV_20200905T002537_20200905T002602_034216_03F9BD_rtc,2020-09-05,data\images\S001907.npy,KAL_BAL,0,none,dry_negative,KAL_BAL_2020-09-05
S001913,S1A_IW_GRDH_1SDV_20190502T124905_20190502T124934_027049_030BF4_rtc,2019-05-02,data\images\S001913.npy,KAL_BAL,0,none,dry_negative,KAL_BAL_2019-05-06
S001916,S1A_IW_GRDH_1SDV_20170418T002510_20170418T002536_016191_01AC26_rtc,2017-04-18,data\images\S001916.npy,KEL_AVI,0,none,dry_negative,KEL_AVI_2017-04-25
S001915,S1A_IW_GRDH_1SDV_20220215T124916_20220215T124945_041924_04FDF6_rtc,2022-02-15,data\images\S001915.npy,KEL_UP,0,none,dry_negative,KEL_UP_2022-02-20
S001918,S1A_IW_GRDH_1SDV_20170512T002446_20170512T002511_016541_01B6BF_rtc,2017-05-12,data\images\S001918.npy,MAH_POL,0,none,dry_negative,MAH_POL_2017-05-04
S001914,S1A_IW_GRDH_1SDV_20170816T124928_20170816T124953_017949_01E1C2_rtc,2017-08-16,data\images\S001914.npy,YAN_HOR,0,none,dry_negative,YAN_HOR_2017-08-18
S001919,S1A_IW_GRDH_1SDV_20200508T002530_20200508T002555_032466_03C282_rtc,2020-05-08,data\images\S001919.npy,KEL_KAD,0,none,dry_negative,KEL_KAD_2020-05-11
S001920,S1A_IW_GRDH_1SDV_20170617T002513_20170617T002539_017066_01C6FC_rtc,2017-06-17,data\images\S001920.npy,WAL_EMB,0,none,dry_negative,WAL_EMB_2017-06-18
S001923,S1A_IW_GRDH_1SDV_20190806T002504_20190806T002529_028441_0336CE_rtc,2019-08-06,data\images\S001923.npy,ATT_NIT,0,none,dry_negative,ATT_NIT_2019-08-02
S001921,S1A_IW_GRDH_1SDV_20230809T124928_20230809T124957_049799_05FD25_rtc,2023-08-09,data\images\S001921.npy,KIR_TIS,0,none,dry_negative,KIR_TIS_2023-08-10
S001924,S1A_IW_GRDH_1SDV_20211001T001713_20211001T001748_039918_04B946_rtc,2021-10-01,data\images\S001924.npy,BAT_ERA,0,none,dry_negative,BAT_ERA_2021-10-01
S001922,S1A_IW_GRDH_1SDV_20221118T002549_20221118T002615_045941_057F4D_rtc,2022-11-18,data\images\S001922.npy,KEL_COL,0,none,dry_negative,KEL_COL_2022-11-23
S001927,S1A_IW_GRDH_1SDV_20220926T001718_20220926T001754_045168_056604_rtc,2022-09-26,data\images\S001927.npy,BAT_ERA,0,none,dry_negative,BAT_ERA_2022-09-27
S001925,S1A_IW_GRDH_1SDV_20200214T002528_20200214T002554_031241_0397C8_rtc,2020-02-14,data\images\S001925.npy,NIL_MAT,0,none,dry_negative,NIL_MAT_2020-02-12
S001926,S1A_IW_GRDH_1SDV_20220919T002549_20220919T002614_045066_056291_rtc,2022-09-19,data\images\S001926.npy,COL_KOT,0,none,dry_negative,COL_KOT_2022-09-19
S001928,S1A_IW_GRDH_1SSV_20150827T124852_20150827T124921_007449_00A434_rtc,2015-08-27,data\images\S001928.npy,MAH_NUW,0,none,dry_negative,MAH_NUW_2015-08-30
S001930,S1A_IW_GRDH_1SDV_20161207T002512_20161207T002537_014266_017141_rtc,2016-12-07,data\images\S001930.npy,NIL_MAT,0,none,dry_negative,NIL_MAT_2016-12-06
S001932,S1A_IW_GRDH_1SDV_20200402T124905_20200402T124934_031949_03B073_rtc,2020-04-02,data\images\S001932.npy,KEL_UP,0,none,dry_negative,KEL_UP_2020-04-07
S001929,S1A_IW_GRDH_1SDV_20190526T002459_20190526T002522_027391_0316F8_rtc,2019-05-26,data\images\S001929.npy,MAH_MHY,0,none,dry_negative,MAH_MHY_2019-05-26
S001933,S1A_IW_GRDH_1SDV_20170629T002514_20170629T002540_017241_01CC43_rtc,2017-06-29,data\images\S001933.npy,KAL_BAL,0,none,dry_negative,KAL_BAL_2017-06-28
S001935,S1A_IW_GRDH_1SSV_20160411T002507_20160411T002521_010766_01014C_rtc,2016-04-11,data\images\S001935.npy,NIL_PIT,0,none,dry_negative,NIL_PIT_2016-04-11
S001936,S1A_IW_GRDH_1SDV_20200731T124911_20200731T124940_033699_03E7DF_rtc,2020-07-31,data\images\S001936.npy,GAL_AMP,0,none,dry_negative,GAL_AMP_2020-07-29
S001934,S1A_IW_GRDH_1SDV_20200214T002528_20200214T002554_031241_0397C8_rtc,2020-02-14,data\images\S001934.npy,GIN_THA,0,none,dry_negative,GIN_THA_2020-02-16
