sample_id,node_id,lat,lon,basin,target_date,window_start,window_end,label,severity,purpose,event_id,chip_half_km,tabular_key
S000000,ATT_GAM,7.092,79.994,AttanagaluOya,2015-10-18,2015-10-12,2015-10-24,1,severe,flood_peak,ATT_GAM_20151016,3.2,ATT_GAM_2015-10-18
S000001,ATT_GAM,7.092,79.994,AttanagaluOya,2015-10-13,2015-10-07,2015-10-15,1,severe,pre_event,ATT_GAM_20151016,3.2,ATT_GAM_2015-10-13
S000002,ATT_GAM,7.092,79.994,AttanagaluOya,2016-05-15,2016-05-09,2016-05-21,1,severe,flood_peak,ATT_GAM_20160515,3.2,ATT_GAM_2016-05-15
S000003,ATT_GAM,7.092,79.994,AttanagaluOya,2016-05-12,2016-05-06,2016-05-14,1,severe,pre_event,ATT_GAM_20160515,3.2,ATT_GAM_2016-05-12
S000004,ATT_GAM,7.092,79.994,AttanagaluOya,2017-10-31,2017-10-25,2017-11-06,1,high,flood_peak,ATT_GAM_20171031,3.2,ATT_GAM_2017-10-31
S000005,ATT_GAM,7.092,79.994,AttanagaluOya,2017-10-28,2017-10-22,2017-10-30,1,high,pre_event,ATT_GAM_20171031,3.2,ATT_GAM_2017-10-28
S000006,ATT_GAM,7.092,79.994,AttanagaluOya,2017-11-05,2017-10-30,2017-11-11,1,high,flood_peak,ATT_GAM_20171105,3.2,ATT_GAM_2017-11-05
S000007,ATT_GAM,7.092,79.994,AttanagaluOya,2017-11-02,2017-10-27,2017-11-04,1,high,pre_event,ATT_GAM_20171105,3.2,ATT_GAM_2017-11-02
S000008,ATT_GAM,7.092,79.994,AttanagaluOya,2018-09-30,2018-09-24,2018-10-06,1,high,flood_peak,ATT_GAM_20180930,3.2,ATT_GAM_2018-09-30
S000009,ATT_GAM,7.092,79.994,AttanagaluOya,2018-09-27,2018-09-21,2018-09-29,1,high,pre_event,ATT_GAM_20180930,3.2,ATT_GAM_2018-09-27
S000010,ATT_GAM,7.092,79.994,AttanagaluOya,2019-10-15,2019-10-09,2019-10-21,1,severe,flood_peak,ATT_GAM_20191015,3.2,ATT_GAM_2019-10-15
S000011,ATT_GAM,7.092,79.994,AttanagaluOya,2019-10-12,2019-10-06,2019-10-14,1,severe,pre_event,ATT_GAM_20191015,3.2,ATT_GAM_2019-10-12
S000012,ATT_GAM,7.092,79.994,AttanagaluOya,2021-11-09,2021-11-03,2021-11-15,1,high,flood_peak,ATT_GAM_20211108,3.2,ATT_GAM_2021-11-09
S000013,ATT_GAM,7.092,79.994,AttanagaluOya,2021-11-05,2021-10-30,2021-11-07,1,high,pre_event,ATT_GAM_20211108,3.2,ATT_GAM_2021-11-05
S000014,ATT_GAM,7.092,79.994,AttanagaluOya,2023-10-21,2023-10-15,2023-10-27,1,high,flood_peak,ATT_GAM_20231021,3.2,ATT_GAM_2023-10-21
S000015,ATT_GAM,7.092,79.994,AttanagaluOya,2023-10-18,2023-10-12,2023-10-20,1,high,pre_event,ATT_GAM_20231021,3.2,ATT_GAM_2023-10-18
S000016,ATT_GAM,7.092,79.994,AttanagaluOya,2023-11-05,2023-10-30,2023-11-11,1,high,flood_peak,ATT_GAM_20231104,3.2,ATT_GAM_2023-11-05
S000017,ATT_GAM,7.092,79.994,AttanagaluOya,2023-11-01,2023-10-26,2023-11-03,1,high,pre_event,ATT_GAM_20231104,3.2,ATT_GAM_2023-11-01
S000018,ATT_GAM,7.092,79.994,AttanagaluOya,2023-11-23,2023-11-17,2023-11-29,1,high,flood_peak,ATT_GAM_20231122,3.2,ATT_GAM_2023-11-23
S000019,ATT_GAM,7.092,79.994,AttanagaluOya,2023-11-19,2023-11-13,2023-11-21,1,high,pre_event,ATT_GAM_20231122,3.2,ATT_GAM_2023-11-19
S000020,ATT_GAM,7.092,79.994,AttanagaluOya,2024-05-27,2024-05-21,2024-06-02,1,high,flood_peak,ATT_GAM_20240521,3.2,ATT_GAM_2024-05-27
S000021,ATT_GAM,7.092,79.994,AttanagaluOya,2024-05-18,2024-05-12,2024-05-20,1,high,pre_event,ATT_GAM_20240521,3.2,ATT_GAM_2024-05-18
S000022,ATT_GAM,7.092,79.994,AttanagaluOya,2024-11-30,2024-11-24,2024-12-06,1,high,flood_peak,ATT_GAM_20241128,3.2,ATT_GAM_2024-11-30
S000023,ATT_GAM,7.092,79.994,AttanagaluOya,2024-11-25,2024-11-19,2024-11-27,1,high,pre_event,ATT_GAM_20241128,3.2,ATT_GAM_2024-11-25
S000024,ATT_JAE,7.074,79.892,AttanagaluOya,2015-10-18,2015-10-12,2015-10-24,1,severe,flood_peak,ATT_JAE_20151016,3.2,ATT_JAE_2015-10-18
S000025,ATT_JAE,7.074,79.892,AttanagaluOya,2015-10-13,2015-10-07,2015-10-15,1,severe,pre_event,ATT_JAE_20151016,3.2,ATT_JAE_2015-10-13
S000026,ATT_JAE,7.074,79.892,AttanagaluOya,2016-05-15,2016-05-09,2016-05-21,1,severe,flood_peak,ATT_JAE_20160515,3.2,ATT_JAE_2016-05-15
S000027,ATT_JAE,7.074,79.892,AttanagaluOya,2016-05-12,2016-05-06,2016-05-14,1,severe,pre_event,ATT_JAE_20160515,3.2,ATT_JAE_2016-05-12
S000028,ATT_JAE,7.074,79.892,AttanagaluOya,2016-11-19,2016-11-13,2016-11-25,1,high,flood_peak,ATT_JAE_20161119,3.2,ATT_JAE_2016-11-19
S000029,ATT_JAE,7.074,79.892,AttanagaluOya,2016-11-16,2016-11-10,2016-11-18,1,high,pre_event,ATT_JAE_20161119,3.2,ATT_JAE_2016-11-16
S000030,ATT_JAE,7.074,79.892,AttanagaluOya,2017-10-31,2017-10-25,2017-11-06,1,high,flood_peak,ATT_JAE_20171030,3.2,ATT_JAE_2017-10-31
S000031,ATT_JAE,7.074,79.892,AttanagaluOya,2017-10-27,2017-10-21,2017-10-29,1,high,pre_event,ATT_JAE_20171030,3.2,ATT_JAE_2017-10-27
S000032,ATT_JAE,7.074,79.892,AttanagaluOya,2017-11-05,2017-10-30,2017-11-11,1,high,flood_peak,ATT_JAE_20171105,3.2,ATT_JAE_2017-11-05
S000033,ATT_JAE,7.074,79.892,AttanagaluOya,2017-11-02,2017-10-27,2017-11-04,1,high,pre_event,ATT_JAE_20171105,3.2,ATT_JAE_2017-11-02
S000034,ATT_JAE,7.074,79.892,AttanagaluOya,2017-11-30,2017-11-24,2017-12-06,1,high,flood_peak,ATT_JAE_20171130,3.2,ATT_JAE_2017-11-30
S000035,ATT_JAE,7.074,79.892,AttanagaluOya,2017-11-27,2017-11-21,2017-11-29,1,high,pre_event,ATT_JAE_20171130,3.2,ATT_JAE_2017-11-27
S000036,ATT_JAE,7.074,79.892,AttanagaluOya,2018-06-07,2018-06-01,2018-06-13,1,high,flood_peak,ATT_JAE_20180607,3.2,ATT_JAE_2018-06-07
S000037,ATT_JAE,7.074,79.892,AttanagaluOya,2018-06-04,2018-05-29,2018-06-06,1,high,pre_event,ATT_JAE_20180607,3.2,ATT_JAE_2018-06-04
S000038,ATT_JAE,7.074,79.892,AttanagaluOya,2018-09-30,2018-09-24,2018-10-06,1,severe,flood_peak,ATT_JAE_20180929,3.2,ATT_JAE_2018-09-30
S000039,ATT_JAE,7.074,79.892,AttanagaluOya,2018-09-26,2018-09-20,2018-09-28,1,severe,pre_event,ATT_JAE_20180929,3.2,ATT_JAE_2018-09-26
S000040,ATT_JAE,7.074,79.892,AttanagaluOya,2018-10-24,2018-10-18,2018-10-30,1,high,flood_peak,ATT_JAE_20181024,3.2,ATT_JAE_2018-10-24
S000041,ATT_JAE,7.074,79.892,AttanagaluOya,2018-10-21,2018-10-15,2018-10-23,1,high,pre_event,ATT_JAE_20181024,3.2,ATT_JAE_2018-10-21
S000042,ATT_JAE,7.074,79.892,AttanagaluOya,2019-10-15,2019-10-09,2019-10-21,1,severe,flood_peak,ATT_JAE_20191015,3.2,ATT_JAE_2019-10-15
S000043,ATT_JAE,7.074,79.892,AttanagaluOya,2019-10-12,2019-10-06,2019-10-14,1,severe,pre_event,ATT_JAE_20191015,3.2,ATT_JAE_2019-10-12
S000044,ATT_JAE,7.074,79.892,AttanagaluOya,2019-10-20,2019-10-14,2019-10-26,1,high,flood_peak,ATT_JAE_20191020,3.2,ATT_JAE_2019-10-20
S000045,ATT_JAE,7.074,79.892,AttanagaluOya,2019-10-17,2019-10-11,2019-10-19,1,high,pre_event,ATT_JAE_20191020,3.2,ATT_JAE_2019-10-17
S000046,ATT_JAE,7.074,79.892,AttanagaluOya,2019-12-22,2019-12-16,2019-12-28,1,high,flood_peak,ATT_JAE_20191220,3.2,ATT_JAE_2019-12-22
S000047,ATT_JAE,7.074,79.892,AttanagaluOya,2019-12-17,2019-12-11,2019-12-19,1,high,pre_event,ATT_JAE_20191220,3.2,ATT_JAE_2019-12-17
S000048,ATT_JAE,7.074,79.892,AttanagaluOya,2020-08-09,2020-08-03,2020-08-15,1,high,flood_peak,ATT_JAE_20200809,3.2,ATT_JAE_2020-08-09
S000049,ATT_JAE,7.074,79.892,AttanagaluOya,2020-08-06,2020-07-31,2020-08-08,1,high,pre_event,ATT_JAE_20200809,3.2,ATT_JAE_2020-08-06
S000050,ATT_JAE,7.074,79.892,AttanagaluOya,2021-01-13,2021-01-07,2021-01-19,1,high,flood_peak,ATT_JAE_20210113,3.2,ATT_JAE_2021-01-13
S000051,ATT_JAE,7.074,79.892,AttanagaluOya,2021-01-10,2021-01-04,2021-01-12,1,high,pre_event,ATT_JAE_20210113,3.2,ATT_JAE_2021-01-10
S000052,ATT_JAE,7.074,79.892,AttanagaluOya,2021-10-29,2021-10-23,2021-11-04,1,high,flood_peak,ATT_JAE_20211029,3.2,ATT_JAE_2021-10-29
S000053,ATT_JAE,7.074,79.892,AttanagaluOya,2021-10-26,2021-10-20,2021-10-28,1,high,pre_event,ATT_JAE_20211029,3.2,ATT_JAE_2021-10-26
S000054,ATT_JAE,7.074,79.892,AttanagaluOya,2021-11-09,2021-11-03,2021-11-15,1,severe,flood_peak,ATT_JAE_20211108,3.2,ATT_JAE_2021-11-09
S000055,ATT_JAE,7.074,79.892,AttanagaluOya,2021-11-05,2021-10-30,2021-11-07,1,severe,pre_event,ATT_JAE_20211108,3.2,ATT_JAE_2021-11-05
S000056,ATT_JAE,7.074,79.892,AttanagaluOya,2022-05-14,2022-05-08,2022-05-20,1,high,flood_peak,ATT_JAE_20220514,3.2,ATT_JAE_2022-05-14
S000057,ATT_JAE,7.074,79.892,AttanagaluOya,2022-05-11,2022-05-05,2022-05-13,1,high,pre_event,ATT_JAE_20220514,3.2,ATT_JAE_2022-05-11
S000058,ATT_JAE,7.074,79.892,AttanagaluOya,2023-10-21,2023-10-15,2023-10-27,1,high,flood_peak,ATT_JAE_20231021,3.2,ATT_JAE_2023-10-21
S000059,ATT_JAE,7.074,79.892,AttanagaluOya,2023-10-18,2023-10-12,2023-10-20,1,high,pre_event,ATT_JAE_20231021,3.2,ATT_JAE_2023-10-18
S000060,ATT_JAE,7.074,79.892,AttanagaluOya,2023-11-05,2023-10-30,2023-11-11,1,high,flood_peak,ATT_JAE_20231105,3.2,ATT_JAE_2023-11-05
S000061,ATT_JAE,7.074,79.892,AttanagaluOya,2023-11-02,2023-10-27,2023-11-04,1,high,pre_event,ATT_JAE_20231105,3.2,ATT_JAE_2023-11-02
S000062,ATT_JAE,7.074,79.892,AttanagaluOya,2024-05-21,2024-05-15,2024-05-27,1,high,flood_peak,ATT_JAE_20240520,3.2,ATT_JAE_2024-05-21
S000063,ATT_JAE,7.074,79.892,AttanagaluOya,2024-05-17,2024-05-11,2024-05-19,1,high,pre_event,ATT_JAE_20240520,3.2,ATT_JAE_2024-05-17
S000064,ATT_JAE,7.074,79.892,AttanagaluOya,2024-06-03,2024-05-28,2024-06-09,1,high,flood_peak,ATT_JAE_20240603,3.2,ATT_JAE_2024-06-03
S000065,ATT_JAE,7.074,79.892,AttanagaluOya,2024-05-31,2024-05-25,2024-06-02,1,high,pre_event,ATT_JAE_20240603,3.2,ATT_JAE_2024-05-31
S000066,ATT_JAE,7.074,79.892,AttanagaluOya,2024-08-18,2024-08-12,2024-08-24,1,high,flood_peak,ATT_JAE_20240818,3.2,ATT_JAE_2024-08-18
S000067,ATT_JAE,7.074,79.892,AttanagaluOya,2024-08-15,2024-08-09,2024-08-17,1,high,pre_event,ATT_JAE_20240818,3.2,ATT_JAE_2024-08-15
S000068,ATT_JAE,7.074,79.892,AttanagaluOya,2024-10-12,2024-10-06,2024-10-18,1,high,flood_peak,ATT_JAE_20241012,3.2,ATT_JAE_2024-10-12
S000069,ATT_JAE,7.074,79.892,AttanagaluOya,2024-10-09,2024-10-03,2024-10-11,1,high,pre_event,ATT_JAE_20241012,3.2,ATT_JAE_2024-10-09
S000070,ATT_JAE,7.074,79.892,AttanagaluOya,2024-10-15,2024-10-09,2024-10-21,1,high,flood_peak,ATT_JAE_20241015,3.2,ATT_JAE_2024-10-15
S000071,ATT_JAE,7.074,79.892,AttanagaluOya,2024-10-12,2024-10-06,2024-10-14,1,high,pre_event,ATT_JAE_20241015,3.2,ATT_JAE_2024-10-12
S000072,ATT_JAE,7.074,79.892,AttanagaluOya,2024-11-30,2024-11-24,2024-12-06,1,high,flood_peak,ATT_JAE_20241127,3.2,ATT_JAE_2024-11-30
S000073,ATT_JAE,7.074,79.892,AttanagaluOya,2024-11-24,2024-11-18,2024-11-26,1,high,pre_event,ATT_JAE_20241127,3.2,ATT_JAE_2024-11-24
S000074,ATT_NIT,7.141,80.098,AttanagaluOya,2015-10-20,2015-10-14,2015-10-26,1,severe,flood_peak,ATT_NIT_20151018,3.2,ATT_NIT_2015-10-20
S000075,ATT_NIT,7.141,80.098,AttanagaluOya,2015-10-15,2015-10-09,2015-10-17,1,severe,pre_event,ATT_NIT_20151018,3.2,ATT_NIT_2015-10-15
S000076,ATT_NIT,7.141,80.098,AttanagaluOya,2016-05-15,2016-05-09,2016-05-21,1,severe,flood_peak,ATT_NIT_20160515,3.2,ATT_NIT_2016-05-15
S000077,ATT_NIT,7.141,80.098,AttanagaluOya,2016-05-12,2016-05-06,2016-05-14,1,severe,pre_event,ATT_NIT_20160515,3.2,ATT_NIT_2016-05-12
S000078,ATT_NIT,7.141,80.098,AttanagaluOya,2017-10-31,2017-10-25,2017-11-06,1,high,flood_peak,ATT_NIT_20171031,3.2,ATT_NIT_2017-10-31
S000079,ATT_NIT,7.141,80.098,AttanagaluOya,2017-10-28,2017-10-22,2017-10-30,1,high,pre_event,ATT_NIT_20171031,3.2,ATT_NIT_2017-10-28
S000080,ATT_NIT,7.141,80.098,AttanagaluOya,2017-11-05,2017-10-30,2017-11-11,1,high,flood_peak,ATT_NIT_20171104,3.2,ATT_NIT_2017-11-05
S000081,ATT_NIT,7.141,80.098,AttanagaluOya,2017-11-01,2017-10-26,2017-11-03,1,high,pre_event,ATT_NIT_20171104,3.2,ATT_NIT_2017-11-01
S000082,ATT_NIT,7.141,80.098,AttanagaluOya,2019-10-16,2019-10-10,2019-10-22,1,severe,flood_peak,ATT_NIT_20191015,3.2,ATT_NIT_2019-10-16
S000083,ATT_NIT,7.141,80.098,AttanagaluOya,2019-10-12,2019-10-06,2019-10-14,1,severe,pre_event,ATT_NIT_20191015,3.2,ATT_NIT_2019-10-12
S000084,ATT_NIT,7.141,80.098,AttanagaluOya,2020-11-16,2020-11-10,2020-11-22,1,high,flood_peak,ATT_NIT_20201115,3.2,ATT_NIT_2020-11-16
S000085,ATT_NIT,7.141,80.098,AttanagaluOya,2020-11-12,2020-11-06,2020-11-14,1,high,pre_event,ATT_NIT_20201115,3.2,ATT_NIT_2020-11-12
S000086,ATT_NIT,7.141,80.098,AttanagaluOya,2021-11-09,2021-11-03,2021-11-15,1,high,flood_peak,ATT_NIT_20211108,3.2,ATT_NIT_2021-11-09
S000087,ATT_NIT,7.141,80.098,AttanagaluOya,2021-11-05,2021-10-30,2021-11-07,1,high,pre_event,ATT_NIT_20211108,3.2,ATT_NIT_2021-11-05
S000088,ATT_NIT,7.141,80.098,AttanagaluOya,2023-10-21,2023-10-15,2023-10-27,1,high,flood_peak,ATT_NIT_20231021,3.2,ATT_NIT_2023-10-21
S000089,ATT_NIT,7.141,80.098,AttanagaluOya,2023-10-18,2023-10-12,2023-10-20,1,high,pre_event,ATT_NIT_20231021,3.2,ATT_NIT_2023-10-18
S000090,ATT_NIT,7.141,80.098,AttanagaluOya,2023-11-05,2023-10-30,2023-11-11,1,high,flood_peak,ATT_NIT_20231104,3.2,ATT_NIT_2023-11-05
S000091,ATT_NIT,7.141,80.098,AttanagaluOya,2023-11-01,2023-10-26,2023-11-03,1,high,pre_event,ATT_NIT_20231104,3.2,ATT_NIT_2023-11-01
S000092,ATT_NIT,7.141,80.098,AttanagaluOya,2023-11-23,2023-11-17,2023-11-29,1,high,flood_peak,ATT_NIT_20231122,3.2,ATT_NIT_2023-11-23
S000093,ATT_NIT,7.141,80.098,AttanagaluOya,2023-11-19,2023-11-13,2023-11-21,1,high,pre_event,ATT_NIT_20231122,3.2,ATT_NIT_2023-11-19
S000094,ATT_NIT,7.141,80.098,AttanagaluOya,2024-05-28,2024-05-22,2024-06-03,1,high,flood_peak,ATT_NIT_20240527,3.2,ATT_NIT_2024-05-28
S000095,ATT_NIT,7.141,80.098,AttanagaluOya,2024-05-24,2024-05-18,2024-05-26,1,high,pre_event,ATT_NIT_20240527,3.2,ATT_NIT_2024-05-24
S000096,ATT_NIT,7.141,80.098,AttanagaluOya,2024-11-30,2024-11-24,2024-12-06,1,high,flood_peak,ATT_NIT_20241128,3.2,ATT_NIT_2024-11-30
S000097,ATT_NIT,7.141,80.098,AttanagaluOya,2024-11-25,2024-11-19,2024-11-27,1,high,pre_event,ATT_NIT_20241128,3.2,ATT_NIT_2024-11-25
S000098,ATT_VEY,7.155,80.061,AttanagaluOya,2015-10-14,2015-10-08,2015-10-20,1,high,flood_peak,ATT_VEY_20151013,3.2,ATT_VEY_2015-10-14
S000099,ATT_VEY,7.155,80.061,AttanagaluOya,2015-10-10,2015-10-04,2015-10-12,1,high,pre_event,ATT_VEY_20151013,3.2,ATT_VEY_2015-10-10
S000100,ATT_VEY,7.155,80.061,AttanagaluOya,2015-10-18,2015-10-12,2015-10-24,1,severe,flood_peak,ATT_VEY_20151018,3.2,ATT_VEY_2015-10-18
S000101,ATT_VEY,7.155,80.061,AttanagaluOya,2015-10-15,2015-10-09,2015-10-17,1,severe,pre_event,ATT_VEY_20151018,3.2,ATT_VEY_2015-10-15
S000102,ATT_VEY,7.155,80.061,AttanagaluOya,2016-05-15,2016-05-09,2016-05-21,1,severe,flood_peak,ATT_VEY_20160515,3.2,ATT_VEY_2016-05-15
S000103,ATT_VEY,7.155,80.061,AttanagaluOya,2016-05-12,2016-05-06,2016-05-14,1,severe,pre_event,ATT_VEY_20160515,3.2,ATT_VEY_2016-05-12
S000104,ATT_VEY,7.155,80.061,AttanagaluOya,2017-10-31,2017-10-25,2017-11-06,1,severe,flood_peak,ATT_VEY_20171031,3.2,ATT_VEY_2017-10-31
S000105,ATT_VEY,7.155,80.061,AttanagaluOya,2017-10-28,2017-10-22,2017-10-30,1,severe,pre_event,ATT_VEY_20171031,3.2,ATT_VEY_2017-10-28
S000106,ATT_VEY,7.155,80.061,AttanagaluOya,2018-09-29,2018-09-23,2018-10-05,1,high,flood_peak,ATT_VEY_20180929,3.2,ATT_VEY_2018-09-29
S000107,ATT_VEY,7.155,80.061,AttanagaluOya,2018-09-26,2018-09-20,2018-09-28,1,high,pre_event,ATT_VEY_20180929,3.2,ATT_VEY_2018-09-26
S000108,ATT_VEY,7.155,80.061,AttanagaluOya,2019-10-16,2019-10-10,2019-10-22,1,severe,flood_peak,ATT_VEY_20191015,3.2,ATT_VEY_2019-10-16
S000109,ATT_VEY,7.155,80.061,AttanagaluOya,2019-10-12,2019-10-06,2019-10-14,1,severe,pre_event,ATT_VEY_20191015,3.2,ATT_VEY_2019-10-12
S000110,ATT_VEY,7.155,80.061,AttanagaluOya,2020-11-15,2020-11-09,2020-11-21,1,high,flood_peak,ATT_VEY_20201115,3.2,ATT_VEY_2020-11-15
S000111,ATT_VEY,7.155,80.061,AttanagaluOya,2020-11-12,2020-11-06,2020-11-14,1,high,pre_event,ATT_VEY_20201115,3.2,ATT_VEY_2020-11-12
S000112,ATT_VEY,7.155,80.061,AttanagaluOya,2021-01-13,2021-01-07,2021-01-19,1,high,flood_peak,ATT_VEY_20210113,3.2,ATT_VEY_2021-01-13
S000113,ATT_VEY,7.155,80.061,AttanagaluOya,2021-01-10,2021-01-04,2021-01-12,1,high,pre_event,ATT_VEY_20210113,3.2,ATT_VEY_2021-01-10
S000114,ATT_VEY,7.155,80.061,AttanagaluOya,2021-11-09,2021-11-03,2021-11-15,1,severe,flood_peak,ATT_VEY_20211108,3.2,ATT_VEY_2021-11-09
S000115,ATT_VEY,7.155,80.061,AttanagaluOya,2021-11-05,2021-10-30,2021-11-07,1,severe,pre_event,ATT_VEY_20211108,3.2,ATT_VEY_2021-11-05
S000116,ATT_VEY,7.155,80.061,AttanagaluOya,2023-10-21,2023-10-15,2023-10-27,1,high,flood_peak,ATT_VEY_20231021,3.2,ATT_VEY_2023-10-21
S000117,ATT_VEY,7.155,80.061,AttanagaluOya,2023-10-18,2023-10-12,2023-10-20,1,high,pre_event,ATT_VEY_20231021,3.2,ATT_VEY_2023-10-18
S000118,ATT_VEY,7.155,80.061,AttanagaluOya,2023-11-05,2023-10-30,2023-11-11,1,high,flood_peak,ATT_VEY_20231105,3.2,ATT_VEY_2023-11-05
S000119,ATT_VEY,7.155,80.061,AttanagaluOya,2023-11-02,2023-10-27,2023-11-04,1,high,pre_event,ATT_VEY_20231105,3.2,ATT_VEY_2023-11-02
S000120,ATT_VEY,7.155,80.061,AttanagaluOya,2023-11-23,2023-11-17,2023-11-29,1,high,flood_peak,ATT_VEY_20231122,3.2,ATT_VEY_2023-11-23
S000121,ATT_VEY,7.155,80.061,AttanagaluOya,2023-11-19,2023-11-13,2023-11-21,1,high,pre_event,ATT_VEY_20231122,3.2,ATT_VEY_2023-11-19
S000122,ATT_VEY,7.155,80.061,AttanagaluOya,2024-11-28,2024-11-22,2024-12-04,1,high,flood_peak,ATT_VEY_20241127,3.2,ATT_VEY_2024-11-28
S000123,ATT_VEY,7.155,80.061,AttanagaluOya,2024-11-24,2024-11-18,2024-11-26,1,high,pre_event,ATT_VEY_20241127,3.2,ATT_VEY_2024-11-24
S000124,BAT_BAT,7.717,81.7,Batticaloa,2015-01-01,2014-12-26,2015-01-07,1,high,flood_peak,BAT_BAT_20141220,3.2,BAT_BAT_2015-01-01
S000125,BAT_BAT,7.717,81.7,Batticaloa,2014-12-29,2014-12-23,2014-12-31,1,high,pre_event,BAT_BAT_20141220,3.2,BAT_BAT_2014-12-29
S000126,BAT_BAT,7.717,81.7,Batticaloa,2015-10-29,2015-10-23,2015-11-04,1,high,flood_peak,BAT_BAT_20151027,3.2,BAT_BAT_2015-10-29
S000127,BAT_BAT,7.717,81.7,Batticaloa,2015-10-24,2015-10-18,2015-10-26,1,high,pre_event,BAT_BAT_20151027,3.2,BAT_BAT_2015-10-24
S000128,BAT_BAT,7.717,81.7,Batticaloa,2018-11-07,2018-11-01,2018-11-13,1,severe,flood_peak,BAT_BAT_20181106,3.2,BAT_BAT_2018-11-07
S000129,BAT_BAT,7.717,81.7,Batticaloa,2018-11-03,2018-10-28,2018-11-05,1,severe,pre_event,BAT_BAT_20181106,3.2,BAT_BAT_2018-11-03
S000130,BAT_BAT,7.717,81.7,Batticaloa,2022-12-27,2022-12-21,2023-01-02,1,high,flood_peak,BAT_BAT_20221227,3.2,BAT_BAT_2022-12-27
S000131,BAT_BAT,7.717,81.7,Batticaloa,2022-12-24,2022-12-18,2022-12-26,1,high,pre_event,BAT_BAT_20221227,3.2,BAT_BAT_2022-12-24
S000132,BAT_BAT,7.717,81.7,Batticaloa,2023-12-18,2023-12-12,2023-12-24,1,high,flood_peak,BAT_BAT_20231218,3.2,BAT_BAT_2023-12-18
S000133,BAT_BAT,7.717,81.7,Batticaloa,2023-12-15,2023-12-09,2023-12-17,1,high,pre_event,BAT_BAT_20231218,3.2,BAT_BAT_2023-12-15
S000134,BAT_BAT,7.717,81.7,Batticaloa,2024-11-28,2024-11-22,2024-12-04,1,severe,flood_peak,BAT_BAT_20241127,3.2,BAT_BAT_2024-11-28
S000135,BAT_BAT,7.717,81.7,Batticaloa,2024-11-24,2024-11-18,2024-11-26,1,severe,pre_event,BAT_BAT_20241127,3.2,BAT_BAT_2024-11-24
S000136,BAT_BAT,7.717,81.7,Batticaloa,2024-12-19,2024-12-13,2024-12-25,1,high,flood_peak,BAT_BAT_20241219,3.2,BAT_BAT_2024-12-19
S000137,BAT_BAT,7.717,81.7,Batticaloa,2024-12-16,2024-12-10,2024-12-18,1,high,pre_event,BAT_BAT_20241219,3.2,BAT_BAT_2024-12-16
S000138,BAT_ERA,7.771,81.601,Batticaloa,2015-01-01,2014-12-26,2015-01-07,1,high,flood_peak,BAT_ERA_20141220,3.2,BAT_ERA_2015-01-01
S000139,BAT_ERA,7.771,81.601,Batticaloa,2014-12-29,2014-12-23,2014-12-31,1,high,pre_event,BAT_ERA_20141220,3.2,BAT_ERA_2014-12-29
S000140,BAT_ERA,7.771,81.601,Batticaloa,2015-10-29,2015-10-23,2015-11-04,1,high,flood_peak,BAT_ERA_20151028,3.2,BAT_ERA_2015-10-29
S000141,BAT_ERA,7.771,81.601,Batticaloa,2015-10-25,2015-10-19,2015-10-27,1,high,pre_event,BAT_ERA_20151028,3.2,BAT_ERA_2015-10-25
S000142,BAT_ERA,7.771,81.601,Batticaloa,2018-11-07,2018-11-01,2018-11-13,1,severe,flood_peak,BAT_ERA_20181106,3.2,BAT_ERA_2018-11-07
S000143,BAT_ERA,7.771,81.601,Batticaloa,2018-11-03,2018-10-28,2018-11-05,1,severe,pre_event,BAT_ERA_20181106,3.2,BAT_ERA_2018-11-03
S000144,BAT_ERA,7.771,81.601,Batticaloa,2020-12-24,2020-12-18,2020-12-30,1,high,flood_peak,BAT_ERA_20201224,3.2,BAT_ERA_2020-12-24
S000145,BAT_ERA,7.771,81.601,Batticaloa,2020-12-21,2020-12-15,2020-12-23,1,high,pre_event,BAT_ERA_20201224,3.2,BAT_ERA_2020-12-21
S000146,BAT_ERA,7.771,81.601,Batticaloa,2022-12-27,2022-12-21,2023-01-02,1,high,flood_peak,BAT_ERA_20221227,3.2,BAT_ERA_2022-12-27
S000147,BAT_ERA,7.771,81.601,Batticaloa,2022-12-24,2022-12-18,2022-12-26,1,high,pre_event,BAT_ERA_20221227,3.2,BAT_ERA_2022-12-24
S000148,BAT_ERA,7.771,81.601,Batticaloa,2023-12-18,2023-12-12,2023-12-24,1,high,flood_peak,BAT_ERA_20231218,3.2,BAT_ERA_2023-12-18
S000149,BAT_ERA,7.771,81.601,Batticaloa,2023-12-15,2023-12-09,2023-12-17,1,high,pre_event,BAT_ERA_20231218,3.2,BAT_ERA_2023-12-15
S000150,BAT_ERA,7.771,81.601,Batticaloa,2024-11-28,2024-11-22,2024-12-04,1,severe,flood_peak,BAT_ERA_20241127,3.2,BAT_ERA_2024-11-28
S000151,BAT_ERA,7.771,81.601,Batticaloa,2024-11-24,2024-11-18,2024-11-26,1,severe,pre_event,BAT_ERA_20241127,3.2,BAT_ERA_2024-11-24
S000152,BAT_ERA,7.771,81.601,Batticaloa,2024-12-19,2024-12-13,2024-12-25,1,high,flood_peak,BAT_ERA_20241219,3.2,BAT_ERA_2024-12-19
S000153,BAT_ERA,7.771,81.601,Batticaloa,2024-12-16,2024-12-10,2024-12-18,1,high,pre_event,BAT_ERA_20241219,3.2,BAT_ERA_2024-12-16
S000154,BAT_VAL,7.921,81.531,Batticaloa,2015-01-01,2014-12-26,2015-01-07,1,high,flood_peak,BAT_VAL_20141220,3.2,BAT_VAL_2015-01-01
S000155,BAT_VAL,7.921,81.531,Batticaloa,2014-12-29,2014-12-23,2014-12-31,1,high,pre_event,BAT_VAL_20141220,3.2,BAT_VAL_2014-12-29
S000156,BAT_VAL,7.921,81.531,Batticaloa,2015-10-28,2015-10-22,2015-11-03,1,high,flood_peak,BAT_VAL_20151027,3.2,BAT_VAL_2015-10-28
S000157,BAT_VAL,7.921,81.531,Batticaloa,2015-10-24,2015-10-18,2015-10-26,1,high,pre_event,BAT_VAL_20151027,3.2,BAT_VAL_2015-10-24
S000158,BAT_VAL,7.921,81.531,Batticaloa,2015-11-14,2015-11-08,2015-11-20,1,high,flood_peak,BAT_VAL_20151114,3.2,BAT_VAL_2015-11-14
S000159,BAT_VAL,7.921,81.531,Batticaloa,2015-11-11,2015-11-05,2015-11-13,1,high,pre_event,BAT_VAL_20151114,3.2,BAT_VAL_2015-11-11
S000160,BAT_VAL,7.921,81.531,Batticaloa,2016-05-15,2016-05-09,2016-05-21,1,high,flood_peak,BAT_VAL_20160515,3.2,BAT_VAL_2016-05-15
S000161,BAT_VAL,7.921,81.531,Batticaloa,2016-05-12,2016-05-06,2016-05-14,1,high,pre_event,BAT_VAL_20160515,3.2,BAT_VAL_2016-05-12
S000162,BAT_VAL,7.921,81.531,Batticaloa,2018-11-06,2018-10-31,2018-11-12,1,severe,flood_peak,BAT_VAL_20181105,3.2,BAT_VAL_2018-11-06
S000163,BAT_VAL,7.921,81.531,Batticaloa,2018-11-02,2018-10-27,2018-11-04,1,severe,pre_event,BAT_VAL_20181105,3.2,BAT_VAL_2018-11-02
S000164,BAT_VAL,7.921,81.531,Batticaloa,2020-12-02,2020-11-26,2020-12-08,1,high,flood_peak,BAT_VAL_20201202,3.2,BAT_VAL_2020-12-02
S000165,BAT_VAL,7.921,81.531,Batticaloa,2020-11-29,2020-11-23,2020-12-01,1,high,pre_event,BAT_VAL_20201202,3.2,BAT_VAL_2020-11-29
S000166,BAT_VAL,7.921,81.531,Batticaloa,2020-12-23,2020-12-17,2020-12-29,1,high,flood_peak,BAT_VAL_20201222,3.2,BAT_VAL_2020-12-23
S000167,BAT_VAL,7.921,81.531,Batticaloa,2020-12-19,2020-12-13,2020-12-21,1,high,pre_event,BAT_VAL_20201222,3.2,BAT_VAL_2020-12-19
S000168,BAT_VAL,7.921,81.531,Batticaloa,2022-11-12,2022-11-06,2022-11-18,1,high,flood_peak,BAT_VAL_20221112,3.2,BAT_VAL_2022-11-12
S000169,BAT_VAL,7.921,81.531,Batticaloa,2022-11-09,2022-11-03,2022-11-11,1,high,pre_event,BAT_VAL_20221112,3.2,BAT_VAL_2022-11-09
S000170,BAT_VAL,7.921,81.531,Batticaloa,2022-12-26,2022-12-20,2023-01-01,1,severe,flood_peak,BAT_VAL_20221226,3.2,BAT_VAL_2022-12-26
S000171,BAT_VAL,7.921,81.531,Batticaloa,2022-12-23,2022-12-17,2022-12-25,1,severe,pre_event,BAT_VAL_20221226,3.2,BAT_VAL_2022-12-23
S000172,BAT_VAL,7.921,81.531,Batticaloa,2024-11-27,2024-11-21,2024-12-03,1,severe,flood_peak,BAT_VAL_20241126,3.2,BAT_VAL_2024-11-27
S000173,BAT_VAL,7.921,81.531,Batticaloa,2024-11-23,2024-11-17,2024-11-25,1,severe,pre_event,BAT_VAL_20241126,3.2,BAT_VAL_2024-11-23
S000174,BAT_VAL,7.921,81.531,Batticaloa,2024-12-19,2024-12-13,2024-12-25,1,high,flood_peak,BAT_VAL_20241219,3.2,BAT_VAL_2024-12-19
S000175,BAT_VAL,7.921,81.531,Batticaloa,2024-12-16,2024-12-10,2024-12-18,1,high,pre_event,BAT_VAL_20241219,3.2,BAT_VAL_2024-12-16
S000176,COL_KOL,6.933,79.891,ColomboMetro,2015-10-24,2015-10-18,2015-10-30,1,severe,flood_peak,COL_KOL_20151018,3.2,COL_KOL_2015-10-24
S000177,COL_KOL,6.933,79.891,ColomboMetro,2015-10-15,2015-10-09,2015-10-17,1,severe,pre_event,COL_KOL_20151018,3.2,COL_KOL_2015-10-15
S000178,COL_KOL,6.933,79.891,ColomboMetro,2016-05-15,2016-05-09,2016-05-21,1,severe,flood_peak,COL_KOL_20160515,3.2,COL_KOL_2016-05-15
S000179,COL_KOL,6.933,79.891,ColomboMetro,2016-05-12,2016-05-06,2016-05-14,1,severe,pre_event,COL_KOL_20160515,3.2,COL_KOL_2016-05-12
S000180,COL_KOL,6.933,79.891,ColomboMetro,2017-11-06,2017-10-31,2017-11-12,1,high,flood_peak,COL_KOL_20171106,3.2,COL_KOL_2017-11-06
S000181,COL_KOL,6.933,79.891,ColomboMetro,2017-11-03,2017-10-28,2017-11-05,1,high,pre_event,COL_KOL_20171106,3.2,COL_KOL_2017-11-03
S000182,COL_KOL,6.933,79.891,ColomboMetro,2019-10-16,2019-10-10,2019-10-22,1,high,flood_peak,COL_KOL_20191015,3.2,COL_KOL_2019-10-16
S000183,COL_KOL,6.933,79.891,ColomboMetro,2019-10-12,2019-10-06,2019-10-14,1,high,pre_event,COL_KOL_20191015,3.2,COL_KOL_2019-10-12
S000184,COL_KOL,6.933,79.891,ColomboMetro,2019-10-20,2019-10-14,2019-10-26,1,high,flood_peak,COL_KOL_20191020,3.2,COL_KOL_2019-10-20
S000185,COL_KOL,6.933,79.891,ColomboMetro,2019-10-17,2019-10-11,2019-10-19,1,high,pre_event,COL_KOL_20191020,3.2,COL_KOL_2019-10-17
S000186,COL_KOL,6.933,79.891,ColomboMetro,2023-10-21,2023-10-15,2023-10-27,1,high,flood_peak,COL_KOL_20231021,3.2,COL_KOL_2023-10-21
S000187,COL_KOL,6.933,79.891,ColomboMetro,2023-10-18,2023-10-12,2023-10-20,1,high,pre_event,COL_KOL_20231021,3.2,COL_KOL_2023-10-18
S000188,COL_KOL,6.933,79.891,ColomboMetro,2023-11-05,2023-10-30,2023-11-11,1,severe,flood_peak,COL_KOL_20231031,3.2,COL_KOL_2023-11-05
S000189,COL_KOL,6.933,79.891,ColomboMetro,2023-10-28,2023-10-22,2023-10-30,1,severe,pre_event,COL_KOL_20231031,3.2,COL_KOL_2023-10-28
S000190,COL_KOL,6.933,79.891,ColomboMetro,2023-11-21,2023-11-15,2023-11-27,1,high,flood_peak,COL_KOL_20231121,3.2,COL_KOL_2023-11-21
S000191,COL_KOL,6.933,79.891,ColomboMetro,2023-11-18,2023-11-12,2023-11-20,1,high,pre_event,COL_KOL_20231121,3.2,COL_KOL_2023-11-18
S000192,COL_KOL,6.933,79.891,ColomboMetro,2024-05-27,2024-05-21,2024-06-02,1,high,flood_peak,COL_KOL_20240524,3.2,COL_KOL_2024-05-27
S000193,COL_KOL,6.933,79.891,ColomboMetro,2024-05-21,2024-05-15,2024-05-23,1,high,pre_event,COL_KOL_20240524,3.2,COL_KOL_2024-05-21
S000194,COL_KOL,6.933,79.891,ColomboMetro,2024-11-28,2024-11-22,2024-12-04,1,high,flood_peak,COL_KOL_20241128,3.2,COL_KOL_2024-11-28
S000195,COL_KOL,6.933,79.891,ColomboMetro,2024-11-25,2024-11-19,2024-11-27,1,high,pre_event,COL_KOL_20241128,3.2,COL_KOL_2024-11-25
S000196,COL_KOT,6.888,79.901,ColomboMetro,2015-04-20,2015-04-14,2015-04-26,1,high,flood_peak,COL_KOT_20150420,3.2,COL_KOT_2015-04-20
S000197,COL_KOT,6.888,79.901,ColomboMetro,2015-04-17,2015-04-11,2015-04-19,1,high,pre_event,COL_KOT_20150420,3.2,COL_KOT_2015-04-17
S000198,COL_KOT,6.888,79.901,ColomboMetro,2015-10-16,2015-10-10,2015-10-22,1,severe,flood_peak,COL_KOT_20151016,3.2,COL_KOT_2015-10-16
S000199,COL_KOT,6.888,79.901,ColomboMetro,2015-10-13,2015-10-07,2015-10-15,1,severe,pre_event,COL_KOT_20151016,3.2,COL_KOT_2015-10-13
S000200,COL_KOT,6.888,79.901,ColomboMetro,2015-10-24,2015-10-18,2015-10-30,1,high,flood_peak,COL_KOT_20151023,3.2,COL_KOT_2015-10-24
S000201,COL_KOT,6.888,79.901,ColomboMetro,2015-10-20,2015-10-14,2015-10-22,1,high,pre_event,COL_KOT_20151023,3.2,COL_KOT_2015-10-20
S000202,COL_KOT,6.888,79.901,ColomboMetro,2015-12-18,2015-12-12,2015-12-24,1,high,flood_peak,COL_KOT_20151218,3.2,COL_KOT_2015-12-18
S000203,COL_KOT,6.888,79.901,ColomboMetro,2015-12-15,2015-12-09,2015-12-17,1,high,pre_event,COL_KOT_20151218,3.2,COL_KOT_2015-12-15
S000204,COL_KOT,6.888,79.901,ColomboMetro,2016-05-15,2016-05-09,2016-05-21,1,severe,flood_peak,COL_KOT_20160513,3.2,COL_KOT_2016-05-15
S000205,COL_KOT,6.888,79.901,ColomboMetro,2016-05-10,2016-05-04,2016-05-12,1,severe,pre_event,COL_KOT_20160513,3.2,COL_KOT_2016-05-10
S000206,COL_KOT,6.888,79.901,ColomboMetro,2016-11-19,2016-11-13,2016-11-25,1,high,flood_peak,COL_KOT_20161119,3.2,COL_KOT_2016-11-19
S000207,COL_KOT,6.888,79.901,ColomboMetro,2016-11-16,2016-11-10,2016-11-18,1,high,pre_event,COL_KOT_20161119,3.2,COL_KOT_2016-11-16
S000208,COL_KOT,6.888,79.901,ColomboMetro,2017-01-30,2017-01-24,2017-02-05,1,high,flood_peak,COL_KOT_20170130,3.2,COL_KOT_2017-01-30
S000209,COL_KOT,6.888,79.901,ColomboMetro,2017-01-27,2017-01-21,2017-01-29,1,high,pre_event,COL_KOT_20170130,3.2,COL_KOT_2017-01-27
S000210,COL_KOT,6.888,79.901,ColomboMetro,2017-11-06,2017-10-31,2017-11-12,1,high,flood_peak,COL_KOT_20171106,3.2,COL_KOT_2017-11-06
S000211,COL_KOT,6.888,79.901,ColomboMetro,2017-11-03,2017-10-28,2017-11-05,1,high,pre_event,COL_KOT_20171106,3.2,COL_KOT_2017-11-03
S000212,COL_KOT,6.888,79.901,ColomboMetro,2017-11-30,2017-11-24,2017-12-06,1,severe,flood_peak,COL_KOT_20171130,3.2,COL_KOT_2017-11-30
S000213,COL_KOT,6.888,79.901,ColomboMetro,2017-11-27,2017-11-21,2017-11-29,1,severe,pre_event,COL_KOT_20171130,3.2,COL_KOT_2017-11-27
S000214,COL_KOT,6.888,79.901,ColomboMetro,2018-06-07,2018-06-01,2018-06-13,1,high,flood_peak,COL_KOT_20180607,3.2,COL_KOT_2018-06-07
S000215,COL_KOT,6.888,79.901,ColomboMetro,2018-06-04,2018-05-29,2018-06-06,1,high,pre_event,COL_KOT_20180607,3.2,COL_KOT_2018-06-04
S000216,COL_KOT,6.888,79.901,ColomboMetro,2018-09-30,2018-09-24,2018-10-06,1,severe,flood_peak,COL_KOT_20180929,3.2,COL_KOT_2018-09-30
S000217,COL_KOT,6.888,79.901,ColomboMetro,2018-09-26,2018-09-20,2018-09-28,1,severe,pre_event,COL_KOT_20180929,3.2,COL_KOT_2018-09-26
S000218,COL_KOT,6.888,79.901,ColomboMetro,2018-10-24,2018-10-18,2018-10-30,1,severe,flood_peak,COL_KOT_20181024,3.2,COL_KOT_2018-10-24
S000219,COL_KOT,6.888,79.901,ColomboMetro,2018-10-21,2018-10-15,2018-10-23,1,severe,pre_event,COL_KOT_20181024,3.2,COL_KOT_2018-10-21
S000220,COL_KOT,6.888,79.901,ColomboMetro,2019-08-13,2019-08-07,2019-08-19,1,high,flood_peak,COL_KOT_20190813,3.2,COL_KOT_2019-08-13
S000221,COL_KOT,6.888,79.901,ColomboMetro,2019-08-10,2019-08-04,2019-08-12,1,high,pre_event,COL_KOT_20190813,3.2,COL_KOT_2019-08-10
S000222,COL_KOT,6.888,79.901,ColomboMetro,2019-10-15,2019-10-09,2019-10-21,1,severe,flood_peak,COL_KOT_20191013,3.2,COL_KOT_2019-10-15
S000223,COL_KOT,6.888,79.901,ColomboMetro,2019-10-10,2019-10-04,2019-10-12,1,severe,pre_event,COL_KOT_20191013,3.2,COL_KOT_2019-10-10
S000224,COL_KOT,6.888,79.901,ColomboMetro,2019-10-20,2019-10-14,2019-10-26,1,high,flood_peak,COL_KOT_20191020,3.2,COL_KOT_2019-10-20
S000225,COL_KOT,6.888,79.901,ColomboMetro,2019-10-17,2019-10-11,2019-10-19,1,high,pre_event,COL_KOT_20191020,3.2,COL_KOT_2019-10-17
S000226,COL_KOT,6.888,79.901,ColomboMetro,2019-11-30,2019-11-24,2019-12-06,1,high,flood_peak,COL_KOT_20191130,3.2,COL_KOT_2019-11-30
S000227,COL_KOT,6.888,79.901,ColomboMetro,2019-11-27,2019-11-21,2019-11-29,1,high,pre_event,COL_KOT_20191130,3.2,COL_KOT_2019-11-27
S000228,COL_KOT,6.888,79.901,ColomboMetro,2019-12-05,2019-11-29,2019-12-11,1,high,flood_peak,COL_KOT_20191205,3.2,COL_KOT_2019-12-05
S000229,COL_KOT,6.888,79.901,ColomboMetro,2019-12-02,2019-11-26,2019-12-04,1,high,pre_event,COL_KOT_20191205,3.2,COL_KOT_2019-12-02
S000230,COL_KOT,6.888,79.901,ColomboMetro,2019-12-20,2019-12-14,2019-12-26,1,severe,flood_peak,COL_KOT_20191220,3.2,COL_KOT_2019-12-20
S000231,COL_KOT,6.888,79.901,ColomboMetro,2019-12-17,2019-12-11,2019-12-19,1,severe,pre_event,COL_KOT_20191220,3.2,COL_KOT_2019-12-17
S000232,COL_KOT,6.888,79.901,ColomboMetro,2020-08-09,2020-08-03,2020-08-15,1,high,flood_peak,COL_KOT_20200809,3.2,COL_KOT_2020-08-09
S000233,COL_KOT,6.888,79.901,ColomboMetro,2020-08-06,2020-07-31,2020-08-08,1,high,pre_event,COL_KOT_20200809,3.2,COL_KOT_2020-08-06
S000234,COL_KOT,6.888,79.901,ColomboMetro,2020-09-18,2020-09-12,2020-09-24,1,high,flood_peak,COL_KOT_20200918,3.2,COL_KOT_2020-09-18
S000235,COL_KOT,6.888,79.901,ColomboMetro,2020-09-15,2020-09-09,2020-09-17,1,high,pre_event,COL_KOT_20200918,3.2,COL_KOT_2020-09-15
S000236,COL_KOT,6.888,79.901,ColomboMetro,2020-11-20,2020-11-14,2020-11-26,1,high,flood_peak,COL_KOT_20201120,3.2,COL_KOT_2020-11-20
S000237,COL_KOT,6.888,79.901,ColomboMetro,2020-11-17,2020-11-11,2020-11-19,1,high,pre_event,COL_KOT_20201120,3.2,COL_KOT_2020-11-17
S000238,COL_KOT,6.888,79.901,ColomboMetro,2021-01-13,2021-01-07,2021-01-19,1,high,flood_peak,COL_KOT_20210113,3.2,COL_KOT_2021-01-13
S000239,COL_KOT,6.888,79.901,ColomboMetro,2021-01-10,2021-01-04,2021-01-12,1,high,pre_event,COL_KOT_20210113,3.2,COL_KOT_2021-01-10
S000240,COL_KOT,6.888,79.901,ColomboMetro,2021-03-08,2021-03-02,2021-03-14,1,high,flood_peak,COL_KOT_20210308,3.2,COL_KOT_2021-03-08
S000241,COL_KOT,6.888,79.901,ColomboMetro,2021-03-05,2021-02-27,2021-03-07,1,high,pre_event,COL_KOT_20210308,3.2,COL_KOT_2021-03-05
S000242,COL_KOT,6.888,79.901,ColomboMetro,2021-03-28,2021-03-22,2021-04-03,1,high,flood_peak,COL_KOT_20210327,3.2,COL_KOT_2021-03-28
S000243,COL_KOT,6.888,79.901,ColomboMetro,2021-03-24,2021-03-18,2021-03-26,1,high,pre_event,COL_KOT_20210327,3.2,COL_KOT_2021-03-24
S000244,COL_KOT,6.888,79.901,ColomboMetro,2021-05-13,2021-05-07,2021-05-19,1,high,flood_peak,COL_KOT_20210513,3.2,COL_KOT_2021-05-13
S000245,COL_KOT,6.888,79.901,ColomboMetro,2021-05-10,2021-05-04,2021-05-12,1,high,pre_event,COL_KOT_20210513,3.2,COL_KOT_2021-05-10
S000246,COL_KOT,6.888,79.901,ColomboMetro,2021-05-25,2021-05-19,2021-05-31,1,high,flood_peak,COL_KOT_20210525,3.2,COL_KOT_2021-05-25
S000247,COL_KOT,6.888,79.901,ColomboMetro,2021-05-22,2021-05-16,2021-05-24,1,high,pre_event,COL_KOT_20210525,3.2,COL_KOT_2021-05-22
S000248,COL_KOT,6.888,79.901,ColomboMetro,2021-10-29,2021-10-23,2021-11-04,1,severe,flood_peak,COL_KOT_20211028,3.2,COL_KOT_2021-10-29
S000249,COL_KOT,6.888,79.901,ColomboMetro,2021-10-25,2021-10-19,2021-10-27,1,severe,pre_event,COL_KOT_20211028,3.2,COL_KOT_2021-10-25
S000250,COL_KOT,6.888,79.901,ColomboMetro,2021-11-08,2021-11-02,2021-11-14,1,high,flood_peak,COL_KOT_20211108,3.2,COL_KOT_2021-11-08
S000251,COL_KOT,6.888,79.901,ColomboMetro,2021-11-05,2021-10-30,2021-11-07,1,high,pre_event,COL_KOT_20211108,3.2,COL_KOT_2021-11-05
S000252,COL_KOT,6.888,79.901,ColomboMetro,2022-05-14,2022-05-08,2022-05-20,1,severe,flood_peak,COL_KOT_20220514,3.2,COL_KOT_2022-05-14
S000253,COL_KOT,6.888,79.901,ColomboMetro,2022-05-11,2022-05-05,2022-05-13,1,severe,pre_event,COL_KOT_20220514,3.2,COL_KOT_2022-05-11
S000254,COL_KOT,6.888,79.901,ColomboMetro,2022-05-31,2022-05-25,2022-06-06,1,high,flood_peak,COL_KOT_20220531,3.2,COL_KOT_2022-05-31
S000255,COL_KOT,6.888,79.901,ColomboMetro,2022-05-28,2022-05-22,2022-05-30,1,high,pre_event,COL_KOT_20220531,3.2,COL_KOT_2022-05-28
S000256,COL_KOT,6.888,79.901,ColomboMetro,2023-10-19,2023-10-13,2023-10-25,1,high,flood_peak,COL_KOT_20231019,3.2,COL_KOT_2023-10-19
S000257,COL_KOT,6.888,79.901,ColomboMetro,2023-10-16,2023-10-10,2023-10-18,1,high,pre_event,COL_KOT_20231019,3.2,COL_KOT_2023-10-16
S000258,COL_KOT,6.888,79.901,ColomboMetro,2024-05-27,2024-05-21,2024-06-02,1,severe,flood_peak,COL_KOT_20240520,3.2,COL_KOT_2024-05-27
S000259,COL_KOT,6.888,79.901,ColomboMetro,2024-05-17,2024-05-11,2024-05-19,1,severe,pre_event,COL_KOT_20240520,3.2,COL_KOT_2024-05-17
S000260,COL_KOT,6.888,79.901,ColomboMetro,2024-06-23,2024-06-17,2024-06-29,1,high,flood_peak,COL_KOT_20240623,3.2,COL_KOT_2024-06-23
S000261,COL_KOT,6.888,79.901,ColomboMetro,2024-06-20,2024-06-14,2024-06-22,1,high,pre_event,COL_KOT_20240623,3.2,COL_KOT_2024-06-20
S000262,COL_KOT,6.888,79.901,ColomboMetro,2024-07-30,2024-07-24,2024-08-05,1,high,flood_peak,COL_KOT_20240730,3.2,COL_KOT_2024-07-30
S000263,COL_KOT,6.888,79.901,ColomboMetro,2024-07-27,2024-07-21,2024-07-29,1,high,pre_event,COL_KOT_20240730,3.2,COL_KOT_2024-07-27
S000264,COL_KOT,6.888,79.901,ColomboMetro,2024-08-13,2024-08-07,2024-08-19,1,high,flood_peak,COL_KOT_20240813,3.2,COL_KOT_2024-08-13
S000265,COL_KOT,6.888,79.901,ColomboMetro,2024-08-10,2024-08-04,2024-08-12,1,high,pre_event,COL_KOT_20240813,3.2,COL_KOT_2024-08-10
S000266,COL_KOT,6.888,79.901,ColomboMetro,2024-10-12,2024-10-06,2024-10-18,1,high,flood_peak,COL_KOT_20241011,3.2,COL_KOT_2024-10-12
S000267,COL_KOT,6.888,79.901,ColomboMetro,2024-10-08,2024-10-02,2024-10-10,1,high,pre_event,COL_KOT_20241011,3.2,COL_KOT_2024-10-08
S000268,COL_KOT,6.888,79.901,ColomboMetro,2024-10-15,2024-10-09,2024-10-21,1,high,flood_peak,COL_KOT_20241015,3.2,COL_KOT_2024-10-15
S000269,COL_KOT,6.888,79.901,ColomboMetro,2024-10-12,2024-10-06,2024-10-14,1,high,pre_event,COL_KOT_20241015,3.2,COL_KOT_2024-10-12
S000270,DED_CHI,7.576,79.797,DeduruOya,2015-10-19,2015-10-13,2015-10-25,1,severe,flood_peak,DED_CHI_20151018,3.2,DED_CHI_2015-10-19
S000271,DED_CHI,7.576,79.797,DeduruOya,2015-10-15,2015-10-09,2015-10-17,1,severe,pre_event,DED_CHI_20151018,3.2,DED_CHI_2015-10-15
S000272,DED_CHI,7.576,79.797,DeduruOya,2015-11-09,2015-11-03,2015-11-15,1,high,flood_peak,DED_CHI_20151109,3.2,DED_CHI_2015-11-09
S000273,DED_CHI,7.576,79.797,DeduruOya,2015-11-06,2015-10-31,2015-11-08,1,high,pre_event,DED_CHI_20151109,3.2,DED_CHI_2015-11-06
S000274,DED_CHI,7.576,79.797,DeduruOya,2015-11-16,2015-11-10,2015-11-22,1,high,flood_peak,DED_CHI_20151115,3.2,DED_CHI_2015-11-16
S000275,DED_CHI,7.576,79.797,DeduruOya,2015-11-12,2015-11-06,2015-11-14,1,high,pre_event,DED_CHI_20151115,3.2,DED_CHI_2015-11-12
S000276,DED_CHI,7.576,79.797,DeduruOya,2016-05-15,2016-05-09,2016-05-21,1,severe,flood_peak,DED_CHI_20160515,3.2,DED_CHI_2016-05-15
S000277,DED_CHI,7.576,79.797,DeduruOya,2016-05-12,2016-05-06,2016-05-14,1,severe,pre_event,DED_CHI_20160515,3.2,DED_CHI_2016-05-12
S000278,DED_CHI,7.576,79.797,DeduruOya,2017-12-02,2017-11-26,2017-12-08,1,high,flood_peak,DED_CHI_20171202,3.2,DED_CHI_2017-12-02
S000279,DED_CHI,7.576,79.797,DeduruOya,2017-11-29,2017-11-23,2017-12-01,1,high,pre_event,DED_CHI_20171202,3.2,DED_CHI_2017-11-29
S000280,DED_CHI,7.576,79.797,DeduruOya,2019-10-21,2019-10-15,2019-10-27,1,high,flood_peak,DED_CHI_20191020,3.2,DED_CHI_2019-10-21
S000281,DED_CHI,7.576,79.797,DeduruOya,2019-10-17,2019-10-11,2019-10-19,1,high,pre_event,DED_CHI_20191020,3.2,DED_CHI_2019-10-17
S000282,DED_CHI,7.576,79.797,DeduruOya,2021-11-10,2021-11-04,2021-11-16,1,severe,flood_peak,DED_CHI_20211108,3.2,DED_CHI_2021-11-10
S000283,DED_CHI,7.576,79.797,DeduruOya,2021-11-05,2021-10-30,2021-11-07,1,severe,pre_event,DED_CHI_20211108,3.2,DED_CHI_2021-11-05
S000284,DED_CHI,7.576,79.797,DeduruOya,2022-11-07,2022-11-01,2022-11-13,1,high,flood_peak,DED_CHI_20221106,3.2,DED_CHI_2022-11-07
S000285,DED_CHI,7.576,79.797,DeduruOya,2022-11-03,2022-10-28,2022-11-05,1,high,pre_event,DED_CHI_20221106,3.2,DED_CHI_2022-11-03
S000286,DED_CHI,7.576,79.797,DeduruOya,2023-10-21,2023-10-15,2023-10-27,1,severe,flood_peak,DED_CHI_20231020,3.2,DED_CHI_2023-10-21
S000287,DED_CHI,7.576,79.797,DeduruOya,2023-10-17,2023-10-11,2023-10-19,1,severe,pre_event,DED_CHI_20231020,3.2,DED_CHI_2023-10-17
S000288,DED_CHI,7.576,79.797,DeduruOya,2023-11-21,2023-11-15,2023-11-27,1,severe,flood_peak,DED_CHI_20231102,3.2,DED_CHI_2023-11-21
S000289,DED_CHI,7.576,79.797,DeduruOya,2023-10-30,2023-10-24,2023-11-01,1,severe,pre_event,DED_CHI_20231102,3.2,DED_CHI_2023-10-30
S000290,DED_CHI,7.576,79.797,DeduruOya,2024-05-21,2024-05-15,2024-05-27,1,high,flood_peak,DED_CHI_20240521,3.2,DED_CHI_2024-05-21
S000291,DED_CHI,7.576,79.797,DeduruOya,2024-05-18,2024-05-12,2024-05-20,1,high,pre_event,DED_CHI_20240521,3.2,DED_CHI_2024-05-18
S000292,DED_CHI,7.576,79.797,DeduruOya,2024-10-16,2024-10-10,2024-10-22,1,high,flood_peak,DED_CHI_20241016,3.2,DED_CHI_2024-10-16
S000293,DED_CHI,7.576,79.797,DeduruOya,2024-10-13,2024-10-07,2024-10-15,1,high,pre_event,DED_CHI_20241016,3.2,DED_CHI_2024-10-13
S000294,DED_CHI,7.576,79.797,DeduruOya,2024-11-28,2024-11-22,2024-12-04,1,severe,flood_peak,DED_CHI_20241124,3.2,DED_CHI_2024-11-28
S000295,DED_CHI,7.576,79.797,DeduruOya,2024-11-21,2024-11-15,2024-11-23,1,severe,pre_event,DED_CHI_20241124,3.2,DED_CHI_2024-11-21
S000296,DED_KUR,7.487,80.362,DeduruOya,2015-01-01,2014-12-26,2015-01-07,1,high,flood_peak,DED_KUR_20141220,3.2,DED_KUR_2015-01-01
S000297,DED_KUR,7.487,80.362,DeduruOya,2014-12-29,2014-12-23,2014-12-31,1,high,pre_event,DED_KUR_20141220,3.2,DED_KUR_2014-12-29
S000298,DED_KUR,7.487,80.362,DeduruOya,2015-10-27,2015-10-21,2015-11-02,1,severe,flood_peak,DED_KUR_20151018,3.2,DED_KUR_2015-10-27
S000299,DED_KUR,7.487,80.362,DeduruOya,2015-10-15,2015-10-09,2015-10-17,1,severe,pre_event,DED_KUR_20151018,3.2,DED_KUR_2015-10-15
S000300,DED_KUR,7.487,80.362,DeduruOya,2016-05-15,2016-05-09,2016-05-21,1,severe,flood_peak,DED_KUR_20160515,3.2,DED_KUR_2016-05-15
S000301,DED_KUR,7.487,80.362,DeduruOya,2016-05-12,2016-05-06,2016-05-14,1,severe,pre_event,DED_KUR_20160515,3.2,DED_KUR_2016-05-12
S000302,DED_KUR,7.487,80.362,DeduruOya,2019-02-09,2019-02-03,2019-02-15,1,high,flood_peak,DED_KUR_20190209,3.2,DED_KUR_2019-02-09
S000303,DED_KUR,7.487,80.362,DeduruOya,2019-02-06,2019-01-31,2019-02-08,1,high,pre_event,DED_KUR_20190209,3.2,DED_KUR_2019-02-06
S000304,DED_KUR,7.487,80.362,DeduruOya,2019-10-17,2019-10-11,2019-10-23,1,high,flood_peak,DED_KUR_20191017,3.2,DED_KUR_2019-10-17
S000305,DED_KUR,7.487,80.362,DeduruOya,2019-10-14,2019-10-08,2019-10-16,1,high,pre_event,DED_KUR_20191017,3.2,DED_KUR_2019-10-14
S000306,DED_KUR,7.487,80.362,DeduruOya,2020-11-18,2020-11-12,2020-11-24,1,severe,flood_peak,DED_KUR_20201118,3.2,DED_KUR_2020-11-18
S000307,DED_KUR,7.487,80.362,DeduruOya,2020-11-15,2020-11-09,2020-11-17,1,severe,pre_event,DED_KUR_20201118,3.2,DED_KUR_2020-11-15
S000308,DED_KUR,7.487,80.362,DeduruOya,2020-12-02,2020-11-26,2020-12-08,1,high,flood_peak,DED_KUR_20201202,3.2,DED_KUR_2020-12-02
S000309,DED_KUR,7.487,80.362,DeduruOya,2020-11-29,2020-11-23,2020-12-01,1,high,pre_event,DED_KUR_20201202,3.2,DED_KUR_2020-11-29
S000310,DED_KUR,7.487,80.362,DeduruOya,2021-05-03,2021-04-27,2021-05-09,1,high,flood_peak,DED_KUR_20210503,3.2,DED_KUR_2021-05-03
S000311,DED_KUR,7.487,80.362,DeduruOya,2021-04-30,2021-04-24,2021-05-02,1,high,pre_event,DED_KUR_20210503,3.2,DED_KUR_2021-04-30
S000312,DED_KUR,7.487,80.362,DeduruOya,2021-11-09,2021-11-03,2021-11-15,1,high,flood_peak,DED_KUR_20211109,3.2,DED_KUR_2021-11-09
S000313,DED_KUR,7.487,80.362,DeduruOya,2021-11-06,2021-10-31,2021-11-08,1,high,pre_event,DED_KUR_20211109,3.2,DED_KUR_2021-11-06
S000314,DED_KUR,7.487,80.362,DeduruOya,2021-11-25,2021-11-19,2021-12-01,1,high,flood_peak,DED_KUR_20211125,3.2,DED_KUR_2021-11-25
S000315,DED_KUR,7.487,80.362,DeduruOya,2021-11-22,2021-11-16,2021-11-24,1,high,pre_event,DED_KUR_20211125,3.2,DED_KUR_2021-11-22
S000316,DED_KUR,7.487,80.362,DeduruOya,2023-10-21,2023-10-15,2023-10-27,1,high,flood_peak,DED_KUR_20231021,3.2,DED_KUR_2023-10-21
S000317,DED_KUR,7.487,80.362,DeduruOya,2023-10-18,2023-10-12,2023-10-20,1,high,pre_event,DED_KUR_20231021,3.2,DED_KUR_2023-10-18
S000318,DED_KUR,7.487,80.362,DeduruOya,2023-11-13,2023-11-07,2023-11-19,1,high,flood_peak,DED_KUR_20231112,3.2,DED_KUR_2023-11-13
S000319,DED_KUR,7.487,80.362,DeduruOya,2023-11-09,2023-11-03,2023-11-11,1,high,pre_event,DED_KUR_20231112,3.2,DED_KUR_2023-11-09
S000320,DED_KUR,7.487,80.362,DeduruOya,2023-11-21,2023-11-15,2023-11-27,1,high,flood_peak,DED_KUR_20231121,3.2,DED_KUR_2023-11-21
S000321,DED_KUR,7.487,80.362,DeduruOya,2023-11-18,2023-11-12,2023-11-20,1,high,pre_event,DED_KUR_20231121,3.2,DED_KUR_2023-11-18
S000322,DED_KUR,7.487,80.362,DeduruOya,2023-12-11,2023-12-05,2023-12-17,1,high,flood_peak,DED_KUR_20231210,3.2,DED_KUR_2023-12-11
S000323,DED_KUR,7.487,80.362,DeduruOya,2023-12-07,2023-12-01,2023-12-09,1,high,pre_event,DED_KUR_20231210,3.2,DED_KUR_2023-12-07
S000324,DED_KUR,7.487,80.362,DeduruOya,2024-11-27,2024-11-21,2024-12-03,1,severe,flood_peak,DED_KUR_20241126,3.2,DED_KUR_2024-11-27
S000325,DED_KUR,7.487,80.362,DeduruOya,2024-11-23,2024-11-17,2024-11-25,1,severe,pre_event,DED_KUR_20241126,3.2,DED_KUR_2024-11-23
S000326,DED_WAR,7.621,80.231,DeduruOya,2015-10-14,2015-10-08,2015-10-20,1,high,flood_peak,DED_WAR_20151014,3.2,DED_WAR_2015-10-14
S000327,DED_WAR,7.621,80.231,DeduruOya,2015-10-11,2015-10-05,2015-10-13,1,high,pre_event,DED_WAR_20151014,3.2,DED_WAR_2015-10-11
S000328,DED_WAR,7.621,80.231,DeduruOya,2015-10-27,2015-10-21,2015-11-02,1,severe,flood_peak,DED_WAR_20151018,3.2,DED_WAR_2015-10-27
S000329,DED_WAR,7.621,80.231,DeduruOya,2015-10-15,2015-10-09,2015-10-17,1,severe,pre_event,DED_WAR_20151018,3.2,DED_WAR_2015-10-15
S000330,DED_WAR,7.621,80.231,DeduruOya,2015-11-15,2015-11-09,2015-11-21,1,severe,flood_peak,DED_WAR_20151113,3.2,DED_WAR_2015-11-15
S000331,DED_WAR,7.621,80.231,DeduruOya,2015-11-10,2015-11-04,2015-11-12,1,severe,pre_event,DED_WAR_20151113,3.2,DED_WAR_2015-11-10
S000332,DED_WAR,7.621,80.231,DeduruOya,2016-05-15,2016-05-09,2016-05-21,1,severe,flood_peak,DED_WAR_20160515,3.2,DED_WAR_2016-05-15
S000333,DED_WAR,7.621,80.231,DeduruOya,2016-05-12,2016-05-06,2016-05-14,1,severe,pre_event,DED_WAR_20160515,3.2,DED_WAR_2016-05-12
S000334,DED_WAR,7.621,80.231,DeduruOya,2019-10-03,2019-09-27,2019-10-09,1,high,flood_peak,DED_WAR_20191003,3.2,DED_WAR_2019-10-03
S000335,DED_WAR,7.621,80.231,DeduruOya,2019-09-30,2019-09-24,2019-10-02,1,high,pre_event,DED_WAR_20191003,3.2,DED_WAR_2019-09-30
S000336,DED_WAR,7.621,80.231,DeduruOya,2019-10-17,2019-10-11,2019-10-23,1,high,flood_peak,DED_WAR_20191017,3.2,DED_WAR_2019-10-17
S000337,DED_WAR,7.621,80.231,DeduruOya,2019-10-14,2019-10-08,2019-10-16,1,high,pre_event,DED_WAR_20191017,3.2,DED_WAR_2019-10-14
S000338,DED_WAR,7.621,80.231,DeduruOya,2019-10-20,2019-10-14,2019-10-26,1,high,flood_peak,DED_WAR_20191020,3.2,DED_WAR_2019-10-20
S000339,DED_WAR,7.621,80.231,DeduruOya,2019-10-17,2019-10-11,2019-10-19,1,high,pre_event,DED_WAR_20191020,3.2,DED_WAR_2019-10-17
S000340,DED_WAR,7.621,80.231,DeduruOya,2020-11-18,2020-11-12,2020-11-24,1,high,flood_peak,DED_WAR_20201118,3.2,DED_WAR_2020-11-18
S000341,DED_WAR,7.621,80.231,DeduruOya,2020-11-15,2020-11-09,2020-11-17,1,high,pre_event,DED_WAR_20201118,3.2,DED_WAR_2020-11-15
S000342,DED_WAR,7.621,80.231,DeduruOya,2020-12-02,2020-11-26,2020-12-08,1,high,flood_peak,DED_WAR_20201202,3.2,DED_WAR_2020-12-02
S000343,DED_WAR,7.621,80.231,DeduruOya,2020-11-29,2020-11-23,2020-12-01,1,high,pre_event,DED_WAR_20201202,3.2,DED_WAR_2020-11-29
S000344,DED_WAR,7.621,80.231,DeduruOya,2021-11-10,2021-11-04,2021-11-16,1,high,flood_peak,DED_WAR_20211108,3.2,DED_WAR_2021-11-10
S000345,DED_WAR,7.621,80.231,DeduruOya,2021-11-05,2021-10-30,2021-11-07,1,high,pre_event,DED_WAR_20211108,3.2,DED_WAR_2021-11-05
S000346,DED_WAR,7.621,80.231,DeduruOya,2021-11-25,2021-11-19,2021-12-01,1,high,flood_peak,DED_WAR_20211125,3.2,DED_WAR_2021-11-25
S000347,DED_WAR,7.621,80.231,DeduruOya,2021-11-22,2021-11-16,2021-11-24,1,high,pre_event,DED_WAR_20211125,3.2,DED_WAR_2021-11-22
S000348,DED_WAR,7.621,80.231,DeduruOya,2023-10-21,2023-10-15,2023-10-27,1,high,flood_peak,DED_WAR_20231021,3.2,DED_WAR_2023-10-21
S000349,DED_WAR,7.621,80.231,DeduruOya,2023-10-18,2023-10-12,2023-10-20,1,high,pre_event,DED_WAR_20231021,3.2,DED_WAR_2023-10-18
S000350,DED_WAR,7.621,80.231,DeduruOya,2023-11-12,2023-11-06,2023-11-18,1,high,flood_peak,DED_WAR_20231112,3.2,DED_WAR_2023-11-12
S000351,DED_WAR,7.621,80.231,DeduruOya,2023-11-09,2023-11-03,2023-11-11,1,high,pre_event,DED_WAR_20231112,3.2,DED_WAR_2023-11-09
S000352,DED_WAR,7.621,80.231,DeduruOya,2023-11-21,2023-11-15,2023-11-27,1,high,flood_peak,DED_WAR_20231121,3.2,DED_WAR_2023-11-21
S000353,DED_WAR,7.621,80.231,DeduruOya,2023-11-18,2023-11-12,2023-11-20,1,high,pre_event,DED_WAR_20231121,3.2,DED_WAR_2023-11-18
S000354,DED_WAR,7.621,80.231,DeduruOya,2024-11-27,2024-11-21,2024-12-03,1,severe,flood_peak,DED_WAR_20241126,3.2,DED_WAR_2024-11-27
S000355,DED_WAR,7.621,80.231,DeduruOya,2024-11-23,2024-11-17,2024-11-25,1,severe,pre_event,DED_WAR_20241126,3.2,DED_WAR_2024-11-23
S000356,GAL_AMP,7.291,81.671,GalOya,2015-01-01,2014-12-26,2015-01-07,1,severe,flood_peak,GAL_AMP_20141220,3.2,GAL_AMP_2015-01-01
S000357,GAL_AMP,7.291,81.671,GalOya,2014-12-29,2014-12-23,2014-12-31,1,severe,pre_event,GAL_AMP_20141220,3.2,GAL_AMP_2014-12-29
S000358,GAL_AMP,7.291,81.671,GalOya,2015-10-28,2015-10-22,2015-11-03,1,severe,flood_peak,GAL_AMP_20151027,3.2,GAL_AMP_2015-10-28
S000359,GAL_AMP,7.291,81.671,GalOya,2015-10-24,2015-10-18,2015-10-26,1,severe,pre_event,GAL_AMP_20151027,3.2,GAL_AMP_2015-10-24
S000360,GAL_AMP,7.291,81.671,GalOya,2015-11-15,2015-11-09,2015-11-21,1,high,flood_peak,GAL_AMP_20151114,3.2,GAL_AMP_2015-11-15
S000361,GAL_AMP,7.291,81.671,GalOya,2015-11-11,2015-11-05,2015-11-13,1,high,pre_event,GAL_AMP_20151114,3.2,GAL_AMP_2015-11-11
S000362,GAL_AMP,7.291,81.671,GalOya,2018-11-07,2018-11-01,2018-11-13,1,severe,flood_peak,GAL_AMP_20181106,3.2,GAL_AMP_2018-11-07
S000363,GAL_AMP,7.291,81.671,GalOya,2018-11-03,2018-10-28,2018-11-05,1,severe,pre_event,GAL_AMP_20181106,3.2,GAL_AMP_2018-11-03
S000364,GAL_AMP,7.291,81.671,GalOya,2023-12-18,2023-12-12,2023-12-24,1,high,flood_peak,GAL_AMP_20231218,3.2,GAL_AMP_2023-12-18
S000365,GAL_AMP,7.291,81.671,GalOya,2023-12-15,2023-12-09,2023-12-17,1,high,pre_event,GAL_AMP_20231218,3.2,GAL_AMP_2023-12-15
S000366,GAL_AMP,7.291,81.671,GalOya,2024-11-28,2024-11-22,2024-12-04,1,high,flood_peak,GAL_AMP_20241127,3.2,GAL_AMP_2024-11-28
S000367,GAL_AMP,7.291,81.671,GalOya,2024-11-24,2024-11-18,2024-11-26,1,high,pre_event,GAL_AMP_20241127,3.2,GAL_AMP_2024-11-24
S000368,GAL_ING,7.2,81.5,GalOya,2015-01-01,2014-12-26,2015-01-07,1,high,flood_peak,GAL_ING_20141220,3.2,GAL_ING_2015-01-01
S000369,GAL_ING,7.2,81.5,GalOya,2014-12-29,2014-12-23,2014-12-31,1,high,pre_event,GAL_ING_20141220,3.2,GAL_ING_2014-12-29
S000370,GAL_ING,7.2,81.5,GalOya,2015-10-26,2015-10-20,2015-11-01,1,severe,flood_peak,GAL_ING_20151026,3.2,GAL_ING_2015-10-26
S000371,GAL_ING,7.2,81.5,GalOya,2015-10-23,2015-10-17,2015-10-25,1,severe,pre_event,GAL_ING_20151026,3.2,GAL_ING_2015-10-23
S000372,GAL_ING,7.2,81.5,GalOya,2015-11-15,2015-11-09,2015-11-21,1,high,flood_peak,GAL_ING_20151114,3.2,GAL_ING_2015-11-15
S000373,GAL_ING,7.2,81.5,GalOya,2015-11-11,2015-11-05,2015-11-13,1,high,pre_event,GAL_ING_20151114,3.2,GAL_ING_2015-11-11
S000374,GAL_ING,7.2,81.5,GalOya,2015-12-10,2015-12-04,2015-12-16,1,high,flood_peak,GAL_ING_20151210,3.2,GAL_ING_2015-12-10
S000375,GAL_ING,7.2,81.5,GalOya,2015-12-07,2015-12-01,2015-12-09,1,high,pre_event,GAL_ING_20151210,3.2,GAL_ING_2015-12-07
S000376,GAL_ING,7.2,81.5,GalOya,2018-11-06,2018-10-31,2018-11-12,1,severe,flood_peak,GAL_ING_20181105,3.2,GAL_ING_2018-11-06
S000377,GAL_ING,7.2,81.5,GalOya,2018-11-02,2018-10-27,2018-11-04,1,severe,pre_event,GAL_ING_20181105,3.2,GAL_ING_2018-11-02
S000378,GAL_ING,7.2,81.5,GalOya,2019-10-29,2019-10-23,2019-11-04,1,high,flood_peak,GAL_ING_20191029,3.2,GAL_ING_2019-10-29
S000379,GAL_ING,7.2,81.5,GalOya,2019-10-26,2019-10-20,2019-10-28,1,high,pre_event,GAL_ING_20191029,3.2,GAL_ING_2019-10-26
S000380,GAL_ING,7.2,81.5,GalOya,2020-12-22,2020-12-16,2020-12-28,1,high,flood_peak,GAL_ING_20201222,3.2,GAL_ING_2020-12-22
S000381,GAL_ING,7.2,81.5,GalOya,2020-12-19,2020-12-13,2020-12-21,1,high,pre_event,GAL_ING_20201222,3.2,GAL_ING_2020-12-19
S000382,GAL_ING,7.2,81.5,GalOya,2022-12-26,2022-12-20,2023-01-01,1,high,flood_peak,GAL_ING_20221226,3.2,GAL_ING_2022-12-26
S000383,GAL_ING,7.2,81.5,GalOya,2022-12-23,2022-12-17,2022-12-25,1,high,pre_event,GAL_ING_20221226,3.2,GAL_ING_2022-12-23
S000384,GAL_ING,7.2,81.5,GalOya,2023-11-08,2023-11-02,2023-11-14,1,high,flood_peak,GAL_ING_20231108,3.2,GAL_ING_2023-11-08
S000385,GAL_ING,7.2,81.5,GalOya,2023-11-05,2023-10-30,2023-11-07,1,high,pre_event,GAL_ING_20231108,3.2,GAL_ING_2023-11-05
S000386,GAL_ING,7.2,81.5,GalOya,2023-12-16,2023-12-10,2023-12-22,1,high,flood_peak,GAL_ING_20231216,3.2,GAL_ING_2023-12-16
S000387,GAL_ING,7.2,81.5,GalOya,2023-12-13,2023-12-07,2023-12-15,1,high,pre_event,GAL_ING_20231216,3.2,GAL_ING_2023-12-13
S000388,GAL_ING,7.2,81.5,GalOya,2024-01-11,2024-01-05,2024-01-17,1,high,flood_peak,GAL_ING_20240110,3.2,GAL_ING_2024-01-11
S000389,GAL_ING,7.2,81.5,GalOya,2024-01-07,2024-01-01,2024-01-09,1,high,pre_event,GAL_ING_20240110,3.2,GAL_ING_2024-01-07
S000390,GAL_ING,7.2,81.5,GalOya,2024-11-27,2024-11-21,2024-12-03,1,high,flood_peak,GAL_ING_20241126,3.2,GAL_ING_2024-11-27
S000391,GAL_ING,7.2,81.5,GalOya,2024-11-23,2024-11-17,2024-11-25,1,high,pre_event,GAL_ING_20241126,3.2,GAL_ING_2024-11-23
S000392,GIN_BAD,6.171,80.19,Gin,2015-10-25,2015-10-19,2015-10-31,1,severe,flood_peak,GIN_BAD_20151024,3.2,GIN_BAD_2015-10-25
S000393,GIN_BAD,6.171,80.19,Gin,2015-10-21,2015-10-15,2015-10-23,1,severe,pre_event,GIN_BAD_20151024,3.2,GIN_BAD_2015-10-21
S000394,GIN_BAD,6.171,80.19,Gin,2016-05-15,2016-05-09,2016-05-21,1,severe,flood_peak,GIN_BAD_20160514,3.2,GIN_BAD_2016-05-15
S000395,GIN_BAD,6.171,80.19,Gin,2016-05-11,2016-05-05,2016-05-13,1,severe,pre_event,GIN_BAD_20160514,3.2,GIN_BAD_2016-05-11
S000396,GIN_BAD,6.171,80.19,Gin,2017-12-01,2017-11-25,2017-12-07,1,high,flood_peak,GIN_BAD_20171130,3.2,GIN_BAD_2017-12-01
S000397,GIN_BAD,6.171,80.19,Gin,2017-11-27,2017-11-21,2017-11-29,1,high,pre_event,GIN_BAD_20171130,3.2,GIN_BAD_2017-11-27
S000398,GIN_BAD,6.171,80.19,Gin,2019-10-21,2019-10-15,2019-10-27,1,severe,flood_peak,GIN_BAD_20191020,3.2,GIN_BAD_2019-10-21
S000399,GIN_BAD,6.171,80.19,Gin,2019-10-17,2019-10-11,2019-10-19,1,severe,pre_event,GIN_BAD_20191020,3.2,GIN_BAD_2019-10-17
S000400,GIN_BAD,6.171,80.19,Gin,2019-10-30,2019-10-24,2019-11-05,1,high,flood_peak,GIN_BAD_20191029,3.2,GIN_BAD_2019-10-30
S000401,GIN_BAD,6.171,80.19,Gin,2019-10-26,2019-10-20,2019-10-28,1,high,pre_event,GIN_BAD_20191029,3.2,GIN_BAD_2019-10-26
S000402,GIN_BAD,6.171,80.19,Gin,2023-10-21,2023-10-15,2023-10-27,1,high,flood_peak,GIN_BAD_20231021,3.2,GIN_BAD_2023-10-21
S000403,GIN_BAD,6.171,80.19,Gin,2023-10-18,2023-10-12,2023-10-20,1,high,pre_event,GIN_BAD_20231021,3.2,GIN_BAD_2023-10-18
S000404,GIN_BAD,6.171,80.19,Gin,2023-11-14,2023-11-08,2023-11-20,1,high,flood_peak,GIN_BAD_20231102,3.2,GIN_BAD_2023-11-14
S000405,GIN_BAD,6.171,80.19,Gin,2023-10-30,2023-10-24,2023-11-01,1,high,pre_event,GIN_BAD_20231102,3.2,GIN_BAD_2023-10-30
S000406,GIN_BAD,6.171,80.19,Gin,2023-11-24,2023-11-18,2023-11-30,1,high,flood_peak,GIN_BAD_20231123,3.2,GIN_BAD_2023-11-24
S000407,GIN_BAD,6.171,80.19,Gin,2023-11-20,2023-11-14,2023-11-22,1,high,pre_event,GIN_BAD_20231123,3.2,GIN_BAD_2023-11-20
S000408,GIN_BAD,6.171,80.19,Gin,2023-12-01,2023-11-25,2023-12-07,1,high,flood_peak,GIN_BAD_20231201,3.2,GIN_BAD_2023-12-01
S000409,GIN_BAD,6.171,80.19,Gin,2023-11-28,2023-11-22,2023-11-30,1,high,pre_event,GIN_BAD_20231201,3.2,GIN_BAD_2023-11-28
S000410,GIN_BAD,6.171,80.19,Gin,2023-12-12,2023-12-06,2023-12-18,1,severe,flood_peak,GIN_BAD_20231211,3.2,GIN_BAD_2023-12-12
S000411,GIN_BAD,6.171,80.19,Gin,2023-12-08,2023-12-02,2023-12-10,1,severe,pre_event,GIN_BAD_20231211,3.2,GIN_BAD_2023-12-08
S000412,GIN_BAD,6.171,80.19,Gin,2024-05-27,2024-05-21,2024-06-02,1,high,flood_peak,GIN_BAD_20240526,3.2,GIN_BAD_2024-05-27
S000413,GIN_BAD,6.171,80.19,Gin,2024-05-23,2024-05-17,2024-05-25,1,high,pre_event,GIN_BAD_20240526,3.2,GIN_BAD_2024-05-23
S000414,GIN_GAL,6.089,80.221,Gin,2015-09-30,2015-09-24,2015-10-06,1,high,flood_peak,GIN_GAL_20150929,3.2,GIN_GAL_2015-09-30
S000415,GIN_GAL,6.089,80.221,Gin,2015-09-26,2015-09-20,2015-09-28,1,high,pre_event,GIN_GAL_20150929,3.2,GIN_GAL_2015-09-26
S000416,GIN_GAL,6.089,80.221,Gin,2015-10-25,2015-10-19,2015-10-31,1,severe,flood_peak,GIN_GAL_20151024,3.2,GIN_GAL_2015-10-25
S000417,GIN_GAL,6.089,80.221,Gin,2015-10-21,2015-10-15,2015-10-23,1,severe,pre_event,GIN_GAL_20151024,3.2,GIN_GAL_2015-10-21
S000418,GIN_GAL,6.089,80.221,Gin,2015-11-13,2015-11-07,2015-11-19,1,severe,flood_peak,GIN_GAL_20151102,3.2,GIN_GAL_2015-11-13
S000419,GIN_GAL,6.089,80.221,Gin,2015-10-30,2015-10-24,2015-11-01,1,severe,pre_event,GIN_GAL_20151102,3.2,GIN_GAL_2015-10-30
S000420,GIN_GAL,6.089,80.221,Gin,2016-05-15,2016-05-09,2016-05-21,1,severe,flood_peak,GIN_GAL_20160514,3.2,GIN_GAL_2016-05-15
S000421,GIN_GAL,6.089,80.221,Gin,2016-05-11,2016-05-05,2016-05-13,1,severe,pre_event,GIN_GAL_20160514,3.2,GIN_GAL_2016-05-11
S000422,GIN_GAL,6.089,80.221,Gin,2017-11-30,2017-11-24,2017-12-06,1,severe,flood_peak,GIN_GAL_20171129,3.2,GIN_GAL_2017-11-30
S000423,GIN_GAL,6.089,80.221,Gin,2017-11-26,2017-11-20,2017-11-28,1,severe,pre_event,GIN_GAL_20171129,3.2,GIN_GAL_2017-11-26
S000424,GIN_GAL,6.089,80.221,Gin,2018-06-08,2018-06-02,2018-06-14,1,high,flood_peak,GIN_GAL_20180607,3.2,GIN_GAL_2018-06-08
S000425,GIN_GAL,6.089,80.221,Gin,2018-06-04,2018-05-29,2018-06-06,1,high,pre_event,GIN_GAL_20180607,3.2,GIN_GAL_2018-06-04
S000426,GIN_GAL,6.089,80.221,Gin,2019-10-20,2019-10-14,2019-10-26,1,severe,flood_peak,GIN_GAL_20191020,3.2,GIN_GAL_2019-10-20
S000427,GIN_GAL,6.089,80.221,Gin,2019-10-17,2019-10-11,2019-10-19,1,severe,pre_event,GIN_GAL_20191020,3.2,GIN_GAL_2019-10-17
S000428,GIN_GAL,6.089,80.221,Gin,2021-05-12,2021-05-06,2021-05-18,1,high,flood_peak,GIN_GAL_20210512,3.2,GIN_GAL_2021-05-12
S000429,GIN_GAL,6.089,80.221,Gin,2021-05-09,2021-05-03,2021-05-11,1,high,pre_event,GIN_GAL_20210512,3.2,GIN_GAL_2021-05-09
S000430,GIN_GAL,6.089,80.221,Gin,2022-12-26,2022-12-20,2023-01-01,1,severe,flood_peak,GIN_GAL_20221226,3.2,GIN_GAL_2022-12-26
S000431,GIN_GAL,6.089,80.221,Gin,2022-12-23,2022-12-17,2022-12-25,1,severe,pre_event,GIN_GAL_20221226,3.2,GIN_GAL_2022-12-23
S000432,GIN_GAL,6.089,80.221,Gin,2023-01-21,2023-01-15,2023-01-27,1,high,flood_peak,GIN_GAL_20230121,3.2,GIN_GAL_2023-01-21
S000433,GIN_GAL,6.089,80.221,Gin,2023-01-18,2023-01-12,2023-01-20,1,high,pre_event,GIN_GAL_20230121,3.2,GIN_GAL_2023-01-18
S000434,GIN_GAL,6.089,80.221,Gin,2023-09-29,2023-09-23,2023-10-05,1,high,flood_peak,GIN_GAL_20230928,3.2,GIN_GAL_2023-09-29
S000435,GIN_GAL,6.089,80.221,Gin,2023-09-25,2023-09-19,2023-09-27,1,high,pre_event,GIN_GAL_20230928,3.2,GIN_GAL_2023-09-25
S000436,GIN_GAL,6.089,80.221,Gin,2023-10-10,2023-10-04,2023-10-16,1,high,flood_peak,GIN_GAL_20231010,3.2,GIN_GAL_2023-10-10
S000437,GIN_GAL,6.089,80.221,Gin,2023-10-07,2023-10-01,2023-10-09,1,high,pre_event,GIN_GAL_20231010,3.2,GIN_GAL_2023-10-07
S000438,GIN_GAL,6.089,80.221,Gin,2023-10-21,2023-10-15,2023-10-27,1,severe,flood_peak,GIN_GAL_20231020,3.2,GIN_GAL_2023-10-21
S000439,GIN_GAL,6.089,80.221,Gin,2023-10-17,2023-10-11,2023-10-19,1,severe,pre_event,GIN_GAL_20231020,3.2,GIN_GAL_2023-10-17
S000440,GIN_GAL,6.089,80.221,Gin,2023-11-14,2023-11-08,2023-11-20,1,high,flood_peak,GIN_GAL_20231114,3.2,GIN_GAL_2023-11-14
S000441,GIN_GAL,6.089,80.221,Gin,2023-11-11,2023-11-05,2023-11-13,1,high,pre_event,GIN_GAL_20231114,3.2,GIN_GAL_2023-11-11
S000442,GIN_GAL,6.089,80.221,Gin,2023-11-24,2023-11-18,2023-11-30,1,high,flood_peak,GIN_GAL_20231121,3.2,GIN_GAL_2023-11-24
S000443,GIN_GAL,6.089,80.221,Gin,2023-11-18,2023-11-12,2023-11-20,1,high,pre_event,GIN_GAL_20231121,3.2,GIN_GAL_2023-11-18
S000444,GIN_GAL,6.089,80.221,Gin,2023-12-01,2023-11-25,2023-12-07,1,high,flood_peak,GIN_GAL_20231201,3.2,GIN_GAL_2023-12-01
S000445,GIN_GAL,6.089,80.221,Gin,2023-11-28,2023-11-22,2023-11-30,1,high,pre_event,GIN_GAL_20231201,3.2,GIN_GAL_2023-11-28
S000446,GIN_GAL,6.089,80.221,Gin,2023-12-06,2023-11-30,2023-12-12,1,high,flood_peak,GIN_GAL_20231205,3.2,GIN_GAL_2023-12-06
S000447,GIN_GAL,6.089,80.221,Gin,2023-12-02,2023-11-26,2023-12-04,1,high,pre_event,GIN_GAL_20231205,3.2,GIN_GAL_2023-12-02
S000448,GIN_GAL,6.089,80.221,Gin,2023-12-12,2023-12-06,2023-12-18,1,severe,flood_peak,GIN_GAL_20231211,3.2,GIN_GAL_2023-12-12
S000449,GIN_GAL,6.089,80.221,Gin,2023-12-08,2023-12-02,2023-12-10,1,severe,pre_event,GIN_GAL_20231211,3.2,GIN_GAL_2023-12-08
S000450,GIN_GAL,6.089,80.221,Gin,2024-05-20,2024-05-14,2024-05-26,1,high,flood_peak,GIN_GAL_20240520,3.2,GIN_GAL_2024-05-20
S000451,GIN_GAL,6.089,80.221,Gin,2024-05-17,2024-05-11,2024-05-19,1,high,pre_event,GIN_GAL_20240520,3.2,GIN_GAL_2024-05-17
S000452,GIN_GAL,6.089,80.221,Gin,2024-05-26,2024-05-20,2024-06-01,1,high,flood_peak,GIN_GAL_20240525,3.2,GIN_GAL_2024-05-26
S000453,GIN_GAL,6.089,80.221,Gin,2024-05-22,2024-05-16,2024-05-24,1,high,pre_event,GIN_GAL_20240525,3.2,GIN_GAL_2024-05-22
S000454,GIN_GAL,6.089,80.221,Gin,2024-06-04,2024-05-29,2024-06-10,1,high,flood_peak,GIN_GAL_20240603,3.2,GIN_GAL_2024-06-04
S000455,GIN_GAL,6.089,80.221,Gin,2024-05-31,2024-05-25,2024-06-02,1,high,pre_event,GIN_GAL_20240603,3.2,GIN_GAL_2024-05-31
S000456,GIN_NEL,6.423,80.293,Gin,2015-10-16,2015-10-10,2015-10-22,1,high,flood_peak,GIN_NEL_20151016,3.2,GIN_NEL_2015-10-16
S000457,GIN_NEL,6.423,80.293,Gin,2015-10-13,2015-10-07,2015-10-15,1,high,pre_event,GIN_NEL_20151016,3.2,GIN_NEL_2015-10-13
S000458,GIN_NEL,6.423,80.293,Gin,2015-10-25,2015-10-19,2015-10-31,1,severe,flood_peak,GIN_NEL_20151024,3.2,GIN_NEL_2015-10-25
S000459,GIN_NEL,6.423,80.293,Gin,2015-10-21,2015-10-15,2015-10-23,1,severe,pre_event,GIN_NEL_20151024,3.2,GIN_NEL_2015-10-21
S000460,GIN_NEL,6.423,80.293,Gin,2016-05-15,2016-05-09,2016-05-21,1,severe,flood_peak,GIN_NEL_20160514,3.2,GIN_NEL_2016-05-15
S000461,GIN_NEL,6.423,80.293,Gin,2016-05-11,2016-05-05,2016-05-13,1,severe,pre_event,GIN_NEL_20160514,3.2,GIN_NEL_2016-05-11
S000462,GIN_NEL,6.423,80.293,Gin,2017-12-01,2017-11-25,2017-12-07,1,high,flood_peak,GIN_NEL_20171201,3.2,GIN_NEL_2017-12-01
S000463,GIN_NEL,6.423,80.293,Gin,2017-11-28,2017-11-22,2017-11-30,1,high,pre_event,GIN_NEL_20171201,3.2,GIN_NEL_2017-11-28
S000464,GIN_NEL,6.423,80.293,Gin,2019-10-21,2019-10-15,2019-10-27,1,severe,flood_peak,GIN_NEL_20191020,3.2,GIN_NEL_2019-10-21
S000465,GIN_NEL,6.423,80.293,Gin,2019-10-17,2019-10-11,2019-10-19,1,severe,pre_event,GIN_NEL_20191020,3.2,GIN_NEL_2019-10-17
S000466,GIN_NEL,6.423,80.293,Gin,2023-10-21,2023-10-15,2023-10-27,1,high,flood_peak,GIN_NEL_20231021,3.2,GIN_NEL_2023-10-21
S000467,GIN_NEL,6.423,80.293,Gin,2023-10-18,2023-10-12,2023-10-20,1,high,pre_event,GIN_NEL_20231021,3.2,GIN_NEL_2023-10-18
S000468,GIN_NEL,6.423,80.293,Gin,2023-10-30,2023-10-24,2023-11-05,1,high,flood_peak,GIN_NEL_20231030,3.2,GIN_NEL_2023-10-30
S000469,GIN_NEL,6.423,80.293,Gin,2023-10-27,2023-10-21,2023-10-29,1,high,pre_event,GIN_NEL_20231030,3.2,GIN_NEL_2023-10-27
S000470,GIN_NEL,6.423,80.293,Gin,2023-11-14,2023-11-08,2023-11-20,1,high,flood_peak,GIN_NEL_20231105,3.2,GIN_NEL_2023-11-14
S000471,GIN_NEL,6.423,80.293,Gin,2023-11-02,2023-10-27,2023-11-04,1,high,pre_event,GIN_NEL_20231105,3.2,GIN_NEL_2023-11-02
S000472,GIN_NEL,6.423,80.293,Gin,2023-11-24,2023-11-18,2023-11-30,1,high,flood_peak,GIN_NEL_20231124,3.2,GIN_NEL_2023-11-24
S000473,GIN_NEL,6.423,80.293,Gin,2023-11-21,2023-11-15,2023-11-23,1,high,pre_event,GIN_NEL_20231124,3.2,GIN_NEL_2023-11-21
S000474,GIN_NEL,6.423,80.293,Gin,2023-12-01,2023-11-25,2023-12-07,1,high,flood_peak,GIN_NEL_20231130,3.2,GIN_NEL_2023-12-01
S000475,GIN_NEL,6.423,80.293,Gin,2023-11-27,2023-11-21,2023-11-29,1,high,pre_event,GIN_NEL_20231130,3.2,GIN_NEL_2023-11-27
S000476,GIN_NEL,6.423,80.293,Gin,2023-12-16,2023-12-10,2023-12-22,1,severe,flood_peak,GIN_NEL_20231211,3.2,GIN_NEL_2023-12-16
S000477,GIN_NEL,6.423,80.293,Gin,2023-12-08,2023-12-02,2023-12-10,1,severe,pre_event,GIN_NEL_20231211,3.2,GIN_NEL_2023-12-08
S000478,GIN_NEL,6.423,80.293,Gin,2024-05-27,2024-05-21,2024-06-02,1,high,flood_peak,GIN_NEL_20240523,3.2,GIN_NEL_2024-05-27
S000479,GIN_NEL,6.423,80.293,Gin,2024-05-20,2024-05-14,2024-05-22,1,high,pre_event,GIN_NEL_20240523,3.2,GIN_NEL_2024-05-20
S000480,GIN_THA,6.331,80.331,Gin,2015-10-25,2015-10-19,2015-10-31,1,severe,flood_peak,GIN_THA_20151024,3.2,GIN_THA_2015-10-25
S000481,GIN_THA,6.331,80.331,Gin,2015-10-21,2015-10-15,2015-10-23,1,severe,pre_event,GIN_THA_20151024,3.2,GIN_THA_2015-10-21
S000482,GIN_THA,6.331,80.331,Gin,2016-05-15,2016-05-09,2016-05-21,1,severe,flood_peak,GIN_THA_20160514,3.2,GIN_THA_2016-05-15
S000483,GIN_THA,6.331,80.331,Gin,2016-05-11,2016-05-05,2016-05-13,1,severe,pre_event,GIN_THA_20160514,3.2,GIN_THA_2016-05-11
S000484,GIN_THA,6.331,80.331,Gin,2017-12-01,2017-11-25,2017-12-07,1,high,flood_peak,GIN_THA_20171130,3.2,GIN_THA_2017-12-01
S000485,GIN_THA,6.331,80.331,Gin,2017-11-27,2017-11-21,2017-11-29,1,high,pre_event,GIN_THA_20171130,3.2,GIN_THA_2017-11-27
S000486,GIN_THA,6.331,80.331,Gin,2019-10-21,2019-10-15,2019-10-27,1,severe,flood_peak,GIN_THA_20191020,3.2,GIN_THA_2019-10-21
S000487,GIN_THA,6.331,80.331,Gin,2019-10-17,2019-10-11,2019-10-19,1,severe,pre_event,GIN_THA_20191020,3.2,GIN_THA_2019-10-17
S000488,GIN_THA,6.331,80.331,Gin,2019-10-30,2019-10-24,2019-11-05,1,high,flood_peak,GIN_THA_20191029,3.2,GIN_THA_2019-10-30
S000489,GIN_THA,6.331,80.331,Gin,2019-10-26,2019-10-20,2019-10-28,1,high,pre_event,GIN_THA_20191029,3.2,GIN_THA_2019-10-26
S000490,GIN_THA,6.331,80.331,Gin,2023-10-21,2023-10-15,2023-10-27,1,high,flood_peak,GIN_THA_20231021,3.2,GIN_THA_2023-10-21
S000491,GIN_THA,6.331,80.331,Gin,2023-10-18,2023-10-12,2023-10-20,1,high,pre_event,GIN_THA_20231021,3.2,GIN_THA_2023-10-18
S000492,GIN_THA,6.331,80.331,Gin,2023-10-27,2023-10-21,2023-11-02,1,high,flood_peak,GIN_THA_20231027,3.2,GIN_THA_2023-10-27
S000493,GIN_THA,6.331,80.331,Gin,2023-10-24,2023-10-18,2023-10-26,1,high,pre_event,GIN_THA_20231027,3.2,GIN_THA_2023-10-24
S000494,GIN_THA,6.331,80.331,Gin,2023-11-09,2023-11-03,2023-11-15,1,high,flood_peak,GIN_THA_20231107,3.2,GIN_THA_2023-11-09
S000495,GIN_THA,6.331,80.331,Gin,2023-11-04,2023-10-29,2023-11-06,1,high,pre_event,GIN_THA_20231107,3.2,GIN_THA_2023-11-04
S000496,GIN_THA,6.331,80.331,Gin,2023-11-14,2023-11-08,2023-11-20,1,high,flood_peak,GIN_THA_20231113,3.2,GIN_THA_2023-11-14
S000497,GIN_THA,6.331,80.331,Gin,2023-11-10,2023-11-04,2023-11-12,1,high,pre_event,GIN_THA_20231113,3.2,GIN_THA_2023-11-10
S000498,GIN_THA,6.331,80.331,Gin,2023-11-24,2023-11-18,2023-11-30,1,high,flood_peak,GIN_THA_20231123,3.2,GIN_THA_2023-11-24
S000499,GIN_THA,6.331,80.331,Gin,2023-11-20,2023-11-14,2023-11-22,1,high,pre_event,GIN_THA_20231123,3.2,GIN_THA_2023-11-20
S000500,GIN_THA,6.331,80.331,Gin,2023-12-01,2023-11-25,2023-12-07,1,high,flood_peak,GIN_THA_20231201,3.2,GIN_THA_2023-12-01
S000501,GIN_THA,6.331,80.331,Gin,2023-11-28,2023-11-22,2023-11-30,1,high,pre_event,GIN_THA_20231201,3.2,GIN_THA_2023-11-28
S000502,GIN_THA,6.331,80.331,Gin,2023-12-12,2023-12-06,2023-12-18,1,severe,flood_peak,GIN_THA_20231211,3.2,GIN_THA_2023-12-12
S000503,GIN_THA,6.331,80.331,Gin,2023-12-08,2023-12-02,2023-12-10,1,severe,pre_event,GIN_THA_20231211,3.2,GIN_THA_2023-12-08
S000504,GIN_THA,6.331,80.331,Gin,2024-05-23,2024-05-17,2024-05-29,1,high,flood_peak,GIN_THA_20240523,3.2,GIN_THA_2024-05-23
S000505,GIN_THA,6.331,80.331,Gin,2024-05-20,2024-05-14,2024-05-22,1,high,pre_event,GIN_THA_20240523,3.2,GIN_THA_2024-05-20
S000506,GIN_THA,6.331,80.331,Gin,2024-05-27,2024-05-21,2024-06-02,1,high,flood_peak,GIN_THA_20240526,3.2,GIN_THA_2024-05-27
S000507,GIN_THA,6.331,80.331,Gin,2024-05-23,2024-05-17,2024-05-25,1,high,pre_event,GIN_THA_20240526,3.2,GIN_THA_2024-05-23
S000508,KAL_AGA,6.535,80.15,Kalu,2015-10-25,2015-10-19,2015-10-31,1,severe,flood_peak,KAL_AGA_20151024,3.2,KAL_AGA_2015-10-25
S000509,KAL_AGA,6.535,80.15,Kalu,2015-10-21,2015-10-15,2015-10-23,1,severe,pre_event,KAL_AGA_20151024,3.2,KAL_AGA_2015-10-21
S000510,KAL_AGA,6.535,80.15,Kalu,2015-11-09,2015-11-03,2015-11-15,1,high,flood_peak,KAL_AGA_20151107,3.2,KAL_AGA_2015-11-09
S000511,KAL_AGA,6.535,80.15,Kalu,2015-11-04,2015-10-29,2015-11-06,1,high,pre_event,KAL_AGA_20151107,3.2,KAL_AGA_2015-11-04
S000512,KAL_AGA,6.535,80.15,Kalu,2015-11-14,2015-11-08,2015-11-20,1,high,flood_peak,KAL_AGA_20151113,3.2,KAL_AGA_2015-11-14
S000513,KAL_AGA,6.535,80.15,Kalu,2015-11-10,2015-11-04,2015-11-12,1,high,pre_event,KAL_AGA_20151113,3.2,KAL_AGA_2015-11-10
S000514,KAL_AGA,6.535,80.15,Kalu,2016-05-15,2016-05-09,2016-05-21,1,severe,flood_peak,KAL_AGA_20160515,3.2,KAL_AGA_2016-05-15
S000515,KAL_AGA,6.535,80.15,Kalu,2016-05-12,2016-05-06,2016-05-14,1,severe,pre_event,KAL_AGA_20160515,3.2,KAL_AGA_2016-05-12
S000516,KAL_AGA,6.535,80.15,Kalu,2017-12-01,2017-11-25,2017-12-07,1,high,flood_peak,KAL_AGA_20171201,3.2,KAL_AGA_2017-12-01
S000517,KAL_AGA,6.535,80.15,Kalu,2017-11-28,2017-11-22,2017-11-30,1,high,pre_event,KAL_AGA_20171201,3.2,KAL_AGA_2017-11-28
S000518,KAL_AGA,6.535,80.15,Kalu,2019-10-21,2019-10-15,2019-10-27,1,high,flood_peak,KAL_AGA_20191020,3.2,KAL_AGA_2019-10-21
S000519,KAL_AGA,6.535,80.15,Kalu,2019-10-17,2019-10-11,2019-10-19,1,high,pre_event,KAL_AGA_20191020,3.2,KAL_AGA_2019-10-17
S000520,KAL_AGA,6.535,80.15,Kalu,2023-11-05,2023-10-30,2023-11-11,1,high,flood_peak,KAL_AGA_20231105,3.2,KAL_AGA_2023-11-05
S000521,KAL_AGA,6.535,80.15,Kalu,2023-11-02,2023-10-27,2023-11-04,1,high,pre_event,KAL_AGA_20231105,3.2,KAL_AGA_2023-11-02
S000522,KAL_AGA,6.535,80.15,Kalu,2023-11-14,2023-11-08,2023-11-20,1,high,flood_peak,KAL_AGA_20231109,3.2,KAL_AGA_2023-11-14
S000523,KAL_AGA,6.535,80.15,Kalu,2023-11-06,2023-10-31,2023-11-08,1,high,pre_event,KAL_AGA_20231109,3.2,KAL_AGA_2023-11-06
S000524,KAL_AGA,6.535,80.15,Kalu,2023-11-25,2023-11-19,2023-12-01,1,high,flood_peak,KAL_AGA_20231124,3.2,KAL_AGA_2023-11-25
S000525,KAL_AGA,6.535,80.15,Kalu,2023-11-21,2023-11-15,2023-11-23,1,high,pre_event,KAL_AGA_20231124,3.2,KAL_AGA_2023-11-21
S000526,KAL_AGA,6.535,80.15,Kalu,2023-12-01,2023-11-25,2023-12-07,1,high,flood_peak,KAL_AGA_20231130,3.2,KAL_AGA_2023-12-01
S000527,KAL_AGA,6.535,80.15,Kalu,2023-11-27,2023-11-21,2023-11-29,1,high,pre_event,KAL_AGA_20231130,3.2,KAL_AGA_2023-11-27
S000528,KAL_AGA,6.535,80.15,Kalu,2023-12-21,2023-12-15,2023-12-27,1,high,flood_peak,KAL_AGA_20231211,3.2,KAL_AGA_2023-12-21
S000529,KAL_AGA,6.535,80.15,Kalu,2023-12-08,2023-12-02,2023-12-10,1,high,pre_event,KAL_AGA_20231211,3.2,KAL_AGA_2023-12-08
S000530,KAL_AGA,6.535,80.15,Kalu,2024-05-27,2024-05-21,2024-06-02,1,high,flood_peak,KAL_AGA_20240523,3.2,KAL_AGA_2024-05-27
S000531,KAL_AGA,6.535,80.15,Kalu,2024-05-20,2024-05-14,2024-05-22,1,high,pre_event,KAL_AGA_20240523,3.2,KAL_AGA_2024-05-20
S000532,KAL_AGA,6.535,80.15,Kalu,2024-06-04,2024-05-29,2024-06-10,1,high,flood_peak,KAL_AGA_20240604,3.2,KAL_AGA_2024-06-04
S000533,KAL_AGA,6.535,80.15,Kalu,2024-06-01,2024-05-26,2024-06-03,1,high,pre_event,KAL_AGA_20240604,3.2,KAL_AGA_2024-06-01
S000534,KAL_BAL,6.652,80.698,Kalu,2015-10-24,2015-10-18,2015-10-30,1,severe,flood_peak,KAL_BAL_20151023,3.2,KAL_BAL_2015-10-24
S000535,KAL_BAL,6.652,80.698,Kalu,2015-10-20,2015-10-14,2015-10-22,1,severe,pre_event,KAL_BAL_20151023,3.2,KAL_BAL_2015-10-20
S000536,KAL_BAL,6.652,80.698,Kalu,2015-11-13,2015-11-07,2015-11-19,1,high,flood_peak,KAL_BAL_20151113,3.2,KAL_BAL_2015-11-13
S000537,KAL_BAL,6.652,80.698,Kalu,2015-11-10,2015-11-04,2015-11-12,1,high,pre_event,KAL_BAL_20151113,3.2,KAL_BAL_2015-11-10
S000538,KAL_BAL,6.652,80.698,Kalu,2016-05-15,2016-05-09,2016-05-21,1,severe,flood_peak,KAL_BAL_20160514,3.2,KAL_BAL_2016-05-15
S000539,KAL_BAL,6.652,80.698,Kalu,2016-05-11,2016-05-05,2016-05-13,1,severe,pre_event,KAL_BAL_20160514,3.2,KAL_BAL_2016-05-11
S000540,KAL_BAL,6.652,80.698,Kalu,2018-11-06,2018-10-31,2018-11-12,1,high,flood_peak,KAL_BAL_20181105,3.2,KAL_BAL_2018-11-06
S000541,KAL_BAL,6.652,80.698,Kalu,2018-11-02,2018-10-27,2018-11-04,1,high,pre_event,KAL_BAL_20181105,3.2,KAL_BAL_2018-11-02
S000542,KAL_BAL,6.652,80.698,Kalu,2023-10-26,2023-10-20,2023-11-01,1,high,flood_peak,KAL_BAL_20231026,3.2,KAL_BAL_2023-10-26
S000543,KAL_BAL,6.652,80.698,Kalu,2023-10-23,2023-10-17,2023-10-25,1,high,pre_event,KAL_BAL_20231026,3.2,KAL_BAL_2023-10-23
S000544,KAL_BAL,6.652,80.698,Kalu,2023-11-14,2023-11-08,2023-11-20,1,high,flood_peak,KAL_BAL_20231105,3.2,KAL_BAL_2023-11-14
S000545,KAL_BAL,6.652,80.698,Kalu,2023-11-02,2023-10-27,2023-11-04,1,high,pre_event,KAL_BAL_20231105,3.2,KAL_BAL_2023-11-02
S000546,KAL_BAL,6.652,80.698,Kalu,2023-11-23,2023-11-17,2023-11-29,1,high,flood_peak,KAL_BAL_20231123,3.2,KAL_BAL_2023-11-23
S000547,KAL_BAL,6.652,80.698,Kalu,2023-11-20,2023-11-14,2023-11-22,1,high,pre_event,KAL_BAL_20231123,3.2,KAL_BAL_2023-11-20
S000548,KAL_BAL,6.652,80.698,Kalu,2023-12-19,2023-12-13,2023-12-25,1,high,flood_peak,KAL_BAL_20231216,3.2,KAL_BAL_2023-12-19
S000549,KAL_BAL,6.652,80.698,Kalu,2023-12-13,2023-12-07,2023-12-15,1,high,pre_event,KAL_BAL_20231216,3.2,KAL_BAL_2023-12-13
S000550,KAL_BAL,6.652,80.698,Kalu,2024-05-26,2024-05-20,2024-06-01,1,high,flood_peak,KAL_BAL_20240524,3.2,KAL_BAL_2024-05-26
S000551,KAL_BAL,6.652,80.698,Kalu,2024-05-21,2024-05-15,2024-05-23,1,high,pre_event,KAL_BAL_20240524,3.2,KAL_BAL_2024-05-21
S000552,KAL_BUL,6.66,80.19,Kalu,2015-10-16,2015-10-10,2015-10-22,1,high,flood_peak,KAL_BUL_20151016,3.2,KAL_BUL_2015-10-16
S000553,KAL_BUL,6.66,80.19,Kalu,2015-10-13,2015-10-07,2015-10-15,1,high,pre_event,KAL_BUL_20151016,3.2,KAL_BUL_2015-10-13
S000554,KAL_BUL,6.66,80.19,Kalu,2015-10-25,2015-10-19,2015-10-31,1,severe,flood_peak,KAL_BUL_20151023,3.2,KAL_BUL_2015-10-25
S000555,KAL_BUL,6.66,80.19,Kalu,2015-10-20,2015-10-14,2015-10-22,1,severe,pre_event,KAL_BUL_20151023,3.2,KAL_BUL_2015-10-20
S000556,KAL_BUL,6.66,80.19,Kalu,2015-11-08,2015-11-02,2015-11-14,1,high,flood_peak,KAL_BUL_20151108,3.2,KAL_BUL_2015-11-08
S000557,KAL_BUL,6.66,80.19,Kalu,2015-11-05,2015-10-30,2015-11-07,1,high,pre_event,KAL_BUL_20151108,3.2,KAL_BUL_2015-11-05
S000558,KAL_BUL,6.66,80.19,Kalu,2016-05-15,2016-05-09,2016-05-21,1,severe,flood_peak,KAL_BUL_20160514,3.2,KAL_BUL_2016-05-15
S000559,KAL_BUL,6.66,80.19,Kalu,2016-05-11,2016-05-05,2016-05-13,1,severe,pre_event,KAL_BUL_20160514,3.2,KAL_BUL_2016-05-11
S000560,KAL_BUL,6.66,80.19,Kalu,2019-10-20,2019-10-14,2019-10-26,1,high,flood_peak,KAL_BUL_20191020,3.2,KAL_BUL_2019-10-20
S000561,KAL_BUL,6.66,80.19,Kalu,2019-10-17,2019-10-11,2019-10-19,1,high,pre_event,KAL_BUL_20191020,3.2,KAL_BUL_2019-10-17
S000562,KAL_BUL,6.66,80.19,Kalu,2023-10-21,2023-10-15,2023-10-27,1,high,flood_peak,KAL_BUL_20231021,3.2,KAL_BUL_2023-10-21
S000563,KAL_BUL,6.66,80.19,Kalu,2023-10-18,2023-10-12,2023-10-20,1,high,pre_event,KAL_BUL_20231021,3.2,KAL_BUL_2023-10-18
S000564,KAL_BUL,6.66,80.19,Kalu,2023-11-10,2023-11-04,2023-11-16,1,high,flood_peak,KAL_BUL_20231104,3.2,KAL_BUL_2023-11-10
S000565,KAL_BUL,6.66,80.19,Kalu,2023-11-01,2023-10-26,2023-11-03,1,high,pre_event,KAL_BUL_20231104,3.2,KAL_BUL_2023-11-01
S000566,KAL_BUL,6.66,80.19,Kalu,2023-11-25,2023-11-19,2023-12-01,1,high,flood_peak,KAL_BUL_20231125,3.2,KAL_BUL_2023-11-25
S000567,KAL_BUL,6.66,80.19,Kalu,2023-11-22,2023-11-16,2023-11-24,1,high,pre_event,KAL_BUL_20231125,3.2,KAL_BUL_2023-11-22
S000568,KAL_BUL,6.66,80.19,Kalu,2023-11-30,2023-11-24,2023-12-06,1,high,flood_peak,KAL_BUL_20231130,3.2,KAL_BUL_2023-11-30
S000569,KAL_BUL,6.66,80.19,Kalu,2023-11-27,2023-11-21,2023-11-29,1,high,pre_event,KAL_BUL_20231130,3.2,KAL_BUL_2023-11-27
S000570,KAL_BUL,6.66,80.19,Kalu,2023-12-21,2023-12-15,2023-12-27,1,high,flood_peak,KAL_BUL_20231215,3.2,KAL_BUL_2023-12-21
S000571,KAL_BUL,6.66,80.19,Kalu,2023-12-12,2023-12-06,2023-12-14,1,high,pre_event,KAL_BUL_20231215,3.2,KAL_BUL_2023-12-12
S000572,KAL_BUL,6.66,80.19,Kalu,2024-05-28,2024-05-22,2024-06-03,1,high,flood_peak,KAL_BUL_20240527,3.2,KAL_BUL_2024-05-28
S000573,KAL_BUL,6.66,80.19,Kalu,2024-05-24,2024-05-18,2024-05-26,1,high,pre_event,KAL_BUL_20240527,3.2,KAL_BUL_2024-05-24
S000574,KAL_BUL,6.66,80.19,Kalu,2024-06-04,2024-05-29,2024-06-10,1,high,flood_peak,KAL_BUL_20240604,3.2,KAL_BUL_2024-06-04
S000575,KAL_BUL,6.66,80.19,Kalu,2024-06-01,2024-05-26,2024-06-03,1,high,pre_event,KAL_BUL_20240604,3.2,KAL_BUL_2024-06-01
S000576,KAL_KLT,6.583,79.96,Kalu,2015-10-18,2015-10-12,2015-10-24,1,high,flood_peak,KAL_KLT_20151018,3.2,KAL_KLT_2015-10-18
S000577,KAL_KLT,6.583,79.96,Kalu,2015-10-15,2015-10-09,2015-10-17,1,high,pre_event,KAL_KLT_20151018,3.2,KAL_KLT_2015-10-15
S000578,KAL_KLT,6.583,79.96,Kalu,2015-10-25,2015-10-19,2015-10-31,1,severe,flood_peak,KAL_KLT_20151023,3.2,KAL_KLT_2015-10-25
S000579,KAL_KLT,6.583,79.96,Kalu,2015-10-20,2015-10-14,2015-10-22,1,severe,pre_event,KAL_KLT_20151023,3.2,KAL_KLT_2015-10-20
S000580,KAL_KLT,6.583,79.96,Kalu,2016-05-15,2016-05-09,2016-05-21,1,severe,flood_peak,KAL_KLT_20160514,3.2,KAL_KLT_2016-05-15
S000581,KAL_KLT,6.583,79.96,Kalu,2016-05-11,2016-05-05,2016-05-13,1,severe,pre_event,KAL_KLT_20160514,3.2,KAL_KLT_2016-05-11
S000582,KAL_KLT,6.583,79.96,Kalu,2019-10-21,2019-10-15,2019-10-27,1,high,flood_peak,KAL_KLT_20191020,3.2,KAL_KLT_2019-10-21
S000583,KAL_KLT,6.583,79.96,Kalu,2019-10-17,2019-10-11,2019-10-19,1,high,pre_event,KAL_KLT_20191020,3.2,KAL_KLT_2019-10-17
S000584,KAL_KLT,6.583,79.96,Kalu,2023-10-21,2023-10-15,2023-10-27,1,high,flood_peak,KAL_KLT_20231021,3.2,KAL_KLT_2023-10-21
S000585,KAL_KLT,6.583,79.96,Kalu,2023-10-18,2023-10-12,2023-10-20,1,high,pre_event,KAL_KLT_20231021,3.2,KAL_KLT_2023-10-18
S000586,KAL_KLT,6.583,79.96,Kalu,2023-11-10,2023-11-04,2023-11-16,1,high,flood_peak,KAL_KLT_20231102,3.2,KAL_KLT_2023-11-10
S000587,KAL_KLT,6.583,79.96,Kalu,2023-10-30,2023-10-24,2023-11-01,1,high,pre_event,KAL_KLT_20231102,3.2,KAL_KLT_2023-10-30
S000588,KAL_KLT,6.583,79.96,Kalu,2023-11-25,2023-11-19,2023-12-01,1,high,flood_peak,KAL_KLT_20231124,3.2,KAL_KLT_2023-11-25
S000589,KAL_KLT,6.583,79.96,Kalu,2023-11-21,2023-11-15,2023-11-23,1,high,pre_event,KAL_KLT_20231124,3.2,KAL_KLT_2023-11-21
S000590,KAL_KLT,6.583,79.96,Kalu,2023-12-01,2023-11-25,2023-12-07,1,high,flood_peak,KAL_KLT_20231130,3.2,KAL_KLT_2023-12-01
S000591,KAL_KLT,6.583,79.96,Kalu,2023-11-27,2023-11-21,2023-11-29,1,high,pre_event,KAL_KLT_20231130,3.2,KAL_KLT_2023-11-27
S000592,KAL_KLT,6.583,79.96,Kalu,2023-12-12,2023-12-06,2023-12-18,1,high,flood_peak,KAL_KLT_20231212,3.2,KAL_KLT_2023-12-12
S000593,KAL_KLT,6.583,79.96,Kalu,2023-12-09,2023-12-03,2023-12-11,1,high,pre_event,KAL_KLT_20231212,3.2,KAL_KLT_2023-12-09
S000594,KAL_KLT,6.583,79.96,Kalu,2023-12-21,2023-12-15,2023-12-27,1,high,flood_peak,KAL_KLT_20231215,3.2,KAL_KLT_2023-12-21
S000595,KAL_KLT,6.583,79.96,Kalu,2023-12-12,2023-12-06,2023-12-14,1,high,pre_event,KAL_KLT_20231215,3.2,KAL_KLT_2023-12-12
S000596,KAL_KLT,6.583,79.96,Kalu,2024-05-27,2024-05-21,2024-06-02,1,high,flood_peak,KAL_KLT_20240526,3.2,KAL_KLT_2024-05-27
S000597,KAL_KLT,6.583,79.96,Kalu,2024-05-23,2024-05-17,2024-05-25,1,high,pre_event,KAL_KLT_20240526,3.2,KAL_KLT_2024-05-23
S000598,KAL_RAT,6.683,80.4,Kalu,2015-10-16,2015-10-10,2015-10-22,1,high,flood_peak,KAL_RAT_20151016,3.2,KAL_RAT_2015-10-16
S000599,KAL_RAT,6.683,80.4,Kalu,2015-10-13,2015-10-07,2015-10-15,1,high,pre_event,KAL_RAT_20151016,3.2,KAL_RAT_2015-10-13
S000600,KAL_RAT,6.683,80.4,Kalu,2015-10-24,2015-10-18,2015-10-30,1,severe,flood_peak,KAL_RAT_20151023,3.2,KAL_RAT_2015-10-24
S000601,KAL_RAT,6.683,80.4,Kalu,2015-10-20,2015-10-14,2015-10-22,1,severe,pre_event,KAL_RAT_20151023,3.2,KAL_RAT_2015-10-20
S000602,KAL_RAT,6.683,80.4,Kalu,2016-05-15,2016-05-09,2016-05-21,1,severe,flood_peak,KAL_RAT_20160514,3.2,KAL_RAT_2016-05-15
S000603,KAL_RAT,6.683,80.4,Kalu,2016-05-11,2016-05-05,2016-05-13,1,severe,pre_event,KAL_RAT_20160514,3.2,KAL_RAT_2016-05-11
S000604,KAL_RAT,6.683,80.4,Kalu,2023-11-05,2023-10-30,2023-11-11,1,high,flood_peak,KAL_RAT_20231105,3.2,KAL_RAT_2023-11-05
S000605,KAL_RAT,6.683,80.4,Kalu,2023-11-02,2023-10-27,2023-11-04,1,high,pre_event,KAL_RAT_20231105,3.2,KAL_RAT_2023-11-02
S000606,KAL_RAT,6.683,80.4,Kalu,2023-12-21,2023-12-15,2023-12-27,1,high,flood_peak,KAL_RAT_20231219,3.2,KAL_RAT_2023-12-21
S000607,KAL_RAT,6.683,80.4,Kalu,2023-12-16,2023-12-10,2023-12-18,1,high,pre_event,KAL_RAT_20231219,3.2,KAL_RAT_2023-12-16
S000608,KAL_RAT,6.683,80.4,Kalu,2024-05-27,2024-05-21,2024-06-02,1,high,flood_peak,KAL_RAT_20240526,3.2,KAL_RAT_2024-05-27
S000609,KAL_RAT,6.683,80.4,Kalu,2024-05-23,2024-05-17,2024-05-25,1,high,pre_event,KAL_RAT_20240526,3.2,KAL_RAT_2024-05-23
S000610,KEL_AVI,6.954,80.211,Kelani,2015-10-24,2015-10-18,2015-10-30,1,severe,flood_peak,KEL_AVI_20151018,3.2,KEL_AVI_2015-10-24
S000611,KEL_AVI,6.954,80.211,Kelani,2015-10-15,2015-10-09,2015-10-17,1,severe,pre_event,KEL_AVI_20151018,3.2,KEL_AVI_2015-10-15
S000612,KEL_AVI,6.954,80.211,Kelani,2015-11-02,2015-10-27,2015-11-08,1,high,flood_peak,KEL_AVI_20151102,3.2,KEL_AVI_2015-11-02
S000613,KEL_AVI,6.954,80.211,Kelani,2015-10-30,2015-10-24,2015-11-01,1,high,pre_event,KEL_AVI_20151102,3.2,KEL_AVI_2015-10-30
S000614,KEL_AVI,6.954,80.211,Kelani,2016-05-16,2016-05-10,2016-05-22,1,severe,flood_peak,KEL_AVI_20160514,3.2,KEL_AVI_2016-05-16
S000615,KEL_AVI,6.954,80.211,Kelani,2016-05-11,2016-05-05,2016-05-13,1,severe,pre_event,KEL_AVI_20160514,3.2,KEL_AVI_2016-05-11
S000616,KEL_AVI,6.954,80.211,Kelani,2019-10-16,2019-10-10,2019-10-22,1,high,flood_peak,KEL_AVI_20191015,3.2,KEL_AVI_2019-10-16
S000617,KEL_AVI,6.954,80.211,Kelani,2019-10-12,2019-10-06,2019-10-14,1,high,pre_event,KEL_AVI_20191015,3.2,KEL_AVI_2019-10-12
S000618,KEL_AVI,6.954,80.211,Kelani,2019-10-20,2019-10-14,2019-10-26,1,high,flood_peak,KEL_AVI_20191020,3.2,KEL_AVI_2019-10-20
S000619,KEL_AVI,6.954,80.211,Kelani,2019-10-17,2019-10-11,2019-10-19,1,high,pre_event,KEL_AVI_20191020,3.2,KEL_AVI_2019-10-17
S000620,KEL_AVI,6.954,80.211,Kelani,2021-05-03,2021-04-27,2021-05-09,1,high,flood_peak,KEL_AVI_20210503,3.2,KEL_AVI_2021-05-03
S000621,KEL_AVI,6.954,80.211,Kelani,2021-04-30,2021-04-24,2021-05-02,1,high,pre_event,KEL_AVI_20210503,3.2,KEL_AVI_2021-04-30
S000622,KEL_AVI,6.954,80.211,Kelani,2023-10-21,2023-10-15,2023-10-27,1,severe,flood_peak,KEL_AVI_20231021,3.2,KEL_AVI_2023-10-21
S000623,KEL_AVI,6.954,80.211,Kelani,2023-10-18,2023-10-12,2023-10-20,1,severe,pre_event,KEL_AVI_20231021,3.2,KEL_AVI_2023-10-18
S000624,KEL_AVI,6.954,80.211,Kelani,2023-11-05,2023-10-30,2023-11-11,1,severe,flood_peak,KEL_AVI_20231031,3.2,KEL_AVI_2023-11-05
S000625,KEL_AVI,6.954,80.211,Kelani,2023-10-28,2023-10-22,2023-10-30,1,severe,pre_event,KEL_AVI_20231031,3.2,KEL_AVI_2023-10-28
S000626,KEL_AVI,6.954,80.211,Kelani,2023-11-21,2023-11-15,2023-11-27,1,high,flood_peak,KEL_AVI_20231121,3.2,KEL_AVI_2023-11-21
S000627,KEL_AVI,6.954,80.211,Kelani,2023-11-18,2023-11-12,2023-11-20,1,high,pre_event,KEL_AVI_20231121,3.2,KEL_AVI_2023-11-18
S000628,KEL_AVI,6.954,80.211,Kelani,2024-05-27,2024-05-21,2024-06-02,1,high,flood_peak,KEL_AVI_20240526,3.2,KEL_AVI_2024-05-27
S000629,KEL_AVI,6.954,80.211,Kelani,2024-05-23,2024-05-17,2024-05-25,1,high,pre_event,KEL_AVI_20240526,3.2,KEL_AVI_2024-05-23
S000630,KEL_AVI,6.954,80.211,Kelani,2024-06-04,2024-05-29,2024-06-10,1,high,flood_peak,KEL_AVI_20240604,3.2,KEL_AVI_2024-06-04
S000631,KEL_AVI,6.954,80.211,Kelani,2024-06-01,2024-05-26,2024-06-03,1,high,pre_event,KEL_AVI_20240604,3.2,KEL_AVI_2024-06-01
S000632,KEL_COL,6.97,79.873,Kelani,2015-04-20,2015-04-14,2015-04-26,1,high,flood_peak,KEL_COL_20150420,3.2,KEL_COL_2015-04-20
S000633,KEL_COL,6.97,79.873,Kelani,2015-04-17,2015-04-11,2015-04-19,1,high,pre_event,KEL_COL_20150420,3.2,KEL_COL_2015-04-17
S000634,KEL_COL,6.97,79.873,Kelani,2015-10-16,2015-10-10,2015-10-22,1,severe,flood_peak,KEL_COL_20151016,3.2,KEL_COL_2015-10-16
S000635,KEL_COL,6.97,79.873,Kelani,2015-10-13,2015-10-07,2015-10-15,1,severe,pre_event,KEL_COL_20151016,3.2,KEL_COL_2015-10-13
S000636,KEL_COL,6.97,79.873,Kelani,2015-10-27,2015-10-21,2015-11-02,1,high,flood_peak,KEL_COL_20151023,3.2,KEL_COL_2015-10-27
S000637,KEL_COL,6.97,79.873,Kelani,2015-10-20,2015-10-14,2015-10-22,1,high,pre_event,KEL_COL_20151023,3.2,KEL_COL_2015-10-20
S000638,KEL_COL,6.97,79.873,Kelani,2016-05-15,2016-05-09,2016-05-21,1,severe,flood_peak,KEL_COL_20160514,3.2,KEL_COL_2016-05-15
S000639,KEL_COL,6.97,79.873,Kelani,2016-05-11,2016-05-05,2016-05-13,1,severe,pre_event,KEL_COL_20160514,3.2,KEL_COL_2016-05-11
S000640,KEL_COL,6.97,79.873,Kelani,2016-11-19,2016-11-13,2016-11-25,1,high,flood_peak,KEL_COL_20161118,3.2,KEL_COL_2016-11-19
S000641,KEL_COL,6.97,79.873,Kelani,2016-11-15,2016-11-09,2016-11-17,1,high,pre_event,KEL_COL_20161118,3.2,KEL_COL_2016-11-15
S000642,KEL_COL,6.97,79.873,Kelani,2017-01-30,2017-01-24,2017-02-05,1,high,flood_peak,KEL_COL_20170130,3.2,KEL_COL_2017-01-30
S000643,KEL_COL,6.97,79.873,Kelani,2017-01-27,2017-01-21,2017-01-29,1,high,pre_event,KEL_COL_20170130,3.2,KEL_COL_2017-01-27
S000644,KEL_COL,6.97,79.873,Kelani,2017-10-30,2017-10-24,2017-11-05,1,high,flood_peak,KEL_COL_20171030,3.2,KEL_COL_2017-10-30
S000645,KEL_COL,6.97,79.873,Kelani,2017-10-27,2017-10-21,2017-10-29,1,high,pre_event,KEL_COL_20171030,3.2,KEL_COL_2017-10-27
S000646,KEL_COL,6.97,79.873,Kelani,2017-11-06,2017-10-31,2017-11-12,1,high,flood_peak,KEL_COL_20171106,3.2,KEL_COL_2017-11-06
S000647,KEL_COL,6.97,79.873,Kelani,2017-11-03,2017-10-28,2017-11-05,1,high,pre_event,KEL_COL_20171106,3.2,KEL_COL_2017-11-03
S000648,KEL_COL,6.97,79.873,Kelani,2017-11-30,2017-11-24,2017-12-06,1,severe,flood_peak,KEL_COL_20171129,3.2,KEL_COL_2017-11-30
S000649,KEL_COL,6.97,79.873,Kelani,2017-11-26,2017-11-20,2017-11-28,1,severe,pre_event,KEL_COL_20171129,3.2,KEL_COL_2017-11-26
S000650,KEL_COL,6.97,79.873,Kelani,2018-05-24,2018-05-18,2018-05-30,1,high,flood_peak,KEL_COL_20180524,3.2,KEL_COL_2018-05-24
S000651,KEL_COL,6.97,79.873,Kelani,2018-05-21,2018-05-15,2018-05-23,1,high,pre_event,KEL_COL_20180524,3.2,KEL_COL_2018-05-21
S000652,KEL_COL,6.97,79.873,Kelani,2018-06-07,2018-06-01,2018-06-13,1,high,flood_peak,KEL_COL_20180607,3.2,KEL_COL_2018-06-07
S000653,KEL_COL,6.97,79.873,Kelani,2018-06-04,2018-05-29,2018-06-06,1,high,pre_event,KEL_COL_20180607,3.2,KEL_COL_2018-06-04
S000654,KEL_COL,6.97,79.873,Kelani,2018-09-30,2018-09-24,2018-10-06,1,severe,flood_peak,KEL_COL_20180929,3.2,KEL_COL_2018-09-30
S000655,KEL_COL,6.97,79.873,Kelani,2018-09-26,2018-09-20,2018-09-28,1,severe,pre_event,KEL_COL_20180929,3.2,KEL_COL_2018-09-26
S000656,KEL_COL,6.97,79.873,Kelani,2018-10-24,2018-10-18,2018-10-30,1,severe,flood_peak,KEL_COL_20181024,3.2,KEL_COL_2018-10-24
S000657,KEL_COL,6.97,79.873,Kelani,2018-10-21,2018-10-15,2018-10-23,1,severe,pre_event,KEL_COL_20181024,3.2,KEL_COL_2018-10-21
S000658,KEL_COL,6.97,79.873,Kelani,2019-08-13,2019-08-07,2019-08-19,1,high,flood_peak,KEL_COL_20190813,3.2,KEL_COL_2019-08-13
S000659,KEL_COL,6.97,79.873,Kelani,2019-08-10,2019-08-04,2019-08-12,1,high,pre_event,KEL_COL_20190813,3.2,KEL_COL_2019-08-10
S000660,KEL_COL,6.97,79.873,Kelani,2019-10-15,2019-10-09,2019-10-21,1,severe,flood_peak,KEL_COL_20191013,3.2,KEL_COL_2019-10-15
S000661,KEL_COL,6.97,79.873,Kelani,2019-10-10,2019-10-04,2019-10-12,1,severe,pre_event,KEL_COL_20191013,3.2,KEL_COL_2019-10-10
S000662,KEL_COL,6.97,79.873,Kelani,2019-10-20,2019-10-14,2019-10-26,1,high,flood_peak,KEL_COL_20191020,3.2,KEL_COL_2019-10-20
S000663,KEL_COL,6.97,79.873,Kelani,2019-10-17,2019-10-11,2019-10-19,1,high,pre_event,KEL_COL_20191020,3.2,KEL_COL_2019-10-17
S000664,KEL_COL,6.97,79.873,Kelani,2019-11-30,2019-11-24,2019-12-06,1,high,flood_peak,KEL_COL_20191130,3.2,KEL_COL_2019-11-30
S000665,KEL_COL,6.97,79.873,Kelani,2019-11-27,2019-11-21,2019-11-29,1,high,pre_event,KEL_COL_20191130,3.2,KEL_COL_2019-11-27
S000666,KEL_COL,6.97,79.873,Kelani,2019-12-05,2019-11-29,2019-12-11,1,high,flood_peak,KEL_COL_20191205,3.2,KEL_COL_2019-12-05
S000667,KEL_COL,6.97,79.873,Kelani,2019-12-02,2019-11-26,2019-12-04,1,high,pre_event,KEL_COL_20191205,3.2,KEL_COL_2019-12-02
S000668,KEL_COL,6.97,79.873,Kelani,2019-12-20,2019-12-14,2019-12-26,1,severe,flood_peak,KEL_COL_20191220,3.2,KEL_COL_2019-12-20
S000669,KEL_COL,6.97,79.873,Kelani,2019-12-17,2019-12-11,2019-12-19,1,severe,pre_event,KEL_COL_20191220,3.2,KEL_COL_2019-12-17
S000670,KEL_COL,6.97,79.873,Kelani,2020-08-06,2020-07-31,2020-08-12,1,high,flood_peak,KEL_COL_20200806,3.2,KEL_COL_2020-08-06
S000671,KEL_COL,6.97,79.873,Kelani,2020-08-03,2020-07-28,2020-08-05,1,high,pre_event,KEL_COL_20200806,3.2,KEL_COL_2020-08-03
S000672,KEL_COL,6.97,79.873,Kelani,2020-08-09,2020-08-03,2020-08-15,1,high,flood_peak,KEL_COL_20200809,3.2,KEL_COL_2020-08-09
S000673,KEL_COL,6.97,79.873,Kelani,2020-08-06,2020-07-31,2020-08-08,1,high,pre_event,KEL_COL_20200809,3.2,KEL_COL_2020-08-06
S000674,KEL_COL,6.97,79.873,Kelani,2020-09-06,2020-08-31,2020-09-12,1,high,flood_peak,KEL_COL_20200906,3.2,KEL_COL_2020-09-06
S000675,KEL_COL,6.97,79.873,Kelani,2020-09-03,2020-08-28,2020-09-05,1,high,pre_event,KEL_COL_20200906,3.2,KEL_COL_2020-09-03
S000676,KEL_COL,6.97,79.873,Kelani,2020-11-20,2020-11-14,2020-11-26,1,high,flood_peak,KEL_COL_20201120,3.2,KEL_COL_2020-11-20
S000677,KEL_COL,6.97,79.873,Kelani,2020-11-17,2020-11-11,2020-11-19,1,high,pre_event,KEL_COL_20201120,3.2,KEL_COL_2020-11-17
S000678,KEL_COL,6.97,79.873,Kelani,2021-01-13,2021-01-07,2021-01-19,1,high,flood_peak,KEL_COL_20210113,3.2,KEL_COL_2021-01-13
S000679,KEL_COL,6.97,79.873,Kelani,2021-01-10,2021-01-04,2021-01-12,1,high,pre_event,KEL_COL_20210113,3.2,KEL_COL_2021-01-10
S000680,KEL_COL,6.97,79.873,Kelani,2021-03-08,2021-03-02,2021-03-14,1,high,flood_peak,KEL_COL_20210308,3.2,KEL_COL_2021-03-08
S000681,KEL_COL,6.97,79.873,Kelani,2021-03-05,2021-02-27,2021-03-07,1,high,pre_event,KEL_COL_20210308,3.2,KEL_COL_2021-03-05
S000682,KEL_COL,6.97,79.873,Kelani,2021-05-03,2021-04-27,2021-05-09,1,high,flood_peak,KEL_COL_20210503,3.2,KEL_COL_2021-05-03
S000683,KEL_COL,6.97,79.873,Kelani,2021-04-30,2021-04-24,2021-05-02,1,high,pre_event,KEL_COL_20210503,3.2,KEL_COL_2021-04-30
S000684,KEL_COL,6.97,79.873,Kelani,2021-05-12,2021-05-06,2021-05-18,1,high,flood_peak,KEL_COL_20210512,3.2,KEL_COL_2021-05-12
S000685,KEL_COL,6.97,79.873,Kelani,2021-05-09,2021-05-03,2021-05-11,1,high,pre_event,KEL_COL_20210512,3.2,KEL_COL_2021-05-09
S000686,KEL_COL,6.97,79.873,Kelani,2021-05-25,2021-05-19,2021-05-31,1,high,flood_peak,KEL_COL_20210525,3.2,KEL_COL_2021-05-25
S000687,KEL_COL,6.97,79.873,Kelani,2021-05-22,2021-05-16,2021-05-24,1,high,pre_event,KEL_COL_20210525,3.2,KEL_COL_2021-05-22
S000688,KEL_COL,6.97,79.873,Kelani,2021-07-09,2021-07-03,2021-07-15,1,high,flood_peak,KEL_COL_20210709,3.2,KEL_COL_2021-07-09
S000689,KEL_COL,6.97,79.873,Kelani,2021-07-06,2021-06-30,2021-07-08,1,high,pre_event,KEL_COL_20210709,3.2,KEL_COL_2021-07-06
S000690,KEL_COL,6.97,79.873,Kelani,2021-10-29,2021-10-23,2021-11-04,1,severe,flood_peak,KEL_COL_20211028,3.2,KEL_COL_2021-10-29
S000691,KEL_COL,6.97,79.873,Kelani,2021-10-25,2021-10-19,2021-10-27,1,severe,pre_event,KEL_COL_20211028,3.2,KEL_COL_2021-10-25
S000692,KEL_COL,6.97,79.873,Kelani,2021-11-08,2021-11-02,2021-11-14,1,severe,flood_peak,KEL_COL_20211108,3.2,KEL_COL_2021-11-08
S000693,KEL_COL,6.97,79.873,Kelani,2021-11-05,2021-10-30,2021-11-07,1,severe,pre_event,KEL_COL_20211108,3.2,KEL_COL_2021-11-05
S000694,KEL_COL,6.97,79.873,Kelani,2022-05-14,2022-05-08,2022-05-20,1,severe,flood_peak,KEL_COL_20220514,3.2,KEL_COL_2022-05-14
S000695,KEL_COL,6.97,79.873,Kelani,2022-05-11,2022-05-05,2022-05-13,1,severe,pre_event,KEL_COL_20220514,3.2,KEL_COL_2022-05-11
S000696,KEL_COL,6.97,79.873,Kelani,2023-09-02,2023-08-27,2023-09-08,1,high,flood_peak,KEL_COL_20230902,3.2,KEL_COL_2023-09-02
S000697,KEL_COL,6.97,79.873,Kelani,2023-08-30,2023-08-24,2023-09-01,1,high,pre_event,KEL_COL_20230902,3.2,KEL_COL_2023-08-30
S000698,KEL_COL,6.97,79.873,Kelani,2023-10-19,2023-10-13,2023-10-25,1,high,flood_peak,KEL_COL_20231019,3.2,KEL_COL_2023-10-19
S000699,KEL_COL,6.97,79.873,Kelani,2023-10-16,2023-10-10,2023-10-18,1,high,pre_event,KEL_COL_20231019,3.2,KEL_COL_2023-10-16
S000700,KEL_COL,6.97,79.873,Kelani,2024-05-26,2024-05-20,2024-06-01,1,severe,flood_peak,KEL_COL_20240519,3.2,KEL_COL_2024-05-26
S000701,KEL_COL,6.97,79.873,Kelani,2024-05-16,2024-05-10,2024-05-18,1,severe,pre_event,KEL_COL_20240519,3.2,KEL_COL_2024-05-16
S000702,KEL_COL,6.97,79.873,Kelani,2024-06-03,2024-05-28,2024-06-09,1,high,flood_peak,KEL_COL_20240603,3.2,KEL_COL_2024-06-03
S000703,KEL_COL,6.97,79.873,Kelani,2024-05-31,2024-05-25,2024-06-02,1,high,pre_event,KEL_COL_20240603,3.2,KEL_COL_2024-05-31
S000704,KEL_COL,6.97,79.873,Kelani,2024-06-23,2024-06-17,2024-06-29,1,high,flood_peak,KEL_COL_20240623,3.2,KEL_COL_2024-06-23
S000705,KEL_COL,6.97,79.873,Kelani,2024-06-20,2024-06-14,2024-06-22,1,high,pre_event,KEL_COL_20240623,3.2,KEL_COL_2024-06-20
S000706,KEL_COL,6.97,79.873,Kelani,2024-07-30,2024-07-24,2024-08-05,1,high,flood_peak,KEL_COL_20240730,3.2,KEL_COL_2024-07-30
S000707,KEL_COL,6.97,79.873,Kelani,2024-07-27,2024-07-21,2024-07-29,1,high,pre_event,KEL_COL_20240730,3.2,KEL_COL_2024-07-27
S000708,KEL_COL,6.97,79.873,Kelani,2024-08-13,2024-08-07,2024-08-19,1,high,flood_peak,KEL_COL_20240813,3.2,KEL_COL_2024-08-13
S000709,KEL_COL,6.97,79.873,Kelani,2024-08-10,2024-08-04,2024-08-12,1,high,pre_event,KEL_COL_20240813,3.2,KEL_COL_2024-08-10
S000710,KEL_COL,6.97,79.873,Kelani,2024-08-18,2024-08-12,2024-08-24,1,high,flood_peak,KEL_COL_20240818,3.2,KEL_COL_2024-08-18
S000711,KEL_COL,6.97,79.873,Kelani,2024-08-15,2024-08-09,2024-08-17,1,high,pre_event,KEL_COL_20240818,3.2,KEL_COL_2024-08-15
S000712,KEL_COL,6.97,79.873,Kelani,2024-10-12,2024-10-06,2024-10-18,1,severe,flood_peak,KEL_COL_20241011,3.2,KEL_COL_2024-10-12
S000713,KEL_COL,6.97,79.873,Kelani,2024-10-08,2024-10-02,2024-10-10,1,severe,pre_event,KEL_COL_20241011,3.2,KEL_COL_2024-10-08
S000714,KEL_COL,6.97,79.873,Kelani,2024-10-15,2024-10-09,2024-10-21,1,high,flood_peak,KEL_COL_20241015,3.2,KEL_COL_2024-10-15
S000715,KEL_COL,6.97,79.873,Kelani,2024-10-12,2024-10-06,2024-10-14,1,high,pre_event,KEL_COL_20241015,3.2,KEL_COL_2024-10-12
S000716,KEL_COL,6.97,79.873,Kelani,2024-11-27,2024-11-21,2024-12-03,1,high,flood_peak,KEL_COL_20241127,3.2,KEL_COL_2024-11-27
S000717,KEL_COL,6.97,79.873,Kelani,2024-11-24,2024-11-18,2024-11-26,1,high,pre_event,KEL_COL_20241127,3.2,KEL_COL_2024-11-24
S000718,KEL_HAN,6.902,80.082,Kelani,2015-10-18,2015-10-12,2015-10-24,1,severe,flood_peak,KEL_HAN_20151016,3.2,KEL_HAN_2015-10-18
S000719,KEL_HAN,6.902,80.082,Kelani,2015-10-13,2015-10-07,2015-10-15,1,severe,pre_event,KEL_HAN_20151016,3.2,KEL_HAN_2015-10-13
S000720,KEL_HAN,6.902,80.082,Kelani,2015-12-18,2015-12-12,2015-12-24,1,high,flood_peak,KEL_HAN_20151218,3.2,KEL_HAN_2015-12-18
S000721,KEL_HAN,6.902,80.082,Kelani,2015-12-15,2015-12-09,2015-12-17,1,high,pre_event,KEL_HAN_20151218,3.2,KEL_HAN_2015-12-15
S000722,KEL_HAN,6.902,80.082,Kelani,2016-05-15,2016-05-09,2016-05-21,1,severe,flood_peak,KEL_HAN_20160515,3.2,KEL_HAN_2016-05-15
S000723,KEL_HAN,6.902,80.082,Kelani,2016-05-12,2016-05-06,2016-05-14,1,severe,pre_event,KEL_HAN_20160515,3.2,KEL_HAN_2016-05-12
S000724,KEL_HAN,6.902,80.082,Kelani,2018-09-30,2018-09-24,2018-10-06,1,high,flood_peak,KEL_HAN_20180930,3.2,KEL_HAN_2018-09-30
S000725,KEL_HAN,6.902,80.082,Kelani,2018-09-27,2018-09-21,2018-09-29,1,high,pre_event,KEL_HAN_20180930,3.2,KEL_HAN_2018-09-27
S000726,KEL_HAN,6.902,80.082,Kelani,2019-10-15,2019-10-09,2019-10-21,1,severe,flood_peak,KEL_HAN_20191015,3.2,KEL_HAN_2019-10-15
S000727,KEL_HAN,6.902,80.082,Kelani,2019-10-12,2019-10-06,2019-10-14,1,severe,pre_event,KEL_HAN_20191015,3.2,KEL_HAN_2019-10-12
S000728,KEL_HAN,6.902,80.082,Kelani,2023-10-21,2023-10-15,2023-10-27,1,high,flood_peak,KEL_HAN_20231021,3.2,KEL_HAN_2023-10-21
S000729,KEL_HAN,6.902,80.082,Kelani,2023-10-18,2023-10-12,2023-10-20,1,high,pre_event,KEL_HAN_20231021,3.2,KEL_HAN_2023-10-18
S000730,KEL_HAN,6.902,80.082,Kelani,2023-11-05,2023-10-30,2023-11-11,1,severe,flood_peak,KEL_HAN_20231031,3.2,KEL_HAN_2023-11-05
S000731,KEL_HAN,6.902,80.082,Kelani,2023-10-28,2023-10-22,2023-10-30,1,severe,pre_event,KEL_HAN_20231031,3.2,KEL_HAN_2023-10-28
S000732,KEL_HAN,6.902,80.082,Kelani,2023-11-22,2023-11-16,2023-11-28,1,high,flood_peak,KEL_HAN_20231122,3.2,KEL_HAN_2023-11-22
S000733,KEL_HAN,6.902,80.082,Kelani,2023-11-19,2023-11-13,2023-11-21,1,high,pre_event,KEL_HAN_20231122,3.2,KEL_HAN_2023-11-19
S000734,KEL_HAN,6.902,80.082,Kelani,2024-05-28,2024-05-22,2024-06-03,1,high,flood_peak,KEL_HAN_20240527,3.2,KEL_HAN_2024-05-28
S000735,KEL_HAN,6.902,80.082,Kelani,2024-05-24,2024-05-18,2024-05-26,1,high,pre_event,KEL_HAN_20240527,3.2,KEL_HAN_2024-05-24
S000736,KEL_HAN,6.902,80.082,Kelani,2024-06-04,2024-05-29,2024-06-10,1,high,flood_peak,KEL_HAN_20240603,3.2,KEL_HAN_2024-06-04
S000737,KEL_HAN,6.902,80.082,Kelani,2024-05-31,2024-05-25,2024-06-02,1,high,pre_event,KEL_HAN_20240603,3.2,KEL_HAN_2024-05-31
S000738,KEL_KAD,6.933,79.983,Kelani,2015-10-24,2015-10-18,2015-10-30,1,severe,flood_peak,KEL_KAD_20151018,3.2,KEL_KAD_2015-10-24
S000739,KEL_KAD,6.933,79.983,Kelani,2015-10-15,2015-10-09,2015-10-17,1,severe,pre_event,KEL_KAD_20151018,3.2,KEL_KAD_2015-10-15
S000740,KEL_KAD,6.933,79.983,Kelani,2016-05-15,2016-05-09,2016-05-21,1,severe,flood_peak,KEL_KAD_20160515,3.2,KEL_KAD_2016-05-15
S000741,KEL_KAD,6.933,79.983,Kelani,2016-05-12,2016-05-06,2016-05-14,1,severe,pre_event,KEL_KAD_20160515,3.2,KEL_KAD_2016-05-12
S000742,KEL_KAD,6.933,79.983,Kelani,2017-11-06,2017-10-31,2017-11-12,1,high,flood_peak,KEL_KAD_20171106,3.2,KEL_KAD_2017-11-06
S000743,KEL_KAD,6.933,79.983,Kelani,2017-11-03,2017-10-28,2017-11-05,1,high,pre_event,KEL_KAD_20171106,3.2,KEL_KAD_2017-11-03
S000744,KEL_KAD,6.933,79.983,Kelani,2019-10-16,2019-10-10,2019-10-22,1,high,flood_peak,KEL_KAD_20191015,3.2,KEL_KAD_2019-10-16
S000745,KEL_KAD,6.933,79.983,Kelani,2019-10-12,2019-10-06,2019-10-14,1,high,pre_event,KEL_KAD_20191015,3.2,KEL_KAD_2019-10-12
S000746,KEL_KAD,6.933,79.983,Kelani,2019-10-21,2019-10-15,2019-10-27,1,high,flood_peak,KEL_KAD_20191020,3.2,KEL_KAD_2019-10-21
S000747,KEL_KAD,6.933,79.983,Kelani,2019-10-17,2019-10-11,2019-10-19,1,high,pre_event,KEL_KAD_20191020,3.2,KEL_KAD_2019-10-17
S000748,KEL_KAD,6.933,79.983,Kelani,2023-10-21,2023-10-15,2023-10-27,1,high,flood_peak,KEL_KAD_20231021,3.2,KEL_KAD_2023-10-21
S000749,KEL_KAD,6.933,79.983,Kelani,2023-10-18,2023-10-12,2023-10-20,1,high,pre_event,KEL_KAD_20231021,3.2,KEL_KAD_2023-10-18
S000750,KEL_KAD,6.933,79.983,Kelani,2023-11-05,2023-10-30,2023-11-11,1,severe,flood_peak,KEL_KAD_20231031,3.2,KEL_KAD_2023-11-05
S000751,KEL_KAD,6.933,79.983,Kelani,2023-10-28,2023-10-22,2023-10-30,1,severe,pre_event,KEL_KAD_20231031,3.2,KEL_KAD_2023-10-28
S000752,KEL_KAD,6.933,79.983,Kelani,2023-11-21,2023-11-15,2023-11-27,1,high,flood_peak,KEL_KAD_20231121,3.2,KEL_KAD_2023-11-21
S000753,KEL_KAD,6.933,79.983,Kelani,2023-11-18,2023-11-12,2023-11-20,1,high,pre_event,KEL_KAD_20231121,3.2,KEL_KAD_2023-11-18
S000754,KEL_KAD,6.933,79.983,Kelani,2024-05-27,2024-05-21,2024-06-02,1,high,flood_peak,KEL_KAD_20240525,3.2,KEL_KAD_2024-05-27
S000755,KEL_KAD,6.933,79.983,Kelani,2024-05-22,2024-05-16,2024-05-24,1,high,pre_event,KEL_KAD_20240525,3.2,KEL_KAD_2024-05-22
S000756,KEL_KAD,6.933,79.983,Kelani,2024-11-28,2024-11-22,2024-12-04,1,high,flood_peak,KEL_KAD_20241128,3.2,KEL_KAD_2024-11-28
S000757,KEL_KAD,6.933,79.983,Kelani,2024-11-25,2024-11-19,2024-11-27,1,high,pre_event,KEL_KAD_20241128,3.2,KEL_KAD_2024-11-25
S000758,KEL_KIT,6.989,80.412,Kelani,2015-10-24,2015-10-18,2015-10-30,1,severe,flood_peak,KEL_KIT_20151018,3.2,KEL_KIT_2015-10-24
S000759,KEL_KIT,6.989,80.412,Kelani,2015-10-15,2015-10-09,2015-10-17,1,severe,pre_event,KEL_KIT_20151018,3.2,KEL_KIT_2015-10-15
S000760,KEL_KIT,6.989,80.412,Kelani,2015-11-14,2015-11-08,2015-11-20,1,high,flood_peak,KEL_KIT_20151114,3.2,KEL_KIT_2015-11-14
S000761,KEL_KIT,6.989,80.412,Kelani,2015-11-11,2015-11-05,2015-11-13,1,high,pre_event,KEL_KIT_20151114,3.2,KEL_KIT_2015-11-11
S000762,KEL_KIT,6.989,80.412,Kelani,2016-05-15,2016-05-09,2016-05-21,1,severe,flood_peak,KEL_KIT_20160514,3.2,KEL_KIT_2016-05-15
S000763,KEL_KIT,6.989,80.412,Kelani,2016-05-11,2016-05-05,2016-05-13,1,severe,pre_event,KEL_KIT_20160514,3.2,KEL_KIT_2016-05-11
S000764,KEL_KIT,6.989,80.412,Kelani,2018-11-05,2018-10-30,2018-11-11,1,severe,flood_peak,KEL_KIT_20181105,3.2,KEL_KIT_2018-11-05
S000765,KEL_KIT,6.989,80.412,Kelani,2018-11-02,2018-10-27,2018-11-04,1,severe,pre_event,KEL_KIT_20181105,3.2,KEL_KIT_2018-11-02
S000766,KEL_KIT,6.989,80.412,Kelani,2019-10-20,2019-10-14,2019-10-26,1,high,flood_peak,KEL_KIT_20191020,3.2,KEL_KIT_2019-10-20
S000767,KEL_KIT,6.989,80.412,Kelani,2019-10-17,2019-10-11,2019-10-19,1,high,pre_event,KEL_KIT_20191020,3.2,KEL_KIT_2019-10-17
S000768,KEL_KIT,6.989,80.412,Kelani,2021-01-13,2021-01-07,2021-01-19,1,high,flood_peak,KEL_KIT_20210113,3.2,KEL_KIT_2021-01-13
S000769,KEL_KIT,6.989,80.412,Kelani,2021-01-10,2021-01-04,2021-01-12,1,high,pre_event,KEL_KIT_20210113,3.2,KEL_KIT_2021-01-10
S000770,KEL_KIT,6.989,80.412,Kelani,2023-11-15,2023-11-09,2023-11-21,1,severe,flood_peak,KEL_KIT_20231021,3.2,KEL_KIT_2023-11-15
S000771,KEL_KIT,6.989,80.412,Kelani,2023-10-18,2023-10-12,2023-10-20,1,severe,pre_event,KEL_KIT_20231021,3.2,KEL_KIT_2023-10-18
S000772,KEL_KIT,6.989,80.412,Kelani,2023-11-21,2023-11-15,2023-11-27,1,severe,flood_peak,KEL_KIT_20231121,3.2,KEL_KIT_2023-11-21
S000773,KEL_KIT,6.989,80.412,Kelani,2023-11-18,2023-11-12,2023-11-20,1,severe,pre_event,KEL_KIT_20231121,3.2,KEL_KIT_2023-11-18
S000774,KEL_KIT,6.989,80.412,Kelani,2023-12-19,2023-12-13,2023-12-25,1,high,flood_peak,KEL_KIT_20231219,3.2,KEL_KIT_2023-12-19
S000775,KEL_KIT,6.989,80.412,Kelani,2023-12-16,2023-12-10,2023-12-18,1,high,pre_event,KEL_KIT_20231219,3.2,KEL_KIT_2023-12-16
S000776,KEL_KIT,6.989,80.412,Kelani,2024-05-26,2024-05-20,2024-06-01,1,severe,flood_peak,KEL_KIT_20240523,3.2,KEL_KIT_2024-05-26
S000777,KEL_KIT,6.989,80.412,Kelani,2024-05-20,2024-05-14,2024-05-22,1,severe,pre_event,KEL_KIT_20240523,3.2,KEL_KIT_2024-05-20
S000778,KEL_KIT,6.989,80.412,Kelani,2024-11-28,2024-11-22,2024-12-04,1,high,flood_peak,KEL_KIT_20241127,3.2,KEL_KIT_2024-11-28
S000779,KEL_KIT,6.989,80.412,Kelani,2024-11-24,2024-11-18,2024-11-26,1,high,pre_event,KEL_KIT_20241127,3.2,KEL_KIT_2024-11-24
S000780,KEL_RUW,7.041,80.251,Kelani,2015-10-24,2015-10-18,2015-10-30,1,severe,flood_peak,KEL_RUW_20151018,3.2,KEL_RUW_2015-10-24
S000781,KEL_RUW,7.041,80.251,Kelani,2015-10-15,2015-10-09,2015-10-17,1,severe,pre_event,KEL_RUW_20151018,3.2,KEL_RUW_2015-10-15
S000782,KEL_RUW,7.041,80.251,Kelani,2016-05-15,2016-05-09,2016-05-21,1,severe,flood_peak,KEL_RUW_20160515,3.2,KEL_RUW_2016-05-15
S000783,KEL_RUW,7.041,80.251,Kelani,2016-05-12,2016-05-06,2016-05-14,1,severe,pre_event,KEL_RUW_20160515,3.2,KEL_RUW_2016-05-12
S000784,KEL_RUW,7.041,80.251,Kelani,2018-11-06,2018-10-31,2018-11-12,1,high,flood_peak,KEL_RUW_20181105,3.2,KEL_RUW_2018-11-06
S000785,KEL_RUW,7.041,80.251,Kelani,2018-11-02,2018-10-27,2018-11-04,1,high,pre_event,KEL_RUW_20181105,3.2,KEL_RUW_2018-11-02
S000786,KEL_RUW,7.041,80.251,Kelani,2019-10-20,2019-10-14,2019-10-26,1,high,flood_peak,KEL_RUW_20191020,3.2,KEL_RUW_2019-10-20
S000787,KEL_RUW,7.041,80.251,Kelani,2019-10-17,2019-10-11,2019-10-19,1,high,pre_event,KEL_RUW_20191020,3.2,KEL_RUW_2019-10-17
S000788,KEL_RUW,7.041,80.251,Kelani,2021-01-13,2021-01-07,2021-01-19,1,high,flood_peak,KEL_RUW_20210113,3.2,KEL_RUW_2021-01-13
S000789,KEL_RUW,7.041,80.251,Kelani,2021-01-10,2021-01-04,2021-01-12,1,high,pre_event,KEL_RUW_20210113,3.2,KEL_RUW_2021-01-10
S000790,KEL_RUW,7.041,80.251,Kelani,2021-05-03,2021-04-27,2021-05-09,1,high,flood_peak,KEL_RUW_20210503,3.2,KEL_RUW_2021-05-03
S000791,KEL_RUW,7.041,80.251,Kelani,2021-04-30,2021-04-24,2021-05-02,1,high,pre_event,KEL_RUW_20210503,3.2,KEL_RUW_2021-04-30
S000792,KEL_RUW,7.041,80.251,Kelani,2023-10-21,2023-10-15,2023-10-27,1,high,flood_peak,KEL_RUW_20231021,3.2,KEL_RUW_2023-10-21
S000793,KEL_RUW,7.041,80.251,Kelani,2023-10-18,2023-10-12,2023-10-20,1,high,pre_event,KEL_RUW_20231021,3.2,KEL_RUW_2023-10-18
S000794,KEL_RUW,7.041,80.251,Kelani,2023-11-10,2023-11-04,2023-11-16,1,high,flood_peak,KEL_RUW_20231031,3.2,KEL_RUW_2023-11-10
S000795,KEL_RUW,7.041,80.251,Kelani,2023-10-28,2023-10-22,2023-10-30,1,high,pre_event,KEL_RUW_20231031,3.2,KEL_RUW_2023-10-28
S000796,KEL_RUW,7.041,80.251,Kelani,2023-11-21,2023-11-15,2023-11-27,1,high,flood_peak,KEL_RUW_20231121,3.2,KEL_RUW_2023-11-21
S000797,KEL_RUW,7.041,80.251,Kelani,2023-11-18,2023-11-12,2023-11-20,1,high,pre_event,KEL_RUW_20231121,3.2,KEL_RUW_2023-11-18
S000798,KEL_RUW,7.041,80.251,Kelani,2023-12-19,2023-12-13,2023-12-25,1,high,flood_peak,KEL_RUW_20231219,3.2,KEL_RUW_2023-12-19
S000799,KEL_RUW,7.041,80.251,Kelani,2023-12-16,2023-12-10,2023-12-18,1,high,pre_event,KEL_RUW_20231219,3.2,KEL_RUW_2023-12-16
S000800,KEL_RUW,7.041,80.251,Kelani,2024-05-26,2024-05-20,2024-06-01,1,severe,flood_peak,KEL_RUW_20240523,3.2,KEL_RUW_2024-05-26
S000801,KEL_RUW,7.041,80.251,Kelani,2024-05-20,2024-05-14,2024-05-22,1,severe,pre_event,KEL_RUW_20240523,3.2,KEL_RUW_2024-05-20
S000802,KEL_RUW,7.041,80.251,Kelani,2024-11-28,2024-11-22,2024-12-04,1,high,flood_peak,KEL_RUW_20241127,3.2,KEL_RUW_2024-11-28
S000803,KEL_RUW,7.041,80.251,Kelani,2024-11-24,2024-11-18,2024-11-26,1,high,pre_event,KEL_RUW_20241127,3.2,KEL_RUW_2024-11-24
S000804,KEL_UP,6.831,80.616,Kelani,2015-10-26,2015-10-20,2015-11-01,1,severe,flood_peak,KEL_UP_20151023,3.2,KEL_UP_2015-10-26
S000805,KEL_UP,6.831,80.616,Kelani,2015-10-20,2015-10-14,2015-10-22,1,severe,pre_event,KEL_UP_20151023,3.2,KEL_UP_2015-10-20
S000806,KEL_UP,6.831,80.616,Kelani,2016-05-15,2016-05-09,2016-05-21,1,severe,flood_peak,KEL_UP_20160514,3.2,KEL_UP_2016-05-15
S000807,KEL_UP,6.831,80.616,Kelani,2016-05-11,2016-05-05,2016-05-13,1,severe,pre_event,KEL_UP_20160514,3.2,KEL_UP_2016-05-11
S000808,KEL_UP,6.831,80.616,Kelani,2017-11-30,2017-11-24,2017-12-06,1,high,flood_peak,KEL_UP_20171130,3.2,KEL_UP_2017-11-30
S000809,KEL_UP,6.831,80.616,Kelani,2017-11-27,2017-11-21,2017-11-29,1,high,pre_event,KEL_UP_20171130,3.2,KEL_UP_2017-11-27
S000810,KEL_UP,6.831,80.616,Kelani,2018-11-06,2018-10-31,2018-11-12,1,severe,flood_peak,KEL_UP_20181105,3.2,KEL_UP_2018-11-06
S000811,KEL_UP,6.831,80.616,Kelani,2018-11-02,2018-10-27,2018-11-04,1,severe,pre_event,KEL_UP_20181105,3.2,KEL_UP_2018-11-02
S000812,KEL_UP,6.831,80.616,Kelani,2023-10-21,2023-10-15,2023-10-27,1,high,flood_peak,KEL_UP_20231021,3.2,KEL_UP_2023-10-21
S000813,KEL_UP,6.831,80.616,Kelani,2023-10-18,2023-10-12,2023-10-20,1,high,pre_event,KEL_UP_20231021,3.2,KEL_UP_2023-10-18
S000814,KEL_UP,6.831,80.616,Kelani,2023-11-15,2023-11-09,2023-11-21,1,high,flood_peak,KEL_UP_20231025,3.2,KEL_UP_2023-11-15
S000815,KEL_UP,6.831,80.616,Kelani,2023-10-22,2023-10-16,2023-10-24,1,high,pre_event,KEL_UP_20231025,3.2,KEL_UP_2023-10-22
S000816,KEL_UP,6.831,80.616,Kelani,2023-11-23,2023-11-17,2023-11-29,1,high,flood_peak,KEL_UP_20231121,3.2,KEL_UP_2023-11-23
S000817,KEL_UP,6.831,80.616,Kelani,2023-11-18,2023-11-12,2023-11-20,1,high,pre_event,KEL_UP_20231121,3.2,KEL_UP_2023-11-18
S000818,KEL_UP,6.831,80.616,Kelani,2023-12-19,2023-12-13,2023-12-25,1,high,flood_peak,KEL_UP_20231219,3.2,KEL_UP_2023-12-19
S000819,KEL_UP,6.831,80.616,Kelani,2023-12-16,2023-12-10,2023-12-18,1,high,pre_event,KEL_UP_20231219,3.2,KEL_UP_2023-12-16
S000820,KEL_UP,6.831,80.616,Kelani,2024-05-25,2024-05-19,2024-05-31,1,severe,flood_peak,KEL_UP_20240524,3.2,KEL_UP_2024-05-25
S000821,KEL_UP,6.831,80.616,Kelani,2024-05-21,2024-05-15,2024-05-23,1,severe,pre_event,KEL_UP_20240524,3.2,KEL_UP_2024-05-21
S000822,KIR_TIS,6.281,81.281,KirindiOya,2015-01-01,2014-12-26,2015-01-07,1,high,flood_peak,KIR_TIS_20141222,3.2,KIR_TIS_2015-01-01
S000823,KIR_TIS,6.281,81.281,KirindiOya,2014-12-29,2014-12-23,2014-12-31,1,high,pre_event,KIR_TIS_20141222,3.2,KIR_TIS_2014-12-29
S000824,KIR_TIS,6.281,81.281,KirindiOya,2015-10-24,2015-10-18,2015-10-30,1,severe,flood_peak,KIR_TIS_20151024,3.2,KIR_TIS_2015-10-24
S000825,KIR_TIS,6.281,81.281,KirindiOya,2015-10-21,2015-10-15,2015-10-23,1,severe,pre_event,KIR_TIS_20151024,3.2,KIR_TIS_2015-10-21
S000826,KIR_TIS,6.281,81.281,KirindiOya,2015-11-08,2015-11-02,2015-11-14,1,high,flood_peak,KIR_TIS_20151108,3.2,KIR_TIS_2015-11-08
S000827,KIR_TIS,6.281,81.281,KirindiOya,2015-11-05,2015-10-30,2015-11-07,1,high,pre_event,KIR_TIS_20151108,3.2,KIR_TIS_2015-11-05
S000828,KIR_TIS,6.281,81.281,KirindiOya,2015-11-13,2015-11-07,2015-11-19,1,high,flood_peak,KIR_TIS_20151112,3.2,KIR_TIS_2015-11-13
S000829,KIR_TIS,6.281,81.281,KirindiOya,2015-11-09,2015-11-03,2015-11-11,1,high,pre_event,KIR_TIS_20151112,3.2,KIR_TIS_2015-11-09
S000830,KIR_TIS,6.281,81.281,KirindiOya,2015-12-11,2015-12-05,2015-12-17,1,high,flood_peak,KIR_TIS_20151211,3.2,KIR_TIS_2015-12-11
S000831,KIR_TIS,6.281,81.281,KirindiOya,2015-12-08,2015-12-02,2015-12-10,1,high,pre_event,KIR_TIS_20151211,3.2,KIR_TIS_2015-12-08
S000832,KIR_TIS,6.281,81.281,KirindiOya,2016-05-15,2016-05-09,2016-05-21,1,severe,flood_peak,KIR_TIS_20160514,3.2,KIR_TIS_2016-05-15
S000833,KIR_TIS,6.281,81.281,KirindiOya,2016-05-11,2016-05-05,2016-05-13,1,severe,pre_event,KIR_TIS_20160514,3.2,KIR_TIS_2016-05-11
S000834,KIR_TIS,6.281,81.281,KirindiOya,2017-11-30,2017-11-24,2017-12-06,1,high,flood_peak,KIR_TIS_20171129,3.2,KIR_TIS_2017-11-30
S000835,KIR_TIS,6.281,81.281,KirindiOya,2017-11-26,2017-11-20,2017-11-28,1,high,pre_event,KIR_TIS_20171129,3.2,KIR_TIS_2017-11-26
S000836,KIR_TIS,6.281,81.281,KirindiOya,2018-11-05,2018-10-30,2018-11-11,1,high,flood_peak,KIR_TIS_20181105,3.2,KIR_TIS_2018-11-05
S000837,KIR_TIS,6.281,81.281,KirindiOya,2018-11-02,2018-10-27,2018-11-04,1,high,pre_event,KIR_TIS_20181105,3.2,KIR_TIS_2018-11-02
S000838,KIR_TIS,6.281,81.281,KirindiOya,2019-10-29,2019-10-23,2019-11-04,1,high,flood_peak,KIR_TIS_20191029,3.2,KIR_TIS_2019-10-29
S000839,KIR_TIS,6.281,81.281,KirindiOya,2019-10-26,2019-10-20,2019-10-28,1,high,pre_event,KIR_TIS_20191029,3.2,KIR_TIS_2019-10-26
S000840,KIR_TIS,6.281,81.281,KirindiOya,2020-12-22,2020-12-16,2020-12-28,1,high,flood_peak,KIR_TIS_20201222,3.2,KIR_TIS_2020-12-22
S000841,KIR_TIS,6.281,81.281,KirindiOya,2020-12-19,2020-12-13,2020-12-21,1,high,pre_event,KIR_TIS_20201222,3.2,KIR_TIS_2020-12-19
S000842,KIR_TIS,6.281,81.281,KirindiOya,2021-01-15,2021-01-09,2021-01-21,1,high,flood_peak,KIR_TIS_20210115,3.2,KIR_TIS_2021-01-15
S000843,KIR_TIS,6.281,81.281,KirindiOya,2021-01-12,2021-01-06,2021-01-14,1,high,pre_event,KIR_TIS_20210115,3.2,KIR_TIS_2021-01-12
S000844,KIR_TIS,6.281,81.281,KirindiOya,2022-12-26,2022-12-20,2023-01-01,1,severe,flood_peak,KIR_TIS_20221226,3.2,KIR_TIS_2022-12-26
S000845,KIR_TIS,6.281,81.281,KirindiOya,2022-12-23,2022-12-17,2022-12-25,1,severe,pre_event,KIR_TIS_20221226,3.2,KIR_TIS_2022-12-23
S000846,KIR_TIS,6.281,81.281,KirindiOya,2023-11-08,2023-11-02,2023-11-14,1,severe,flood_peak,KIR_TIS_20231105,3.2,KIR_TIS_2023-11-08
S000847,KIR_TIS,6.281,81.281,KirindiOya,2023-11-02,2023-10-27,2023-11-04,1,severe,pre_event,KIR_TIS_20231105,3.2,KIR_TIS_2023-11-02
S000848,KIR_TIS,6.281,81.281,KirindiOya,2023-12-19,2023-12-13,2023-12-25,1,high,flood_peak,KIR_TIS_20231216,3.2,KIR_TIS_2023-12-19
S000849,KIR_TIS,6.281,81.281,KirindiOya,2023-12-13,2023-12-07,2023-12-15,1,high,pre_event,KIR_TIS_20231216,3.2,KIR_TIS_2023-12-13
S000850,KIR_TIS,6.281,81.281,KirindiOya,2024-01-04,2023-12-29,2024-01-10,1,high,flood_peak,KIR_TIS_20240104,3.2,KIR_TIS_2024-01-04
S000851,KIR_TIS,6.281,81.281,KirindiOya,2024-01-01,2023-12-26,2024-01-03,1,high,pre_event,KIR_TIS_20240104,3.2,KIR_TIS_2024-01-01
S000852,KIR_TIS,6.281,81.281,KirindiOya,2024-01-11,2024-01-05,2024-01-17,1,high,flood_peak,KIR_TIS_20240111,3.2,KIR_TIS_2024-01-11
S000853,KIR_TIS,6.281,81.281,KirindiOya,2024-01-08,2024-01-02,2024-01-10,1,high,pre_event,KIR_TIS_20240111,3.2,KIR_TIS_2024-01-08
S000854,KIR_TIS,6.281,81.281,KirindiOya,2024-11-27,2024-11-21,2024-12-03,1,high,flood_peak,KIR_TIS_20241127,3.2,KIR_TIS_2024-11-27
S000855,KIR_TIS,6.281,81.281,KirindiOya,2024-11-24,2024-11-18,2024-11-26,1,high,pre_event,KIR_TIS_20241127,3.2,KIR_TIS_2024-11-24
S000856,KLA_ELA,8.151,79.851,KalaOya,2015-11-15,2015-11-09,2015-11-21,1,severe,flood_peak,KLA_ELA_20151114,3.2,KLA_ELA_2015-11-15
S000857,KLA_ELA,8.151,79.851,KalaOya,2015-11-11,2015-11-05,2015-11-13,1,severe,pre_event,KLA_ELA_20151114,3.2,KLA_ELA_2015-11-11
S000858,KLA_ELA,8.151,79.851,KalaOya,2015-12-09,2015-12-03,2015-12-15,1,high,flood_peak,KLA_ELA_20151205,3.2,KLA_ELA_2015-12-09
S000859,KLA_ELA,8.151,79.851,KalaOya,2015-12-02,2015-11-26,2015-12-04,1,high,pre_event,KLA_ELA_20151205,3.2,KLA_ELA_2015-12-02
S000860,KLA_ELA,8.151,79.851,KalaOya,2016-05-16,2016-05-10,2016-05-22,1,severe,flood_peak,KLA_ELA_20160516,3.2,KLA_ELA_2016-05-16
S000861,KLA_ELA,8.151,79.851,KalaOya,2016-05-13,2016-05-07,2016-05-15,1,severe,pre_event,KLA_ELA_20160516,3.2,KLA_ELA_2016-05-13
S000862,KLA_ELA,8.151,79.851,KalaOya,2020-12-02,2020-11-26,2020-12-08,1,severe,flood_peak,KLA_ELA_20201202,3.2,KLA_ELA_2020-12-02
S000863,KLA_ELA,8.151,79.851,KalaOya,2020-11-29,2020-11-23,2020-12-01,1,severe,pre_event,KLA_ELA_20201202,3.2,KLA_ELA_2020-11-29
S000864,KLA_ELA,8.151,79.851,KalaOya,2021-11-10,2021-11-04,2021-11-16,1,high,flood_peak,KLA_ELA_20211108,3.2,KLA_ELA_2021-11-10
S000865,KLA_ELA,8.151,79.851,KalaOya,2021-11-05,2021-10-30,2021-11-07,1,high,pre_event,KLA_ELA_20211108,3.2,KLA_ELA_2021-11-05
S000866,KLA_ELA,8.151,79.851,KalaOya,2023-11-23,2023-11-17,2023-11-29,1,severe,flood_peak,KLA_ELA_20231112,3.2,KLA_ELA_2023-11-23
S000867,KLA_ELA,8.151,79.851,KalaOya,2023-11-09,2023-11-03,2023-11-11,1,severe,pre_event,KLA_ELA_20231112,3.2,KLA_ELA_2023-11-09
S000868,KLA_ELA,8.151,79.851,KalaOya,2024-05-20,2024-05-14,2024-05-26,1,high,flood_peak,KLA_ELA_20240520,3.2,KLA_ELA_2024-05-20
S000869,KLA_ELA,8.151,79.851,KalaOya,2024-05-17,2024-05-11,2024-05-19,1,high,pre_event,KLA_ELA_20240520,3.2,KLA_ELA_2024-05-17
S000870,KLA_ELA,8.151,79.851,KalaOya,2024-11-27,2024-11-21,2024-12-03,1,severe,flood_peak,KLA_ELA_20241126,3.2,KLA_ELA_2024-11-27
S000871,KLA_ELA,8.151,79.851,KalaOya,2024-11-23,2024-11-17,2024-11-25,1,severe,pre_event,KLA_ELA_20241126,3.2,KLA_ELA_2024-11-23
S000872,MAH_KAN,7.291,80.635,Mahaweli,2015-01-01,2014-12-26,2015-01-07,1,high,flood_peak,MAH_KAN_20141220,3.2,MAH_KAN_2015-01-01
S000873,MAH_KAN,7.291,80.635,Mahaweli,2014-12-29,2014-12-23,2014-12-31,1,high,pre_event,MAH_KAN_20141220,3.2,MAH_KAN_2014-12-29
S000874,MAH_KAN,7.291,80.635,Mahaweli,2015-10-27,2015-10-21,2015-11-02,1,severe,flood_peak,MAH_KAN_20151020,3.2,MAH_KAN_2015-10-27
S000875,MAH_KAN,7.291,80.635,Mahaweli,2015-10-17,2015-10-11,2015-10-19,1,severe,pre_event,MAH_KAN_20151020,3.2,MAH_KAN_2015-10-17
S000876,MAH_KAN,7.291,80.635,Mahaweli,2015-11-15,2015-11-09,2015-11-21,1,high,flood_peak,MAH_KAN_20151114,3.2,MAH_KAN_2015-11-15
S000877,MAH_KAN,7.291,80.635,Mahaweli,2015-11-11,2015-11-05,2015-11-13,1,high,pre_event,MAH_KAN_20151114,3.2,MAH_KAN_2015-11-11
S000878,MAH_KAN,7.291,80.635,Mahaweli,2016-05-15,2016-05-09,2016-05-21,1,severe,flood_peak,MAH_KAN_20160515,3.2,MAH_KAN_2016-05-15
S000879,MAH_KAN,7.291,80.635,Mahaweli,2016-05-12,2016-05-06,2016-05-14,1,severe,pre_event,MAH_KAN_20160515,3.2,MAH_KAN_2016-05-12
S000880,MAH_KAN,7.291,80.635,Mahaweli,2017-10-31,2017-10-25,2017-11-06,1,high,flood_peak,MAH_KAN_20171031,3.2,MAH_KAN_2017-10-31
S000881,MAH_KAN,7.291,80.635,Mahaweli,2017-10-28,2017-10-22,2017-10-30,1,high,pre_event,MAH_KAN_20171031,3.2,MAH_KAN_2017-10-28
S000882,MAH_KAN,7.291,80.635,Mahaweli,2017-11-05,2017-10-30,2017-11-11,1,high,flood_peak,MAH_KAN_20171105,3.2,MAH_KAN_2017-11-05
S000883,MAH_KAN,7.291,80.635,Mahaweli,2017-11-02,2017-10-27,2017-11-04,1,high,pre_event,MAH_KAN_20171105,3.2,MAH_KAN_2017-11-02
S000884,MAH_KAN,7.291,80.635,Mahaweli,2018-11-06,2018-10-31,2018-11-12,1,severe,flood_peak,MAH_KAN_20181105,3.2,MAH_KAN_2018-11-06
S000885,MAH_KAN,7.291,80.635,Mahaweli,2018-11-02,2018-10-27,2018-11-04,1,severe,pre_event,MAH_KAN_20181105,3.2,MAH_KAN_2018-11-02
S000886,MAH_KAN,7.291,80.635,Mahaweli,2019-02-09,2019-02-03,2019-02-15,1,severe,flood_peak,MAH_KAN_20190209,3.2,MAH_KAN_2019-02-09
S000887,MAH_KAN,7.291,80.635,Mahaweli,2019-02-06,2019-01-31,2019-02-08,1,severe,pre_event,MAH_KAN_20190209,3.2,MAH_KAN_2019-02-06
S000888,MAH_KAN,7.291,80.635,Mahaweli,2019-10-29,2019-10-23,2019-11-04,1,high,flood_peak,MAH_KAN_20191029,3.2,MAH_KAN_2019-10-29
S000889,MAH_KAN,7.291,80.635,Mahaweli,2019-10-26,2019-10-20,2019-10-28,1,high,pre_event,MAH_KAN_20191029,3.2,MAH_KAN_2019-10-26
S000890,MAH_KAN,7.291,80.635,Mahaweli,2020-11-18,2020-11-12,2020-11-24,1,high,flood_peak,MAH_KAN_20201118,3.2,MAH_KAN_2020-11-18
S000891,MAH_KAN,7.291,80.635,Mahaweli,2020-11-15,2020-11-09,2020-11-17,1,high,pre_event,MAH_KAN_20201118,3.2,MAH_KAN_2020-11-15
S000892,MAH_KAN,7.291,80.635,Mahaweli,2021-01-13,2021-01-07,2021-01-19,1,high,flood_peak,MAH_KAN_20210113,3.2,MAH_KAN_2021-01-13
S000893,MAH_KAN,7.291,80.635,Mahaweli,2021-01-10,2021-01-04,2021-01-12,1,high,pre_event,MAH_KAN_20210113,3.2,MAH_KAN_2021-01-10
S000894,MAH_KAN,7.291,80.635,Mahaweli,2021-11-09,2021-11-03,2021-11-15,1,high,flood_peak,MAH_KAN_20211109,3.2,MAH_KAN_2021-11-09
S000895,MAH_KAN,7.291,80.635,Mahaweli,2021-11-06,2021-10-31,2021-11-08,1,high,pre_event,MAH_KAN_20211109,3.2,MAH_KAN_2021-11-06
S000896,MAH_KAN,7.291,80.635,Mahaweli,2021-11-25,2021-11-19,2021-12-01,1,high,flood_peak,MAH_KAN_20211125,3.2,MAH_KAN_2021-11-25
S000897,MAH_KAN,7.291,80.635,Mahaweli,2021-11-22,2021-11-16,2021-11-24,1,high,pre_event,MAH_KAN_20211125,3.2,MAH_KAN_2021-11-22
S000898,MAH_KAN,7.291,80.635,Mahaweli,2023-10-21,2023-10-15,2023-10-27,1,high,flood_peak,MAH_KAN_20231021,3.2,MAH_KAN_2023-10-21
S000899,MAH_KAN,7.291,80.635,Mahaweli,2023-10-18,2023-10-12,2023-10-20,1,high,pre_event,MAH_KAN_20231021,3.2,MAH_KAN_2023-10-18
S000900,MAH_KAN,7.291,80.635,Mahaweli,2023-11-11,2023-11-05,2023-11-17,1,high,flood_peak,MAH_KAN_20231101,3.2,MAH_KAN_2023-11-11
S000901,MAH_KAN,7.291,80.635,Mahaweli,2023-10-29,2023-10-23,2023-10-31,1,high,pre_event,MAH_KAN_20231101,3.2,MAH_KAN_2023-10-29
S000902,MAH_KAN,7.291,80.635,Mahaweli,2023-11-23,2023-11-17,2023-11-29,1,severe,flood_peak,MAH_KAN_20231121,3.2,MAH_KAN_2023-11-23
S000903,MAH_KAN,7.291,80.635,Mahaweli,2023-11-18,2023-11-12,2023-11-20,1,severe,pre_event,MAH_KAN_20231121,3.2,MAH_KAN_2023-11-18
S000904,MAH_KAN,7.291,80.635,Mahaweli,2023-12-11,2023-12-05,2023-12-17,1,high,flood_peak,MAH_KAN_20231210,3.2,MAH_KAN_2023-12-11
S000905,MAH_KAN,7.291,80.635,Mahaweli,2023-12-07,2023-12-01,2023-12-09,1,high,pre_event,MAH_KAN_20231210,3.2,MAH_KAN_2023-12-07
S000906,MAH_KAN,7.291,80.635,Mahaweli,2023-12-19,2023-12-13,2023-12-25,1,high,flood_peak,MAH_KAN_20231219,3.2,MAH_KAN_2023-12-19
S000907,MAH_KAN,7.291,80.635,Mahaweli,2023-12-16,2023-12-10,2023-12-18,1,high,pre_event,MAH_KAN_20231219,3.2,MAH_KAN_2023-12-16
S000908,MAH_KAN,7.291,80.635,Mahaweli,2024-05-26,2024-05-20,2024-06-01,1,high,flood_peak,MAH_KAN_20240526,3.2,MAH_KAN_2024-05-26
S000909,MAH_KAN,7.291,80.635,Mahaweli,2024-05-23,2024-05-17,2024-05-25,1,high,pre_event,MAH_KAN_20240526,3.2,MAH_KAN_2024-05-23
S000910,MAH_KAN,7.291,80.635,Mahaweli,2024-11-28,2024-11-22,2024-12-04,1,severe,flood_peak,MAH_KAN_20241127,3.2,MAH_KAN_2024-11-28
S000911,MAH_KAN,7.291,80.635,Mahaweli,2024-11-24,2024-11-18,2024-11-26,1,severe,pre_event,MAH_KAN_20241127,3.2,MAH_KAN_2024-11-24
S000912,MAH_MAN,7.921,81.101,Mahaweli,2015-01-01,2014-12-26,2015-01-07,1,high,flood_peak,MAH_MAN_20141220,3.2,MAH_MAN_2015-01-01
S000913,MAH_MAN,7.921,81.101,Mahaweli,2014-12-29,2014-12-23,2014-12-31,1,high,pre_event,MAH_MAN_20141220,3.2,MAH_MAN_2014-12-29
S000914,MAH_MAN,7.921,81.101,Mahaweli,2015-11-15,2015-11-09,2015-11-21,1,high,flood_peak,MAH_MAN_20151114,3.2,MAH_MAN_2015-11-15
S000915,MAH_MAN,7.921,81.101,Mahaweli,2015-11-11,2015-11-05,2015-11-13,1,high,pre_event,MAH_MAN_20151114,3.2,MAH_MAN_2015-11-11
S000916,MAH_MAN,7.921,81.101,Mahaweli,2018-10-23,2018-10-17,2018-10-29,1,high,flood_peak,MAH_MAN_20181023,3.2,MAH_MAN_2018-10-23
S000917,MAH_MAN,7.921,81.101,Mahaweli,2018-10-20,2018-10-14,2018-10-22,1,high,pre_event,MAH_MAN_20181023,3.2,MAH_MAN_2018-10-20
S000918,MAH_MAN,7.921,81.101,Mahaweli,2018-11-07,2018-11-01,2018-11-13,1,severe,flood_peak,MAH_MAN_20181105,3.2,MAH_MAN_2018-11-07
S000919,MAH_MAN,7.921,81.101,Mahaweli,2018-11-02,2018-10-27,2018-11-04,1,severe,pre_event,MAH_MAN_20181105,3.2,MAH_MAN_2018-11-02
S000920,MAH_MAN,7.921,81.101,Mahaweli,2022-12-27,2022-12-21,2023-01-02,1,high,flood_peak,MAH_MAN_20221227,3.2,MAH_MAN_2022-12-27
S000921,MAH_MAN,7.921,81.101,Mahaweli,2022-12-24,2022-12-18,2022-12-26,1,high,pre_event,MAH_MAN_20221227,3.2,MAH_MAN_2022-12-24
S000922,MAH_MAN,7.921,81.101,Mahaweli,2024-11-05,2024-10-30,2024-11-11,1,high,flood_peak,MAH_MAN_20241105,3.2,MAH_MAN_2024-11-05
S000923,MAH_MAN,7.921,81.101,Mahaweli,2024-11-02,2024-10-27,2024-11-04,1,high,pre_event,MAH_MAN_20241105,3.2,MAH_MAN_2024-11-02
S000924,MAH_MAN,7.921,81.101,Mahaweli,2024-11-27,2024-11-21,2024-12-03,1,severe,flood_peak,MAH_MAN_20241126,3.2,MAH_MAN_2024-11-27
S000925,MAH_MAN,7.921,81.101,Mahaweli,2024-11-23,2024-11-17,2024-11-25,1,severe,pre_event,MAH_MAN_20241126,3.2,MAH_MAN_2024-11-23
S000926,MAH_MAN,7.921,81.101,Mahaweli,2024-12-19,2024-12-13,2024-12-25,1,high,flood_peak,MAH_MAN_20241219,3.2,MAH_MAN_2024-12-19
S000927,MAH_MAN,7.921,81.101,Mahaweli,2024-12-16,2024-12-10,2024-12-18,1,high,pre_event,MAH_MAN_20241219,3.2,MAH_MAN_2024-12-16
S000928,MAH_MHY,7.331,81.001,Mahaweli,2015-01-01,2014-12-26,2015-01-07,1,high,flood_peak,MAH_MHY_20141220,3.2,MAH_MHY_2015-01-01
S000929,MAH_MHY,7.331,81.001,Mahaweli,2014-12-29,2014-12-23,2014-12-31,1,high,pre_event,MAH_MHY_20141220,3.2,MAH_MHY_2014-12-29
S000930,MAH_MHY,7.331,81.001,Mahaweli,2015-10-27,2015-10-21,2015-11-02,1,severe,flood_peak,MAH_MHY_20151026,3.2,MAH_MHY_2015-10-27
S000931,MAH_MHY,7.331,81.001,Mahaweli,2015-10-23,2015-10-17,2015-10-25,1,severe,pre_event,MAH_MHY_20151026,3.2,MAH_MHY_2015-10-23
S000932,MAH_MHY,7.331,81.001,Mahaweli,2016-05-15,2016-05-09,2016-05-21,1,severe,flood_peak,MAH_MHY_20160515,3.2,MAH_MHY_2016-05-15
S000933,MAH_MHY,7.331,81.001,Mahaweli,2016-05-12,2016-05-06,2016-05-14,1,severe,pre_event,MAH_MHY_20160515,3.2,MAH_MHY_2016-05-12
S000934,MAH_MHY,7.331,81.001,Mahaweli,2018-11-06,2018-10-31,2018-11-12,1,severe,flood_peak,MAH_MHY_20181105,3.2,MAH_MHY_2018-11-06
S000935,MAH_MHY,7.331,81.001,Mahaweli,2018-11-02,2018-10-27,2018-11-04,1,severe,pre_event,MAH_MHY_20181105,3.2,MAH_MHY_2018-11-02
S000936,MAH_MHY,7.331,81.001,Mahaweli,2022-11-05,2022-10-30,2022-11-11,1,severe,flood_peak,MAH_MHY_20221105,3.2,MAH_MHY_2022-11-05
S000937,MAH_MHY,7.331,81.001,Mahaweli,2022-11-02,2022-10-27,2022-11-04,1,severe,pre_event,MAH_MHY_20221105,3.2,MAH_MHY_2022-11-02
S000938,MAH_MHY,7.331,81.001,Mahaweli,2023-11-21,2023-11-15,2023-11-27,1,high,flood_peak,MAH_MHY_20231121,3.2,MAH_MHY_2023-11-21
S000939,MAH_MHY,7.331,81.001,Mahaweli,2023-11-18,2023-11-12,2023-11-20,1,high,pre_event,MAH_MHY_20231121,3.2,MAH_MHY_2023-11-18
S000940,MAH_MHY,7.331,81.001,Mahaweli,2023-12-16,2023-12-10,2023-12-22,1,high,flood_peak,MAH_MHY_20231216,3.2,MAH_MHY_2023-12-16
S000941,MAH_MHY,7.331,81.001,Mahaweli,2023-12-13,2023-12-07,2023-12-15,1,high,pre_event,MAH_MHY_20231216,3.2,MAH_MHY_2023-12-13
S000942,MAH_MHY,7.331,81.001,Mahaweli,2024-11-26,2024-11-20,2024-12-02,1,severe,flood_peak,MAH_MHY_20241126,3.2,MAH_MHY_2024-11-26
S000943,MAH_MHY,7.331,81.001,Mahaweli,2024-11-23,2024-11-17,2024-11-25,1,severe,pre_event,MAH_MHY_20241126,3.2,MAH_MHY_2024-11-23
S000944,MAH_MHY,7.331,81.001,Mahaweli,2024-12-17,2024-12-11,2024-12-23,1,high,flood_peak,MAH_MHY_20241217,3.2,MAH_MHY_2024-12-17
S000945,MAH_MHY,7.331,81.001,Mahaweli,2024-12-14,2024-12-08,2024-12-16,1,high,pre_event,MAH_MHY_20241217,3.2,MAH_MHY_2024-12-14
S000946,MAH_NUW,6.949,80.782,Mahaweli,2015-01-01,2014-12-26,2015-01-07,1,high,flood_peak,MAH_NUW_20141220,3.2,MAH_NUW_2015-01-01
S000947,MAH_NUW,6.949,80.782,Mahaweli,2014-12-29,2014-12-23,2014-12-31,1,high,pre_event,MAH_NUW_20141220,3.2,MAH_NUW_2014-12-29
S000948,MAH_NUW,6.949,80.782,Mahaweli,2015-10-26,2015-10-20,2015-11-01,1,severe,flood_peak,MAH_NUW_20151023,3.2,MAH_NUW_2015-10-26
S000949,MAH_NUW,6.949,80.782,Mahaweli,2015-10-20,2015-10-14,2015-10-22,1,severe,pre_event,MAH_NUW_20151023,3.2,MAH_NUW_2015-10-20
S000950,MAH_NUW,6.949,80.782,Mahaweli,2016-05-15,2016-05-09,2016-05-21,1,severe,flood_peak,MAH_NUW_20160515,3.2,MAH_NUW_2016-05-15
S000951,MAH_NUW,6.949,80.782,Mahaweli,2016-05-12,2016-05-06,2016-05-14,1,severe,pre_event,MAH_NUW_20160515,3.2,MAH_NUW_2016-05-12
S000952,MAH_NUW,6.949,80.782,Mahaweli,2017-11-29,2017-11-23,2017-12-05,1,high,flood_peak,MAH_NUW_20171129,3.2,MAH_NUW_2017-11-29
S000953,MAH_NUW,6.949,80.782,Mahaweli,2017-11-26,2017-11-20,2017-11-28,1,high,pre_event,MAH_NUW_20171129,3.2,MAH_NUW_2017-11-26
S000954,MAH_NUW,6.949,80.782,Mahaweli,2018-10-20,2018-10-14,2018-10-26,1,high,flood_peak,MAH_NUW_20181020,3.2,MAH_NUW_2018-10-20
S000955,MAH_NUW,6.949,80.782,Mahaweli,2018-10-17,2018-10-11,2018-10-19,1,high,pre_event,MAH_NUW_20181020,3.2,MAH_NUW_2018-10-17
S000956,MAH_NUW,6.949,80.782,Mahaweli,2018-11-05,2018-10-30,2018-11-11,1,severe,flood_peak,MAH_NUW_20181105,3.2,MAH_NUW_2018-11-05
S000957,MAH_NUW,6.949,80.782,Mahaweli,2018-11-02,2018-10-27,2018-11-04,1,severe,pre_event,MAH_NUW_20181105,3.2,MAH_NUW_2018-11-02
S000958,MAH_NUW,6.949,80.782,Mahaweli,2019-10-29,2019-10-23,2019-11-04,1,high,flood_peak,MAH_NUW_20191029,3.2,MAH_NUW_2019-10-29
S000959,MAH_NUW,6.949,80.782,Mahaweli,2019-10-26,2019-10-20,2019-10-28,1,high,pre_event,MAH_NUW_20191029,3.2,MAH_NUW_2019-10-26
S000960,MAH_NUW,6.949,80.782,Mahaweli,2021-01-13,2021-01-07,2021-01-19,1,high,flood_peak,MAH_NUW_20210113,3.2,MAH_NUW_2021-01-13
S000961,MAH_NUW,6.949,80.782,Mahaweli,2021-01-10,2021-01-04,2021-01-12,1,high,pre_event,MAH_NUW_20210113,3.2,MAH_NUW_2021-01-10
S000962,MAH_NUW,6.949,80.782,Mahaweli,2021-11-09,2021-11-03,2021-11-15,1,high,flood_peak,MAH_NUW_20211109,3.2,MAH_NUW_2021-11-09
S000963,MAH_NUW,6.949,80.782,Mahaweli,2021-11-06,2021-10-31,2021-11-08,1,high,pre_event,MAH_NUW_20211109,3.2,MAH_NUW_2021-11-06
S000964,MAH_NUW,6.949,80.782,Mahaweli,2022-11-05,2022-10-30,2022-11-11,1,severe,flood_peak,MAH_NUW_20221105,3.2,MAH_NUW_2022-11-05
S000965,MAH_NUW,6.949,80.782,Mahaweli,2022-11-02,2022-10-27,2022-11-04,1,severe,pre_event,MAH_NUW_20221105,3.2,MAH_NUW_2022-11-02
S000966,MAH_NUW,6.949,80.782,Mahaweli,2023-10-14,2023-10-08,2023-10-20,1,high,flood_peak,MAH_NUW_20231014,3.2,MAH_NUW_2023-10-14
S000967,MAH_NUW,6.949,80.782,Mahaweli,2023-10-11,2023-10-05,2023-10-13,1,high,pre_event,MAH_NUW_20231014,3.2,MAH_NUW_2023-10-11
S000968,MAH_NUW,6.949,80.782,Mahaweli,2023-10-26,2023-10-20,2023-11-01,1,severe,flood_peak,MAH_NUW_20231020,3.2,MAH_NUW_2023-10-26
S000969,MAH_NUW,6.949,80.782,Mahaweli,2023-10-17,2023-10-11,2023-10-19,1,severe,pre_event,MAH_NUW_20231020,3.2,MAH_NUW_2023-10-17
S000970,MAH_NUW,6.949,80.782,Mahaweli,2023-11-21,2023-11-15,2023-11-27,1,severe,flood_peak,MAH_NUW_20231119,3.2,MAH_NUW_2023-11-21
S000971,MAH_NUW,6.949,80.782,Mahaweli,2023-11-16,2023-11-10,2023-11-18,1,severe,pre_event,MAH_NUW_20231119,3.2,MAH_NUW_2023-11-16
S000972,MAH_NUW,6.949,80.782,Mahaweli,2023-12-19,2023-12-13,2023-12-25,1,severe,flood_peak,MAH_NUW_20231219,3.2,MAH_NUW_2023-12-19
S000973,MAH_NUW,6.949,80.782,Mahaweli,2023-12-16,2023-12-10,2023-12-18,1,severe,pre_event,MAH_NUW_20231219,3.2,MAH_NUW_2023-12-16
S000974,MAH_NUW,6.949,80.782,Mahaweli,2024-11-27,2024-11-21,2024-12-03,1,severe,flood_peak,MAH_NUW_20241127,3.2,MAH_NUW_2024-11-27
S000975,MAH_NUW,6.949,80.782,Mahaweli,2024-11-24,2024-11-18,2024-11-26,1,severe,pre_event,MAH_NUW_20241127,3.2,MAH_NUW_2024-11-24
S000976,MAH_PER,7.271,80.598,Mahaweli,2015-01-01,2014-12-26,2015-01-07,1,high,flood_peak,MAH_PER_20141220,3.2,MAH_PER_2015-01-01
S000977,MAH_PER,7.271,80.598,Mahaweli,2014-12-29,2014-12-23,2014-12-31,1,high,pre_event,MAH_PER_20141220,3.2,MAH_PER_2014-12-29
S000978,MAH_PER,7.271,80.598,Mahaweli,2015-10-27,2015-10-21,2015-11-02,1,severe,flood_peak,MAH_PER_20151020,3.2,MAH_PER_2015-10-27
S000979,MAH_PER,7.271,80.598,Mahaweli,2015-10-17,2015-10-11,2015-10-19,1,severe,pre_event,MAH_PER_20151020,3.2,MAH_PER_2015-10-17
S000980,MAH_PER,7.271,80.598,Mahaweli,2015-11-15,2015-11-09,2015-11-21,1,high,flood_peak,MAH_PER_20151114,3.2,MAH_PER_2015-11-15
S000981,MAH_PER,7.271,80.598,Mahaweli,2015-11-11,2015-11-05,2015-11-13,1,high,pre_event,MAH_PER_20151114,3.2,MAH_PER_2015-11-11
S000982,MAH_PER,7.271,80.598,Mahaweli,2016-05-15,2016-05-09,2016-05-21,1,severe,flood_peak,MAH_PER_20160515,3.2,MAH_PER_2016-05-15
S000983,MAH_PER,7.271,80.598,Mahaweli,2016-05-12,2016-05-06,2016-05-14,1,severe,pre_event,MAH_PER_20160515,3.2,MAH_PER_2016-05-12
S000984,MAH_PER,7.271,80.598,Mahaweli,2017-10-31,2017-10-25,2017-11-06,1,high,flood_peak,MAH_PER_20171031,3.2,MAH_PER_2017-10-31
S000985,MAH_PER,7.271,80.598,Mahaweli,2017-10-28,2017-10-22,2017-10-30,1,high,pre_event,MAH_PER_20171031,3.2,MAH_PER_2017-10-28
S000986,MAH_PER,7.271,80.598,Mahaweli,2017-11-05,2017-10-30,2017-11-11,1,high,flood_peak,MAH_PER_20171105,3.2,MAH_PER_2017-11-05
S000987,MAH_PER,7.271,80.598,Mahaweli,2017-11-02,2017-10-27,2017-11-04,1,high,pre_event,MAH_PER_20171105,3.2,MAH_PER_2017-11-02
S000988,MAH_PER,7.271,80.598,Mahaweli,2018-11-06,2018-10-31,2018-11-12,1,severe,flood_peak,MAH_PER_20181105,3.2,MAH_PER_2018-11-06
S000989,MAH_PER,7.271,80.598,Mahaweli,2018-11-02,2018-10-27,2018-11-04,1,severe,pre_event,MAH_PER_20181105,3.2,MAH_PER_2018-11-02
S000990,MAH_PER,7.271,80.598,Mahaweli,2019-02-09,2019-02-03,2019-02-15,1,severe,flood_peak,MAH_PER_20190209,3.2,MAH_PER_2019-02-09
S000991,MAH_PER,7.271,80.598,Mahaweli,2019-02-06,2019-01-31,2019-02-08,1,severe,pre_event,MAH_PER_20190209,3.2,MAH_PER_2019-02-06
S000992,MAH_PER,7.271,80.598,Mahaweli,2019-10-29,2019-10-23,2019-11-04,1,high,flood_peak,MAH_PER_20191029,3.2,MAH_PER_2019-10-29
S000993,MAH_PER,7.271,80.598,Mahaweli,2019-10-26,2019-10-20,2019-10-28,1,high,pre_event,MAH_PER_20191029,3.2,MAH_PER_2019-10-26
S000994,MAH_PER,7.271,80.598,Mahaweli,2020-11-18,2020-11-12,2020-11-24,1,high,flood_peak,MAH_PER_20201118,3.2,MAH_PER_2020-11-18
S000995,MAH_PER,7.271,80.598,Mahaweli,2020-11-15,2020-11-09,2020-11-17,1,high,pre_event,MAH_PER_20201118,3.2,MAH_PER_2020-11-15
S000996,MAH_PER,7.271,80.598,Mahaweli,2021-01-13,2021-01-07,2021-01-19,1,high,flood_peak,MAH_PER_20210113,3.2,MAH_PER_2021-01-13
S000997,MAH_PER,7.271,80.598,Mahaweli,2021-01-10,2021-01-04,2021-01-12,1,high,pre_event,MAH_PER_20210113,3.2,MAH_PER_2021-01-10
S000998,MAH_PER,7.271,80.598,Mahaweli,2021-11-09,2021-11-03,2021-11-15,1,high,flood_peak,MAH_PER_20211109,3.2,MAH_PER_2021-11-09
S000999,MAH_PER,7.271,80.598,Mahaweli,2021-11-06,2021-10-31,2021-11-08,1,high,pre_event,MAH_PER_20211109,3.2,MAH_PER_2021-11-06
S001000,MAH_PER,7.271,80.598,Mahaweli,2021-11-25,2021-11-19,2021-12-01,1,high,flood_peak,MAH_PER_20211125,3.2,MAH_PER_2021-11-25
S001001,MAH_PER,7.271,80.598,Mahaweli,2021-11-22,2021-11-16,2021-11-24,1,high,pre_event,MAH_PER_20211125,3.2,MAH_PER_2021-11-22
S001002,MAH_PER,7.271,80.598,Mahaweli,2023-10-21,2023-10-15,2023-10-27,1,high,flood_peak,MAH_PER_20231021,3.2,MAH_PER_2023-10-21
S001003,MAH_PER,7.271,80.598,Mahaweli,2023-10-18,2023-10-12,2023-10-20,1,high,pre_event,MAH_PER_20231021,3.2,MAH_PER_2023-10-18
S001004,MAH_PER,7.271,80.598,Mahaweli,2023-11-11,2023-11-05,2023-11-17,1,high,flood_peak,MAH_PER_20231101,3.2,MAH_PER_2023-11-11
S001005,MAH_PER,7.271,80.598,Mahaweli,2023-10-29,2023-10-23,2023-10-31,1,high,pre_event,MAH_PER_20231101,3.2,MAH_PER_2023-10-29
S001006,MAH_PER,7.271,80.598,Mahaweli,2023-11-21,2023-11-15,2023-11-27,1,severe,flood_peak,MAH_PER_20231121,3.2,MAH_PER_2023-11-21
S001007,MAH_PER,7.271,80.598,Mahaweli,2023-11-18,2023-11-12,2023-11-20,1,severe,pre_event,MAH_PER_20231121,3.2,MAH_PER_2023-11-18
S001008,MAH_PER,7.271,80.598,Mahaweli,2023-12-11,2023-12-05,2023-12-17,1,high,flood_peak,MAH_PER_20231211,3.2,MAH_PER_2023-12-11
S001009,MAH_PER,7.271,80.598,Mahaweli,2023-12-08,2023-12-02,2023-12-10,1,high,pre_event,MAH_PER_20231211,3.2,MAH_PER_2023-12-08
S001010,MAH_PER,7.271,80.598,Mahaweli,2023-12-19,2023-12-13,2023-12-25,1,severe,flood_peak,MAH_PER_20231219,3.2,MAH_PER_2023-12-19
S001011,MAH_PER,7.271,80.598,Mahaweli,2023-12-16,2023-12-10,2023-12-18,1,severe,pre_event,MAH_PER_20231219,3.2,MAH_PER_2023-12-16
S001012,MAH_PER,7.271,80.598,Mahaweli,2024-05-26,2024-05-20,2024-06-01,1,high,flood_peak,MAH_PER_20240524,3.2,MAH_PER_2024-05-26
S001013,MAH_PER,7.271,80.598,Mahaweli,2024-05-21,2024-05-15,2024-05-23,1,high,pre_event,MAH_PER_20240524,3.2,MAH_PER_2024-05-21
S001014,MAH_PER,7.271,80.598,Mahaweli,2024-11-28,2024-11-22,2024-12-04,1,severe,flood_peak,MAH_PER_20241127,3.2,MAH_PER_2024-11-28
S001015,MAH_PER,7.271,80.598,Mahaweli,2024-11-24,2024-11-18,2024-11-26,1,severe,pre_event,MAH_PER_20241127,3.2,MAH_PER_2024-11-24
S001016,MAH_POL,7.94,81.001,Mahaweli,2015-01-01,2014-12-26,2015-01-07,1,high,flood_peak,MAH_POL_20141220,3.2,MAH_POL_2015-01-01
S001017,MAH_POL,7.94,81.001,Mahaweli,2014-12-29,2014-12-23,2014-12-31,1,high,pre_event,MAH_POL_20141220,3.2,MAH_POL_2014-12-29
S001018,MAH_POL,7.94,81.001,Mahaweli,2015-11-15,2015-11-09,2015-11-21,1,high,flood_peak,MAH_POL_20151114,3.2,MAH_POL_2015-11-15
S001019,MAH_POL,7.94,81.001,Mahaweli,2015-11-11,2015-11-05,2015-11-13,1,high,pre_event,MAH_POL_20151114,3.2,MAH_POL_2015-11-11
S001020,MAH_POL,7.94,81.001,Mahaweli,2016-05-15,2016-05-09,2016-05-21,1,high,flood_peak,MAH_POL_20160515,3.2,MAH_POL_2016-05-15
S001021,MAH_POL,7.94,81.001,Mahaweli,2016-05-12,2016-05-06,2016-05-14,1,high,pre_event,MAH_POL_20160515,3.2,MAH_POL_2016-05-12
S001022,MAH_POL,7.94,81.001,Mahaweli,2018-10-22,2018-10-16,2018-10-28,1,severe,flood_peak,MAH_POL_20181020,3.2,MAH_POL_2018-10-22
S001023,MAH_POL,7.94,81.001,Mahaweli,2018-10-17,2018-10-11,2018-10-19,1,severe,pre_event,MAH_POL_20181020,3.2,MAH_POL_2018-10-17
S001024,MAH_POL,7.94,81.001,Mahaweli,2018-11-06,2018-10-31,2018-11-12,1,severe,flood_peak,MAH_POL_20181105,3.2,MAH_POL_2018-11-06
S001025,MAH_POL,7.94,81.001,Mahaweli,2018-11-02,2018-10-27,2018-11-04,1,severe,pre_event,MAH_POL_20181105,3.2,MAH_POL_2018-11-02
S001026,MAH_POL,7.94,81.001,Mahaweli,2020-12-23,2020-12-17,2020-12-29,1,high,flood_peak,MAH_POL_20201222,3.2,MAH_POL_2020-12-23
S001027,MAH_POL,7.94,81.001,Mahaweli,2020-12-19,2020-12-13,2020-12-21,1,high,pre_event,MAH_POL_20201222,3.2,MAH_POL_2020-12-19
S001028,MAH_POL,7.94,81.001,Mahaweli,2022-12-26,2022-12-20,2023-01-01,1,high,flood_peak,MAH_POL_20221226,3.2,MAH_POL_2022-12-26
S001029,MAH_POL,7.94,81.001,Mahaweli,2022-12-23,2022-12-17,2022-12-25,1,high,pre_event,MAH_POL_20221226,3.2,MAH_POL_2022-12-23
S001030,MAH_POL,7.94,81.001,Mahaweli,2023-11-21,2023-11-15,2023-11-27,1,high,flood_peak,MAH_POL_20231121,3.2,MAH_POL_2023-11-21
S001031,MAH_POL,7.94,81.001,Mahaweli,2023-11-18,2023-11-12,2023-11-20,1,high,pre_event,MAH_POL_20231121,3.2,MAH_POL_2023-11-18
S001032,MAH_POL,7.94,81.001,Mahaweli,2024-11-05,2024-10-30,2024-11-11,1,high,flood_peak,MAH_POL_20241105,3.2,MAH_POL_2024-11-05
S001033,MAH_POL,7.94,81.001,Mahaweli,2024-11-02,2024-10-27,2024-11-04,1,high,pre_event,MAH_POL_20241105,3.2,MAH_POL_2024-11-02
S001034,MAH_POL,7.94,81.001,Mahaweli,2024-11-27,2024-11-21,2024-12-03,1,severe,flood_peak,MAH_POL_20241126,3.2,MAH_POL_2024-11-27
S001035,MAH_POL,7.94,81.001,Mahaweli,2024-11-23,2024-11-17,2024-11-25,1,severe,pre_event,MAH_POL_20241126,3.2,MAH_POL_2024-11-23
S001036,MAH_POL,7.94,81.001,Mahaweli,2024-12-19,2024-12-13,2024-12-25,1,high,flood_peak,MAH_POL_20241219,3.2,MAH_POL_2024-12-19
S001037,MAH_POL,7.94,81.001,Mahaweli,2024-12-16,2024-12-10,2024-12-18,1,high,pre_event,MAH_POL_20241219,3.2,MAH_POL_2024-12-16
S001038,MAH_VIC,7.241,80.781,Mahaweli,2015-01-01,2014-12-26,2015-01-07,1,high,flood_peak,MAH_VIC_20141220,3.2,MAH_VIC_2015-01-01
S001039,MAH_VIC,7.241,80.781,Mahaweli,2014-12-29,2014-12-23,2014-12-31,1,high,pre_event,MAH_VIC_20141220,3.2,MAH_VIC_2014-12-29
S001040,MAH_VIC,7.241,80.781,Mahaweli,2015-10-27,2015-10-21,2015-11-02,1,severe,flood_peak,MAH_VIC_20151021,3.2,MAH_VIC_2015-10-27
S001041,MAH_VIC,7.241,80.781,Mahaweli,2015-10-18,2015-10-12,2015-10-20,1,severe,pre_event,MAH_VIC_20151021,3.2,MAH_VIC_2015-10-18
S001042,MAH_VIC,7.241,80.781,Mahaweli,2016-05-17,2016-05-11,2016-05-23,1,severe,flood_peak,MAH_VIC_20160517,3.2,MAH_VIC_2016-05-17
S001043,MAH_VIC,7.241,80.781,Mahaweli,2016-05-14,2016-05-08,2016-05-16,1,severe,pre_event,MAH_VIC_20160517,3.2,MAH_VIC_2016-05-14
S001044,MAH_VIC,7.241,80.781,Mahaweli,2018-11-06,2018-10-31,2018-11-12,1,severe,flood_peak,MAH_VIC_20181106,3.2,MAH_VIC_2018-11-06
S001045,MAH_VIC,7.241,80.781,Mahaweli,2018-11-03,2018-10-28,2018-11-05,1,severe,pre_event,MAH_VIC_20181106,3.2,MAH_VIC_2018-11-03
S001046,MAH_VIC,7.241,80.781,Mahaweli,2021-01-15,2021-01-09,2021-01-21,1,high,flood_peak,MAH_VIC_20210114,3.2,MAH_VIC_2021-01-15
S001047,MAH_VIC,7.241,80.781,Mahaweli,2021-01-11,2021-01-05,2021-01-13,1,high,pre_event,MAH_VIC_20210114,3.2,MAH_VIC_2021-01-11
S001048,MAH_VIC,7.241,80.781,Mahaweli,2021-11-10,2021-11-04,2021-11-16,1,high,flood_peak,MAH_VIC_20211110,3.2,MAH_VIC_2021-11-10
S001049,MAH_VIC,7.241,80.781,Mahaweli,2021-11-07,2021-11-01,2021-11-09,1,high,pre_event,MAH_VIC_20211110,3.2,MAH_VIC_2021-11-07
S001050,MAH_VIC,7.241,80.781,Mahaweli,2023-10-21,2023-10-15,2023-10-27,1,high,flood_peak,MAH_VIC_20231020,3.2,MAH_VIC_2023-10-21
S001051,MAH_VIC,7.241,80.781,Mahaweli,2023-10-17,2023-10-11,2023-10-19,1,high,pre_event,MAH_VIC_20231020,3.2,MAH_VIC_2023-10-17
S001052,MAH_VIC,7.241,80.781,Mahaweli,2023-11-12,2023-11-06,2023-11-18,1,high,flood_peak,MAH_VIC_20231101,3.2,MAH_VIC_2023-11-12
S001053,MAH_VIC,7.241,80.781,Mahaweli,2023-10-29,2023-10-23,2023-10-31,1,high,pre_event,MAH_VIC_20231101,3.2,MAH_VIC_2023-10-29
S001054,MAH_VIC,7.241,80.781,Mahaweli,2023-11-21,2023-11-15,2023-11-27,1,severe,flood_peak,MAH_VIC_20231121,3.2,MAH_VIC_2023-11-21
S001055,MAH_VIC,7.241,80.781,Mahaweli,2023-11-18,2023-11-12,2023-11-20,1,severe,pre_event,MAH_VIC_20231121,3.2,MAH_VIC_2023-11-18
S001056,MAH_VIC,7.241,80.781,Mahaweli,2023-12-11,2023-12-05,2023-12-17,1,high,flood_peak,MAH_VIC_20231210,3.2,MAH_VIC_2023-12-11
S001057,MAH_VIC,7.241,80.781,Mahaweli,2023-12-07,2023-12-01,2023-12-09,1,high,pre_event,MAH_VIC_20231210,3.2,MAH_VIC_2023-12-07
S001058,MAH_VIC,7.241,80.781,Mahaweli,2023-12-20,2023-12-14,2023-12-26,1,high,flood_peak,MAH_VIC_20231219,3.2,MAH_VIC_2023-12-20
S001059,MAH_VIC,7.241,80.781,Mahaweli,2023-12-16,2023-12-10,2023-12-18,1,high,pre_event,MAH_VIC_20231219,3.2,MAH_VIC_2023-12-16
S001060,MAH_VIC,7.241,80.781,Mahaweli,2024-11-28,2024-11-22,2024-12-04,1,severe,flood_peak,MAH_VIC_20241127,3.2,MAH_VIC_2024-11-28
S001061,MAH_VIC,7.241,80.781,Mahaweli,2024-11-24,2024-11-18,2024-11-26,1,severe,pre_event,MAH_VIC_20241127,3.2,MAH_VIC_2024-11-24
S001062,MAL_ANU,8.351,80.401,MalwathuOya,2015-01-01,2014-12-26,2015-01-07,1,high,flood_peak,MAL_ANU_20141221,3.2,MAL_ANU_2015-01-01
S001063,MAL_ANU,8.351,80.401,MalwathuOya,2014-12-29,2014-12-23,2014-12-31,1,high,pre_event,MAL_ANU_20141221,3.2,MAL_ANU_2014-12-29
S001064,MAL_ANU,8.351,80.401,MalwathuOya,2015-11-15,2015-11-09,2015-11-21,1,severe,flood_peak,MAL_ANU_20151114,3.2,MAL_ANU_2015-11-15
S001065,MAL_ANU,8.351,80.401,MalwathuOya,2015-11-11,2015-11-05,2015-11-13,1,severe,pre_event,MAL_ANU_20151114,3.2,MAL_ANU_2015-11-11
S001066,MAL_ANU,8.351,80.401,MalwathuOya,2018-11-07,2018-11-01,2018-11-13,1,high,flood_peak,MAL_ANU_20181106,3.2,MAL_ANU_2018-11-07
S001067,MAL_ANU,8.351,80.401,MalwathuOya,2018-11-03,2018-10-28,2018-11-05,1,high,pre_event,MAL_ANU_20181106,3.2,MAL_ANU_2018-11-03
S001068,MAL_ANU,8.351,80.401,MalwathuOya,2019-10-29,2019-10-23,2019-11-04,1,high,flood_peak,MAL_ANU_20191029,3.2,MAL_ANU_2019-10-29
S001069,MAL_ANU,8.351,80.401,MalwathuOya,2019-10-26,2019-10-20,2019-10-28,1,high,pre_event,MAL_ANU_20191029,3.2,MAL_ANU_2019-10-26
S001070,MAL_ANU,8.351,80.401,MalwathuOya,2020-12-02,2020-11-26,2020-12-08,1,high,flood_peak,MAL_ANU_20201202,3.2,MAL_ANU_2020-12-02
S001071,MAL_ANU,8.351,80.401,MalwathuOya,2020-11-29,2020-11-23,2020-12-01,1,high,pre_event,MAL_ANU_20201202,3.2,MAL_ANU_2020-11-29
S001072,MAL_ANU,8.351,80.401,MalwathuOya,2020-12-23,2020-12-17,2020-12-29,1,high,flood_peak,MAL_ANU_20201223,3.2,MAL_ANU_2020-12-23
S001073,MAL_ANU,8.351,80.401,MalwathuOya,2020-12-20,2020-12-14,2020-12-22,1,high,pre_event,MAL_ANU_20201223,3.2,MAL_ANU_2020-12-20
S001074,MAL_ANU,8.351,80.401,MalwathuOya,2021-01-12,2021-01-06,2021-01-18,1,high,flood_peak,MAL_ANU_20210112,3.2,MAL_ANU_2021-01-12
S001075,MAL_ANU,8.351,80.401,MalwathuOya,2021-01-09,2021-01-03,2021-01-11,1,high,pre_event,MAL_ANU_20210112,3.2,MAL_ANU_2021-01-09
S001076,MAL_ANU,8.351,80.401,MalwathuOya,2023-11-23,2023-11-17,2023-11-29,1,high,flood_peak,MAL_ANU_20231121,3.2,MAL_ANU_2023-11-23
S001077,MAL_ANU,8.351,80.401,MalwathuOya,2023-11-18,2023-11-12,2023-11-20,1,high,pre_event,MAL_ANU_20231121,3.2,MAL_ANU_2023-11-18
S001078,MAL_ANU,8.351,80.401,MalwathuOya,2023-12-04,2023-11-28,2023-12-10,1,high,flood_peak,MAL_ANU_20231203,3.2,MAL_ANU_2023-12-04
S001079,MAL_ANU,8.351,80.401,MalwathuOya,2023-11-30,2023-11-24,2023-12-02,1,high,pre_event,MAL_ANU_20231203,3.2,MAL_ANU_2023-11-30
S001080,MAL_ANU,8.351,80.401,MalwathuOya,2023-12-13,2023-12-07,2023-12-19,1,high,flood_peak,MAL_ANU_20231211,3.2,MAL_ANU_2023-12-13
S001081,MAL_ANU,8.351,80.401,MalwathuOya,2023-12-08,2023-12-02,2023-12-10,1,high,pre_event,MAL_ANU_20231211,3.2,MAL_ANU_2023-12-08
S001082,MAL_ANU,8.351,80.401,MalwathuOya,2023-12-18,2023-12-12,2023-12-24,1,high,flood_peak,MAL_ANU_20231217,3.2,MAL_ANU_2023-12-18
S001083,MAL_ANU,8.351,80.401,MalwathuOya,2023-12-14,2023-12-08,2023-12-16,1,high,pre_event,MAL_ANU_20231217,3.2,MAL_ANU_2023-12-14
S001084,MAL_ANU,8.351,80.401,MalwathuOya,2024-11-27,2024-11-21,2024-12-03,1,severe,flood_peak,MAL_ANU_20241126,3.2,MAL_ANU_2024-11-27
S001085,MAL_ANU,8.351,80.401,MalwathuOya,2024-11-23,2024-11-17,2024-11-25,1,severe,pre_event,MAL_ANU_20241126,3.2,MAL_ANU_2024-11-23
S001086,MAL_ANU,8.351,80.401,MalwathuOya,2024-12-19,2024-12-13,2024-12-25,1,high,flood_peak,MAL_ANU_20241217,3.2,MAL_ANU_2024-12-19
S001087,MAL_ANU,8.351,80.401,MalwathuOya,2024-12-14,2024-12-08,2024-12-16,1,high,pre_event,MAL_ANU_20241217,3.2,MAL_ANU_2024-12-14
S001088,MAL_MAN,8.951,79.951,MalwathuOya,2015-11-16,2015-11-10,2015-11-22,1,severe,flood_peak,MAL_MAN_20151114,3.2,MAL_MAN_2015-11-16
S001089,MAL_MAN,8.951,79.951,MalwathuOya,2015-11-11,2015-11-05,2015-11-13,1,severe,pre_event,MAL_MAN_20151114,3.2,MAL_MAN_2015-11-11
S001090,MAL_MAN,8.951,79.951,MalwathuOya,2016-05-16,2016-05-10,2016-05-22,1,high,flood_peak,MAL_MAN_20160516,3.2,MAL_MAN_2016-05-16
S001091,MAL_MAN,8.951,79.951,MalwathuOya,2016-05-13,2016-05-07,2016-05-15,1,high,pre_event,MAL_MAN_20160516,3.2,MAL_MAN_2016-05-13
S001092,MAL_MAN,8.951,79.951,MalwathuOya,2017-12-04,2017-11-28,2017-12-10,1,high,flood_peak,MAL_MAN_20171204,3.2,MAL_MAN_2017-12-04
S001093,MAL_MAN,8.951,79.951,MalwathuOya,2017-12-01,2017-11-25,2017-12-03,1,high,pre_event,MAL_MAN_20171204,3.2,MAL_MAN_2017-12-01
S001094,MAL_MAN,8.951,79.951,MalwathuOya,2020-12-02,2020-11-26,2020-12-08,1,severe,flood_peak,MAL_MAN_20201202,3.2,MAL_MAN_2020-12-02
S001095,MAL_MAN,8.951,79.951,MalwathuOya,2020-11-29,2020-11-23,2020-12-01,1,severe,pre_event,MAL_MAN_20201202,3.2,MAL_MAN_2020-11-29
S001096,MAL_MAN,8.951,79.951,MalwathuOya,2021-01-12,2021-01-06,2021-01-18,1,severe,flood_peak,MAL_MAN_20210111,3.2,MAL_MAN_2021-01-12
S001097,MAL_MAN,8.951,79.951,MalwathuOya,2021-01-08,2021-01-02,2021-01-10,1,severe,pre_event,MAL_MAN_20210111,3.2,MAL_MAN_2021-01-08
S001098,MAL_MAN,8.951,79.951,MalwathuOya,2021-01-30,2021-01-24,2021-02-05,1,high,flood_peak,MAL_MAN_20210129,3.2,MAL_MAN_2021-01-30
S001099,MAL_MAN,8.951,79.951,MalwathuOya,2021-01-26,2021-01-20,2021-01-28,1,high,pre_event,MAL_MAN_20210129,3.2,MAL_MAN_2021-01-26
S001100,MAL_MAN,8.951,79.951,MalwathuOya,2021-11-10,2021-11-04,2021-11-16,1,high,flood_peak,MAL_MAN_20211110,3.2,MAL_MAN_2021-11-10
S001101,MAL_MAN,8.951,79.951,MalwathuOya,2021-11-07,2021-11-01,2021-11-09,1,high,pre_event,MAL_MAN_20211110,3.2,MAL_MAN_2021-11-07
S001102,MAL_MAN,8.951,79.951,MalwathuOya,2022-04-10,2022-04-04,2022-04-16,1,high,flood_peak,MAL_MAN_20220410,3.2,MAL_MAN_2022-04-10
S001103,MAL_MAN,8.951,79.951,MalwathuOya,2022-04-07,2022-04-01,2022-04-09,1,high,pre_event,MAL_MAN_20220410,3.2,MAL_MAN_2022-04-07
S001104,MAL_MAN,8.951,79.951,MalwathuOya,2023-11-24,2023-11-18,2023-11-30,1,severe,flood_peak,MAL_MAN_20231121,3.2,MAL_MAN_2023-11-24
S001105,MAL_MAN,8.951,79.951,MalwathuOya,2023-11-18,2023-11-12,2023-11-20,1,severe,pre_event,MAL_MAN_20231121,3.2,MAL_MAN_2023-11-18
S001106,MAL_MAN,8.951,79.951,MalwathuOya,2023-12-04,2023-11-28,2023-12-10,1,high,flood_peak,MAL_MAN_20231203,3.2,MAL_MAN_2023-12-04
S001107,MAL_MAN,8.951,79.951,MalwathuOya,2023-11-30,2023-11-24,2023-12-02,1,high,pre_event,MAL_MAN_20231203,3.2,MAL_MAN_2023-11-30
S001108,MAL_MAN,8.951,79.951,MalwathuOya,2024-11-27,2024-11-21,2024-12-03,1,severe,flood_peak,MAL_MAN_20241126,3.2,MAL_MAN_2024-11-27
S001109,MAL_MAN,8.951,79.951,MalwathuOya,2024-11-23,2024-11-17,2024-11-25,1,severe,pre_event,MAL_MAN_20241126,3.2,MAL_MAN_2024-11-23
S001110,MHO_GIR,7.331,80.121,MahaOya,2015-10-14,2015-10-08,2015-10-20,1,high,flood_peak,MHO_GIR_20151013,3.2,MHO_GIR_2015-10-14
S001111,MHO_GIR,7.331,80.121,MahaOya,2015-10-10,2015-10-04,2015-10-12,1,high,pre_event,MHO_GIR_20151013,3.2,MHO_GIR_2015-10-10
S001112,MHO_GIR,7.331,80.121,MahaOya,2015-10-18,2015-10-12,2015-10-24,1,severe,flood_peak,MHO_GIR_20151018,3.2,MHO_GIR_2015-10-18
S001113,MHO_GIR,7.331,80.121,MahaOya,2015-10-15,2015-10-09,2015-10-17,1,severe,pre_event,MHO_GIR_20151018,3.2,MHO_GIR_2015-10-15
S001114,MHO_GIR,7.331,80.121,MahaOya,2016-05-15,2016-05-09,2016-05-21,1,severe,flood_peak,MHO_GIR_20160515,3.2,MHO_GIR_2016-05-15
S001115,MHO_GIR,7.331,80.121,MahaOya,2016-05-12,2016-05-06,2016-05-14,1,severe,pre_event,MHO_GIR_20160515,3.2,MHO_GIR_2016-05-12
S001116,MHO_GIR,7.331,80.121,MahaOya,2017-10-31,2017-10-25,2017-11-06,1,high,flood_peak,MHO_GIR_20171031,3.2,MHO_GIR_2017-10-31
S001117,MHO_GIR,7.331,80.121,MahaOya,2017-10-28,2017-10-22,2017-10-30,1,high,pre_event,MHO_GIR_20171031,3.2,MHO_GIR_2017-10-28
S001118,MHO_GIR,7.331,80.121,MahaOya,2017-11-05,2017-10-30,2017-11-11,1,high,flood_peak,MHO_GIR_20171104,3.2,MHO_GIR_2017-11-05
S001119,MHO_GIR,7.331,80.121,MahaOya,2017-11-01,2017-10-26,2017-11-03,1,high,pre_event,MHO_GIR_20171104,3.2,MHO_GIR_2017-11-01
S001120,MHO_GIR,7.331,80.121,MahaOya,2019-10-21,2019-10-15,2019-10-27,1,high,flood_peak,MHO_GIR_20191016,3.2,MHO_GIR_2019-10-21
S001121,MHO_GIR,7.331,80.121,MahaOya,2019-10-13,2019-10-07,2019-10-15,1,high,pre_event,MHO_GIR_20191016,3.2,MHO_GIR_2019-10-13
S001122,MHO_GIR,7.331,80.121,MahaOya,2021-11-10,2021-11-04,2021-11-16,1,severe,flood_peak,MHO_GIR_20211108,3.2,MHO_GIR_2021-11-10
S001123,MHO_GIR,7.331,80.121,MahaOya,2021-11-05,2021-10-30,2021-11-07,1,severe,pre_event,MHO_GIR_20211108,3.2,MHO_GIR_2021-11-05
S001124,MHO_GIR,7.331,80.121,MahaOya,2023-10-21,2023-10-15,2023-10-27,1,severe,flood_peak,MHO_GIR_20231021,3.2,MHO_GIR_2023-10-21
S001125,MHO_GIR,7.331,80.121,MahaOya,2023-10-18,2023-10-12,2023-10-20,1,severe,pre_event,MHO_GIR_20231021,3.2,MHO_GIR_2023-10-18
S001126,MHO_GIR,7.331,80.121,MahaOya,2023-11-13,2023-11-07,2023-11-19,1,high,flood_peak,MHO_GIR_20231112,3.2,MHO_GIR_2023-11-13
S001127,MHO_GIR,7.331,80.121,MahaOya,2023-11-09,2023-11-03,2023-11-11,1,high,pre_event,MHO_GIR_20231112,3.2,MHO_GIR_2023-11-09
S001128,MHO_GIR,7.331,80.121,MahaOya,2023-11-21,2023-11-15,2023-11-27,1,high,flood_peak,MHO_GIR_20231121,3.2,MHO_GIR_2023-11-21
S001129,MHO_GIR,7.331,80.121,MahaOya,2023-11-18,2023-11-12,2023-11-20,1,high,pre_event,MHO_GIR_20231121,3.2,MHO_GIR_2023-11-18
S001130,MHO_GIR,7.331,80.121,MahaOya,2024-11-27,2024-11-21,2024-12-03,1,high,flood_peak,MHO_GIR_20241126,3.2,MHO_GIR_2024-11-27
S001131,MHO_GIR,7.331,80.121,MahaOya,2024-11-23,2024-11-17,2024-11-25,1,high,pre_event,MHO_GIR_20241126,3.2,MHO_GIR_2024-11-23
S001132,MHO_MOU,7.301,79.833,MahaOya,2015-10-19,2015-10-13,2015-10-25,1,severe,flood_peak,MHO_MOU_20151018,3.2,MHO_MOU_2015-10-19
S001133,MHO_MOU,7.301,79.833,MahaOya,2015-10-15,2015-10-09,2015-10-17,1,severe,pre_event,MHO_MOU_20151018,3.2,MHO_MOU_2015-10-15
S001134,MHO_MOU,7.301,79.833,MahaOya,2015-11-16,2015-11-10,2015-11-22,1,high,flood_peak,MHO_MOU_20151115,3.2,MHO_MOU_2015-11-16
S001135,MHO_MOU,7.301,79.833,MahaOya,2015-11-12,2015-11-06,2015-11-14,1,high,pre_event,MHO_MOU_20151115,3.2,MHO_MOU_2015-11-12
S001136,MHO_MOU,7.301,79.833,MahaOya,2016-05-15,2016-05-09,2016-05-21,1,severe,flood_peak,MHO_MOU_20160515,3.2,MHO_MOU_2016-05-15
S001137,MHO_MOU,7.301,79.833,MahaOya,2016-05-12,2016-05-06,2016-05-14,1,severe,pre_event,MHO_MOU_20160515,3.2,MHO_MOU_2016-05-12
S001138,MHO_MOU,7.301,79.833,MahaOya,2017-11-06,2017-10-31,2017-11-12,1,high,flood_peak,MHO_MOU_20171105,3.2,MHO_MOU_2017-11-06
S001139,MHO_MOU,7.301,79.833,MahaOya,2017-11-02,2017-10-27,2017-11-04,1,high,pre_event,MHO_MOU_20171105,3.2,MHO_MOU_2017-11-02
S001140,MHO_MOU,7.301,79.833,MahaOya,2019-10-21,2019-10-15,2019-10-27,1,high,flood_peak,MHO_MOU_20191020,3.2,MHO_MOU_2019-10-21
S001141,MHO_MOU,7.301,79.833,MahaOya,2019-10-17,2019-10-11,2019-10-19,1,high,pre_event,MHO_MOU_20191020,3.2,MHO_MOU_2019-10-17
S001142,MHO_MOU,7.301,79.833,MahaOya,2019-10-30,2019-10-24,2019-11-05,1,high,flood_peak,MHO_MOU_20191030,3.2,MHO_MOU_2019-10-30
S001143,MHO_MOU,7.301,79.833,MahaOya,2019-10-27,2019-10-21,2019-10-29,1,high,pre_event,MHO_MOU_20191030,3.2,MHO_MOU_2019-10-27
S001144,MHO_MOU,7.301,79.833,MahaOya,2021-01-14,2021-01-08,2021-01-20,1,high,flood_peak,MHO_MOU_20210114,3.2,MHO_MOU_2021-01-14
S001145,MHO_MOU,7.301,79.833,MahaOya,2021-01-11,2021-01-05,2021-01-13,1,high,pre_event,MHO_MOU_20210114,3.2,MHO_MOU_2021-01-11
S001146,MHO_MOU,7.301,79.833,MahaOya,2021-11-10,2021-11-04,2021-11-16,1,severe,flood_peak,MHO_MOU_20211108,3.2,MHO_MOU_2021-11-10
S001147,MHO_MOU,7.301,79.833,MahaOya,2021-11-05,2021-10-30,2021-11-07,1,severe,pre_event,MHO_MOU_20211108,3.2,MHO_MOU_2021-11-05
S001148,MHO_MOU,7.301,79.833,MahaOya,2023-10-21,2023-10-15,2023-10-27,1,severe,flood_peak,MHO_MOU_20231020,3.2,MHO_MOU_2023-10-21
S001149,MHO_MOU,7.301,79.833,MahaOya,2023-10-17,2023-10-11,2023-10-19,1,severe,pre_event,MHO_MOU_20231020,3.2,MHO_MOU_2023-10-17
S001150,MHO_MOU,7.301,79.833,MahaOya,2023-11-06,2023-10-31,2023-11-12,1,high,flood_peak,MHO_MOU_20231101,3.2,MHO_MOU_2023-11-06
S001151,MHO_MOU,7.301,79.833,MahaOya,2023-10-29,2023-10-23,2023-10-31,1,high,pre_event,MHO_MOU_20231101,3.2,MHO_MOU_2023-10-29
S001152,MHO_MOU,7.301,79.833,MahaOya,2023-11-21,2023-11-15,2023-11-27,1,high,flood_peak,MHO_MOU_20231121,3.2,MHO_MOU_2023-11-21
S001153,MHO_MOU,7.301,79.833,MahaOya,2023-11-18,2023-11-12,2023-11-20,1,high,pre_event,MHO_MOU_20231121,3.2,MHO_MOU_2023-11-18
S001154,MHO_MOU,7.301,79.833,MahaOya,2024-05-28,2024-05-22,2024-06-03,1,high,flood_peak,MHO_MOU_20240527,3.2,MHO_MOU_2024-05-28
S001155,MHO_MOU,7.301,79.833,MahaOya,2024-05-24,2024-05-18,2024-05-26,1,high,pre_event,MHO_MOU_20240527,3.2,MHO_MOU_2024-05-24
S001156,MHO_MOU,7.301,79.833,MahaOya,2024-11-29,2024-11-23,2024-12-05,1,high,flood_peak,MHO_MOU_20241127,3.2,MHO_MOU_2024-11-29
S001157,MHO_MOU,7.301,79.833,MahaOya,2024-11-24,2024-11-18,2024-11-26,1,high,pre_event,MHO_MOU_20241127,3.2,MHO_MOU_2024-11-24
S001158,NIL_AKU,6.101,80.481,Nilwala,2015-01-01,2014-12-26,2015-01-07,1,high,flood_peak,NIL_AKU_20141224,3.2,NIL_AKU_2015-01-01
S001159,NIL_AKU,6.101,80.481,Nilwala,2014-12-29,2014-12-23,2014-12-31,1,high,pre_event,NIL_AKU_20141224,3.2,NIL_AKU_2014-12-29
S001160,NIL_AKU,6.101,80.481,Nilwala,2015-10-26,2015-10-20,2015-11-01,1,severe,flood_peak,NIL_AKU_20151024,3.2,NIL_AKU_2015-10-26
S001161,NIL_AKU,6.101,80.481,Nilwala,2015-10-21,2015-10-15,2015-10-23,1,severe,pre_event,NIL_AKU_20151024,3.2,NIL_AKU_2015-10-21
S001162,NIL_AKU,6.101,80.481,Nilwala,2016-05-15,2016-05-09,2016-05-21,1,severe,flood_peak,NIL_AKU_20160514,3.2,NIL_AKU_2016-05-15
S001163,NIL_AKU,6.101,80.481,Nilwala,2016-05-11,2016-05-05,2016-05-13,1,severe,pre_event,NIL_AKU_20160514,3.2,NIL_AKU_2016-05-11
S001164,NIL_AKU,6.101,80.481,Nilwala,2017-12-01,2017-11-25,2017-12-07,1,severe,flood_peak,NIL_AKU_20171130,3.2,NIL_AKU_2017-12-01
S001165,NIL_AKU,6.101,80.481,Nilwala,2017-11-27,2017-11-21,2017-11-29,1,severe,pre_event,NIL_AKU_20171130,3.2,NIL_AKU_2017-11-27
S001166,NIL_AKU,6.101,80.481,Nilwala,2019-10-21,2019-10-15,2019-10-27,1,severe,flood_peak,NIL_AKU_20191020,3.2,NIL_AKU_2019-10-21
S001167,NIL_AKU,6.101,80.481,Nilwala,2019-10-17,2019-10-11,2019-10-19,1,severe,pre_event,NIL_AKU_20191020,3.2,NIL_AKU_2019-10-17
S001168,NIL_AKU,6.101,80.481,Nilwala,2023-10-21,2023-10-15,2023-10-27,1,high,flood_peak,NIL_AKU_20231021,3.2,NIL_AKU_2023-10-21
S001169,NIL_AKU,6.101,80.481,Nilwala,2023-10-18,2023-10-12,2023-10-20,1,high,pre_event,NIL_AKU_20231021,3.2,NIL_AKU_2023-10-18
S001170,NIL_AKU,6.101,80.481,Nilwala,2023-11-24,2023-11-18,2023-11-30,1,high,flood_peak,NIL_AKU_20231105,3.2,NIL_AKU_2023-11-24
S001171,NIL_AKU,6.101,80.481,Nilwala,2023-11-02,2023-10-27,2023-11-04,1,high,pre_event,NIL_AKU_20231105,3.2,NIL_AKU_2023-11-02
S001172,NIL_AKU,6.101,80.481,Nilwala,2023-12-18,2023-12-12,2023-12-24,1,severe,flood_peak,NIL_AKU_20231212,3.2,NIL_AKU_2023-12-18
S001173,NIL_AKU,6.101,80.481,Nilwala,2023-12-09,2023-12-03,2023-12-11,1,severe,pre_event,NIL_AKU_20231212,3.2,NIL_AKU_2023-12-09
S001174,NIL_AKU,6.101,80.481,Nilwala,2024-05-27,2024-05-21,2024-06-02,1,high,flood_peak,NIL_AKU_20240527,3.2,NIL_AKU_2024-05-27
S001175,NIL_AKU,6.101,80.481,Nilwala,2024-05-24,2024-05-18,2024-05-26,1,high,pre_event,NIL_AKU_20240527,3.2,NIL_AKU_2024-05-24
S001176,NIL_MAT,5.949,80.55,Nilwala,2015-09-29,2015-09-23,2015-10-05,1,severe,flood_peak,NIL_MAT_20150929,3.2,NIL_MAT_2015-09-29
S001177,NIL_MAT,5.949,80.55,Nilwala,2015-09-26,2015-09-20,2015-09-28,1,severe,pre_event,NIL_MAT_20150929,3.2,NIL_MAT_2015-09-26
S001178,NIL_MAT,5.949,80.55,Nilwala,2015-10-25,2015-10-19,2015-10-31,1,severe,flood_peak,NIL_MAT_20151024,3.2,NIL_MAT_2015-10-25
S001179,NIL_MAT,5.949,80.55,Nilwala,2015-10-21,2015-10-15,2015-10-23,1,severe,pre_event,NIL_MAT_20151024,3.2,NIL_MAT_2015-10-21
S001180,NIL_MAT,5.949,80.55,Nilwala,2015-11-08,2015-11-02,2015-11-14,1,severe,flood_peak,NIL_MAT_20151106,3.2,NIL_MAT_2015-11-08
S001181,NIL_MAT,5.949,80.55,Nilwala,2015-11-03,2015-10-28,2015-11-05,1,severe,pre_event,NIL_MAT_20151106,3.2,NIL_MAT_2015-11-03
S001182,NIL_MAT,5.949,80.55,Nilwala,2015-12-08,2015-12-02,2015-12-14,1,severe,flood_peak,NIL_MAT_20151208,3.2,NIL_MAT_2015-12-08
S001183,NIL_MAT,5.949,80.55,Nilwala,2015-12-05,2015-11-29,2015-12-07,1,severe,pre_event,NIL_MAT_20151208,3.2,NIL_MAT_2015-12-05
S001184,NIL_MAT,5.949,80.55,Nilwala,2016-05-14,2016-05-08,2016-05-20,1,severe,flood_peak,NIL_MAT_20160513,3.2,NIL_MAT_2016-05-14
S001185,NIL_MAT,5.949,80.55,Nilwala,2016-05-10,2016-05-04,2016-05-12,1,severe,pre_event,NIL_MAT_20160513,3.2,NIL_MAT_2016-05-10
S001186,NIL_MAT,5.949,80.55,Nilwala,2016-11-19,2016-11-13,2016-11-25,1,severe,flood_peak,NIL_MAT_20161118,3.2,NIL_MAT_2016-11-19
S001187,NIL_MAT,5.949,80.55,Nilwala,2016-11-15,2016-11-09,2016-11-17,1,severe,pre_event,NIL_MAT_20161118,3.2,NIL_MAT_2016-11-15
S001188,NIL_MAT,5.949,80.55,Nilwala,2017-11-08,2017-11-02,2017-11-14,1,high,flood_peak,NIL_MAT_20171106,3.2,NIL_MAT_2017-11-08
S001189,NIL_MAT,5.949,80.55,Nilwala,2017-11-03,2017-10-28,2017-11-05,1,high,pre_event,NIL_MAT_20171106,3.2,NIL_MAT_2017-11-03
S001190,NIL_MAT,5.949,80.55,Nilwala,2017-11-30,2017-11-24,2017-12-06,1,severe,flood_peak,NIL_MAT_20171128,3.2,NIL_MAT_2017-11-30
S001191,NIL_MAT,5.949,80.55,Nilwala,2017-11-25,2017-11-19,2017-11-27,1,severe,pre_event,NIL_MAT_20171128,3.2,NIL_MAT_2017-11-25
S001192,NIL_MAT,5.949,80.55,Nilwala,2018-03-11,2018-03-05,2018-03-17,1,high,flood_peak,NIL_MAT_20180311,3.2,NIL_MAT_2018-03-11
S001193,NIL_MAT,5.949,80.55,Nilwala,2018-03-08,2018-03-02,2018-03-10,1,high,pre_event,NIL_MAT_20180311,3.2,NIL_MAT_2018-03-08
S001194,NIL_MAT,5.949,80.55,Nilwala,2019-09-25,2019-09-19,2019-10-01,1,high,flood_peak,NIL_MAT_20190925,3.2,NIL_MAT_2019-09-25
S001195,NIL_MAT,5.949,80.55,Nilwala,2019-09-22,2019-09-16,2019-09-24,1,high,pre_event,NIL_MAT_20190925,3.2,NIL_MAT_2019-09-22
S001196,NIL_MAT,5.949,80.55,Nilwala,2019-10-20,2019-10-14,2019-10-26,1,severe,flood_peak,NIL_MAT_20191020,3.2,NIL_MAT_2019-10-20
S001197,NIL_MAT,5.949,80.55,Nilwala,2019-10-17,2019-10-11,2019-10-19,1,severe,pre_event,NIL_MAT_20191020,3.2,NIL_MAT_2019-10-17
S001198,NIL_MAT,5.949,80.55,Nilwala,2019-10-29,2019-10-23,2019-11-04,1,severe,flood_peak,NIL_MAT_20191029,3.2,NIL_MAT_2019-10-29
S001199,NIL_MAT,5.949,80.55,Nilwala,2019-10-26,2019-10-20,2019-10-28,1,severe,pre_event,NIL_MAT_20191029,3.2,NIL_MAT_2019-10-26
S001200,NIL_MAT,5.949,80.55,Nilwala,2019-11-30,2019-11-24,2019-12-06,1,high,flood_peak,NIL_MAT_20191130,3.2,NIL_MAT_2019-11-30
S001201,NIL_MAT,5.949,80.55,Nilwala,2019-11-27,2019-11-21,2019-11-29,1,high,pre_event,NIL_MAT_20191130,3.2,NIL_MAT_2019-11-27
S001202,NIL_MAT,5.949,80.55,Nilwala,2019-12-05,2019-11-29,2019-12-11,1,high,flood_peak,NIL_MAT_20191205,3.2,NIL_MAT_2019-12-05
S001203,NIL_MAT,5.949,80.55,Nilwala,2019-12-02,2019-11-26,2019-12-04,1,high,pre_event,NIL_MAT_20191205,3.2,NIL_MAT_2019-12-02
S001204,NIL_MAT,5.949,80.55,Nilwala,2019-12-20,2019-12-14,2019-12-26,1,high,flood_peak,NIL_MAT_20191220,3.2,NIL_MAT_2019-12-20
S001205,NIL_MAT,5.949,80.55,Nilwala,2019-12-17,2019-12-11,2019-12-19,1,high,pre_event,NIL_MAT_20191220,3.2,NIL_MAT_2019-12-17
S001206,NIL_MAT,5.949,80.55,Nilwala,2020-11-16,2020-11-10,2020-11-22,1,high,flood_peak,NIL_MAT_20201116,3.2,NIL_MAT_2020-11-16
S001207,NIL_MAT,5.949,80.55,Nilwala,2020-11-13,2020-11-07,2020-11-15,1,high,pre_event,NIL_MAT_20201116,3.2,NIL_MAT_2020-11-13
S001208,NIL_MAT,5.949,80.55,Nilwala,2022-05-14,2022-05-08,2022-05-20,1,high,flood_peak,NIL_MAT_20220514,3.2,NIL_MAT_2022-05-14
S001209,NIL_MAT,5.949,80.55,Nilwala,2022-05-11,2022-05-05,2022-05-13,1,high,pre_event,NIL_MAT_20220514,3.2,NIL_MAT_2022-05-11
S001210,NIL_MAT,5.949,80.55,Nilwala,2022-12-26,2022-12-20,2023-01-01,1,severe,flood_peak,NIL_MAT_20221226,3.2,NIL_MAT_2022-12-26
S001211,NIL_MAT,5.949,80.55,Nilwala,2022-12-23,2022-12-17,2022-12-25,1,severe,pre_event,NIL_MAT_20221226,3.2,NIL_MAT_2022-12-23
S001212,NIL_MAT,5.949,80.55,Nilwala,2023-01-21,2023-01-15,2023-01-27,1,severe,flood_peak,NIL_MAT_20230121,3.2,NIL_MAT_2023-01-21
S001213,NIL_MAT,5.949,80.55,Nilwala,2023-01-18,2023-01-12,2023-01-20,1,severe,pre_event,NIL_MAT_20230121,3.2,NIL_MAT_2023-01-18
S001214,NIL_MAT,5.949,80.55,Nilwala,2023-04-29,2023-04-23,2023-05-05,1,high,flood_peak,NIL_MAT_20230429,3.2,NIL_MAT_2023-04-29
S001215,NIL_MAT,5.949,80.55,Nilwala,2023-04-26,2023-04-20,2023-04-28,1,high,pre_event,NIL_MAT_20230429,3.2,NIL_MAT_2023-04-26
S001216,NIL_MAT,5.949,80.55,Nilwala,2023-09-04,2023-08-29,2023-09-10,1,severe,flood_peak,NIL_MAT_20230902,3.2,NIL_MAT_2023-09-04
S001217,NIL_MAT,5.949,80.55,Nilwala,2023-08-30,2023-08-24,2023-09-01,1,severe,pre_event,NIL_MAT_20230902,3.2,NIL_MAT_2023-08-30
S001218,NIL_MAT,5.949,80.55,Nilwala,2023-09-29,2023-09-23,2023-10-05,1,severe,flood_peak,NIL_MAT_20230928,3.2,NIL_MAT_2023-09-29
S001219,NIL_MAT,5.949,80.55,Nilwala,2023-09-25,2023-09-19,2023-09-27,1,severe,pre_event,NIL_MAT_20230928,3.2,NIL_MAT_2023-09-25
S001220,NIL_MAT,5.949,80.55,Nilwala,2023-10-04,2023-09-28,2023-10-10,1,high,flood_peak,NIL_MAT_20231004,3.2,NIL_MAT_2023-10-04
S001221,NIL_MAT,5.949,80.55,Nilwala,2023-10-01,2023-09-25,2023-10-03,1,high,pre_event,NIL_MAT_20231004,3.2,NIL_MAT_2023-10-01
S001222,NIL_MAT,5.949,80.55,Nilwala,2023-10-20,2023-10-14,2023-10-26,1,severe,flood_peak,NIL_MAT_20231020,3.2,NIL_MAT_2023-10-20
S001223,NIL_MAT,5.949,80.55,Nilwala,2023-10-17,2023-10-11,2023-10-19,1,severe,pre_event,NIL_MAT_20231020,3.2,NIL_MAT_2023-10-17
S001224,NIL_MAT,5.949,80.55,Nilwala,2023-11-21,2023-11-15,2023-11-27,1,high,flood_peak,NIL_MAT_20231121,3.2,NIL_MAT_2023-11-21
S001225,NIL_MAT,5.949,80.55,Nilwala,2023-11-18,2023-11-12,2023-11-20,1,high,pre_event,NIL_MAT_20231121,3.2,NIL_MAT_2023-11-18
S001226,NIL_MAT,5.949,80.55,Nilwala,2023-12-05,2023-11-29,2023-12-11,1,high,flood_peak,NIL_MAT_20231205,3.2,NIL_MAT_2023-12-05
S001227,NIL_MAT,5.949,80.55,Nilwala,2023-12-02,2023-11-26,2023-12-04,1,high,pre_event,NIL_MAT_20231205,3.2,NIL_MAT_2023-12-02
S001228,NIL_MAT,5.949,80.55,Nilwala,2023-12-18,2023-12-12,2023-12-24,1,high,flood_peak,NIL_MAT_20231216,3.2,NIL_MAT_2023-12-18
S001229,NIL_MAT,5.949,80.55,Nilwala,2023-12-13,2023-12-07,2023-12-15,1,high,pre_event,NIL_MAT_20231216,3.2,NIL_MAT_2023-12-13
S001230,NIL_MAT,5.949,80.55,Nilwala,2024-05-20,2024-05-14,2024-05-26,1,severe,flood_peak,NIL_MAT_20240519,3.2,NIL_MAT_2024-05-20
S001231,NIL_MAT,5.949,80.55,Nilwala,2024-05-16,2024-05-10,2024-05-18,1,severe,pre_event,NIL_MAT_20240519,3.2,NIL_MAT_2024-05-16
S001232,NIL_MAT,5.949,80.55,Nilwala,2024-08-21,2024-08-15,2024-08-27,1,high,flood_peak,NIL_MAT_20240821,3.2,NIL_MAT_2024-08-21
S001233,NIL_MAT,5.949,80.55,Nilwala,2024-08-18,2024-08-12,2024-08-20,1,high,pre_event,NIL_MAT_20240821,3.2,NIL_MAT_2024-08-18
S001234,NIL_PIT,6.3,80.552,Nilwala,2015-01-01,2014-12-26,2015-01-07,1,high,flood_peak,NIL_PIT_20141223,3.2,NIL_PIT_2015-01-01
S001235,NIL_PIT,6.3,80.552,Nilwala,2014-12-29,2014-12-23,2014-12-31,1,high,pre_event,NIL_PIT_20141223,3.2,NIL_PIT_2014-12-29
S001236,NIL_PIT,6.3,80.552,Nilwala,2015-10-25,2015-10-19,2015-10-31,1,severe,flood_peak,NIL_PIT_20151024,3.2,NIL_PIT_2015-10-25
S001237,NIL_PIT,6.3,80.552,Nilwala,2015-10-21,2015-10-15,2015-10-23,1,severe,pre_event,NIL_PIT_20151024,3.2,NIL_PIT_2015-10-21
S001238,NIL_PIT,6.3,80.552,Nilwala,2016-05-15,2016-05-09,2016-05-21,1,severe,flood_peak,NIL_PIT_20160513,3.2,NIL_PIT_2016-05-15
S001239,NIL_PIT,6.3,80.552,Nilwala,2016-05-10,2016-05-04,2016-05-12,1,severe,pre_event,NIL_PIT_20160513,3.2,NIL_PIT_2016-05-10
S001240,NIL_PIT,6.3,80.552,Nilwala,2017-12-01,2017-11-25,2017-12-07,1,high,flood_peak,NIL_PIT_20171130,3.2,NIL_PIT_2017-12-01
S001241,NIL_PIT,6.3,80.552,Nilwala,2017-11-27,2017-11-21,2017-11-29,1,high,pre_event,NIL_PIT_20171130,3.2,NIL_PIT_2017-11-27
S001242,NIL_PIT,6.3,80.552,Nilwala,2019-10-20,2019-10-14,2019-10-26,1,high,flood_peak,NIL_PIT_20191020,3.2,NIL_PIT_2019-10-20
S001243,NIL_PIT,6.3,80.552,Nilwala,2019-10-17,2019-10-11,2019-10-19,1,high,pre_event,NIL_PIT_20191020,3.2,NIL_PIT_2019-10-17
S001244,NIL_PIT,6.3,80.552,Nilwala,2019-10-30,2019-10-24,2019-11-05,1,high,flood_peak,NIL_PIT_20191029,3.2,NIL_PIT_2019-10-30
S001245,NIL_PIT,6.3,80.552,Nilwala,2019-10-26,2019-10-20,2019-10-28,1,high,pre_event,NIL_PIT_20191029,3.2,NIL_PIT_2019-10-26
S001246,NIL_PIT,6.3,80.552,Nilwala,2023-10-24,2023-10-18,2023-10-30,1,high,flood_peak,NIL_PIT_20231023,3.2,NIL_PIT_2023-10-24
S001247,NIL_PIT,6.3,80.552,Nilwala,2023-10-20,2023-10-14,2023-10-22,1,high,pre_event,NIL_PIT_20231023,3.2,NIL_PIT_2023-10-20
S001248,NIL_PIT,6.3,80.552,Nilwala,2023-11-14,2023-11-08,2023-11-20,1,high,flood_peak,NIL_PIT_20231111,3.2,NIL_PIT_2023-11-14
S001249,NIL_PIT,6.3,80.552,Nilwala,2023-11-08,2023-11-02,2023-11-10,1,high,pre_event,NIL_PIT_20231111,3.2,NIL_PIT_2023-11-08
S001250,NIL_PIT,6.3,80.552,Nilwala,2023-11-24,2023-11-18,2023-11-30,1,high,flood_peak,NIL_PIT_20231123,3.2,NIL_PIT_2023-11-24
S001251,NIL_PIT,6.3,80.552,Nilwala,2023-11-20,2023-11-14,2023-11-22,1,high,pre_event,NIL_PIT_20231123,3.2,NIL_PIT_2023-11-20
S001252,NIL_PIT,6.3,80.552,Nilwala,2023-12-01,2023-11-25,2023-12-07,1,high,flood_peak,NIL_PIT_20231201,3.2,NIL_PIT_2023-12-01
S001253,NIL_PIT,6.3,80.552,Nilwala,2023-11-28,2023-11-22,2023-11-30,1,high,pre_event,NIL_PIT_20231201,3.2,NIL_PIT_2023-11-28
S001254,NIL_PIT,6.3,80.552,Nilwala,2023-12-12,2023-12-06,2023-12-18,1,high,flood_peak,NIL_PIT_20231212,3.2,NIL_PIT_2023-12-12
S001255,NIL_PIT,6.3,80.552,Nilwala,2023-12-09,2023-12-03,2023-12-11,1,high,pre_event,NIL_PIT_20231212,3.2,NIL_PIT_2023-12-09
S001256,NIL_PIT,6.3,80.552,Nilwala,2023-12-17,2023-12-11,2023-12-23,1,high,flood_peak,NIL_PIT_20231217,3.2,NIL_PIT_2023-12-17
S001257,NIL_PIT,6.3,80.552,Nilwala,2023-12-14,2023-12-08,2023-12-16,1,high,pre_event,NIL_PIT_20231217,3.2,NIL_PIT_2023-12-14
S001258,NIL_PIT,6.3,80.552,Nilwala,2023-12-21,2023-12-15,2023-12-27,1,high,flood_peak,NIL_PIT_20231221,3.2,NIL_PIT_2023-12-21
S001259,NIL_PIT,6.3,80.552,Nilwala,2023-12-18,2023-12-12,2023-12-20,1,high,pre_event,NIL_PIT_20231221,3.2,NIL_PIT_2023-12-18
S001260,NIL_PIT,6.3,80.552,Nilwala,2024-01-08,2024-01-02,2024-01-14,1,high,flood_peak,NIL_PIT_20240108,3.2,NIL_PIT_2024-01-08
S001261,NIL_PIT,6.3,80.552,Nilwala,2024-01-05,2023-12-30,2024-01-07,1,high,pre_event,NIL_PIT_20240108,3.2,NIL_PIT_2024-01-05
S001262,NIL_URA,6.231,80.601,Nilwala,2015-01-01,2014-12-26,2015-01-07,1,high,flood_peak,NIL_URA_20141224,3.2,NIL_URA_2015-01-01
S001263,NIL_URA,6.231,80.601,Nilwala,2014-12-29,2014-12-23,2014-12-31,1,high,pre_event,NIL_URA_20141224,3.2,NIL_URA_2014-12-29
S001264,NIL_URA,6.231,80.601,Nilwala,2015-10-26,2015-10-20,2015-11-01,1,severe,flood_peak,NIL_URA_20151024,3.2,NIL_URA_2015-10-26
S001265,NIL_URA,6.231,80.601,Nilwala,2015-10-21,2015-10-15,2015-10-23,1,severe,pre_event,NIL_URA_20151024,3.2,NIL_URA_2015-10-21
S001266,NIL_URA,6.231,80.601,Nilwala,2016-05-15,2016-05-09,2016-05-21,1,severe,flood_peak,NIL_URA_20160514,3.2,NIL_URA_2016-05-15
S001267,NIL_URA,6.231,80.601,Nilwala,2016-05-11,2016-05-05,2016-05-13,1,severe,pre_event,NIL_URA_20160514,3.2,NIL_URA_2016-05-11
S001268,NIL_URA,6.231,80.601,Nilwala,2017-11-10,2017-11-04,2017-11-16,1,high,flood_peak,NIL_URA_20171110,3.2,NIL_URA_2017-11-10
S001269,NIL_URA,6.231,80.601,Nilwala,2017-11-07,2017-11-01,2017-11-09,1,high,pre_event,NIL_URA_20171110,3.2,NIL_URA_2017-11-07
S001270,NIL_URA,6.231,80.601,Nilwala,2017-12-02,2017-11-26,2017-12-08,1,severe,flood_peak,NIL_URA_20171130,3.2,NIL_URA_2017-12-02
S001271,NIL_URA,6.231,80.601,Nilwala,2017-11-27,2017-11-21,2017-11-29,1,severe,pre_event,NIL_URA_20171130,3.2,NIL_URA_2017-11-27
S001272,NIL_URA,6.231,80.601,Nilwala,2019-10-21,2019-10-15,2019-10-27,1,severe,flood_peak,NIL_URA_20191020,3.2,NIL_URA_2019-10-21
S001273,NIL_URA,6.231,80.601,Nilwala,2019-10-17,2019-10-11,2019-10-19,1,severe,pre_event,NIL_URA_20191020,3.2,NIL_URA_2019-10-17
S001274,NIL_URA,6.231,80.601,Nilwala,2023-10-25,2023-10-19,2023-10-31,1,high,flood_peak,NIL_URA_20231021,3.2,NIL_URA_2023-10-25
S001275,NIL_URA,6.231,80.601,Nilwala,2023-10-18,2023-10-12,2023-10-20,1,high,pre_event,NIL_URA_20231021,3.2,NIL_URA_2023-10-18
S001276,NIL_URA,6.231,80.601,Nilwala,2023-11-05,2023-10-30,2023-11-11,1,high,flood_peak,NIL_URA_20231105,3.2,NIL_URA_2023-11-05
S001277,NIL_URA,6.231,80.601,Nilwala,2023-11-02,2023-10-27,2023-11-04,1,high,pre_event,NIL_URA_20231105,3.2,NIL_URA_2023-11-02
S001278,NIL_URA,6.231,80.601,Nilwala,2023-11-14,2023-11-08,2023-11-20,1,severe,flood_peak,NIL_URA_20231113,3.2,NIL_URA_2023-11-14
S001279,NIL_URA,6.231,80.601,Nilwala,2023-11-10,2023-11-04,2023-11-12,1,severe,pre_event,NIL_URA_20231113,3.2,NIL_URA_2023-11-10
S001280,NIL_URA,6.231,80.601,Nilwala,2023-11-25,2023-11-19,2023-12-01,1,high,flood_peak,NIL_URA_20231121,3.2,NIL_URA_2023-11-25
S001281,NIL_URA,6.231,80.601,Nilwala,2023-11-18,2023-11-12,2023-11-20,1,high,pre_event,NIL_URA_20231121,3.2,NIL_URA_2023-11-18
S001282,NIL_URA,6.231,80.601,Nilwala,2023-12-01,2023-11-25,2023-12-07,1,high,flood_peak,NIL_URA_20231130,3.2,NIL_URA_2023-12-01
S001283,NIL_URA,6.231,80.601,Nilwala,2023-11-27,2023-11-21,2023-11-29,1,high,pre_event,NIL_URA_20231130,3.2,NIL_URA_2023-11-27
S001284,NIL_URA,6.231,80.601,Nilwala,2023-12-21,2023-12-15,2023-12-27,1,high,flood_peak,NIL_URA_20231219,3.2,NIL_URA_2023-12-21
S001285,NIL_URA,6.231,80.601,Nilwala,2023-12-16,2023-12-10,2023-12-18,1,high,pre_event,NIL_URA_20231219,3.2,NIL_URA_2023-12-16
S001286,NIL_URA,6.231,80.601,Nilwala,2024-01-08,2024-01-02,2024-01-14,1,high,flood_peak,NIL_URA_20240108,3.2,NIL_URA_2024-01-08
S001287,NIL_URA,6.231,80.601,Nilwala,2024-01-05,2023-12-30,2024-01-07,1,high,pre_event,NIL_URA_20240108,3.2,NIL_URA_2024-01-05
S001288,WAL_AMB,6.121,81.021,Walawe,2015-01-01,2014-12-26,2015-01-07,1,high,flood_peak,WAL_AMB_20141222,3.2,WAL_AMB_2015-01-01
S001289,WAL_AMB,6.121,81.021,Walawe,2014-12-29,2014-12-23,2014-12-31,1,high,pre_event,WAL_AMB_20141222,3.2,WAL_AMB_2014-12-29
S001290,WAL_AMB,6.121,81.021,Walawe,2015-10-25,2015-10-19,2015-10-31,1,severe,flood_peak,WAL_AMB_20151024,3.2,WAL_AMB_2015-10-25
S001291,WAL_AMB,6.121,81.021,Walawe,2015-10-21,2015-10-15,2015-10-23,1,severe,pre_event,WAL_AMB_20151024,3.2,WAL_AMB_2015-10-21
S001292,WAL_AMB,6.121,81.021,Walawe,2015-11-02,2015-10-27,2015-11-08,1,high,flood_peak,WAL_AMB_20151102,3.2,WAL_AMB_2015-11-02
S001293,WAL_AMB,6.121,81.021,Walawe,2015-10-30,2015-10-24,2015-11-01,1,high,pre_event,WAL_AMB_20151102,3.2,WAL_AMB_2015-10-30
S001294,WAL_AMB,6.121,81.021,Walawe,2015-11-08,2015-11-02,2015-11-14,1,high,flood_peak,WAL_AMB_20151108,3.2,WAL_AMB_2015-11-08
S001295,WAL_AMB,6.121,81.021,Walawe,2015-11-05,2015-10-30,2015-11-07,1,high,pre_event,WAL_AMB_20151108,3.2,WAL_AMB_2015-11-05
S001296,WAL_AMB,6.121,81.021,Walawe,2015-11-14,2015-11-08,2015-11-20,1,high,flood_peak,WAL_AMB_20151113,3.2,WAL_AMB_2015-11-14
S001297,WAL_AMB,6.121,81.021,Walawe,2015-11-10,2015-11-04,2015-11-12,1,high,pre_event,WAL_AMB_20151113,3.2,WAL_AMB_2015-11-10
S001298,WAL_AMB,6.121,81.021,Walawe,2016-05-14,2016-05-08,2016-05-20,1,severe,flood_peak,WAL_AMB_20160514,3.2,WAL_AMB_2016-05-14
S001299,WAL_AMB,6.121,81.021,Walawe,2016-05-11,2016-05-05,2016-05-13,1,severe,pre_event,WAL_AMB_20160514,3.2,WAL_AMB_2016-05-11
S001300,WAL_AMB,6.121,81.021,Walawe,2017-11-30,2017-11-24,2017-12-06,1,severe,flood_peak,WAL_AMB_20171128,3.2,WAL_AMB_2017-11-30
S001301,WAL_AMB,6.121,81.021,Walawe,2017-11-25,2017-11-19,2017-11-27,1,severe,pre_event,WAL_AMB_20171128,3.2,WAL_AMB_2017-11-25
S001302,WAL_AMB,6.121,81.021,Walawe,2019-10-20,2019-10-14,2019-10-26,1,high,flood_peak,WAL_AMB_20191020,3.2,WAL_AMB_2019-10-20
S001303,WAL_AMB,6.121,81.021,Walawe,2019-10-17,2019-10-11,2019-10-19,1,high,pre_event,WAL_AMB_20191020,3.2,WAL_AMB_2019-10-17
S001304,WAL_AMB,6.121,81.021,Walawe,2019-10-29,2019-10-23,2019-11-04,1,severe,flood_peak,WAL_AMB_20191029,3.2,WAL_AMB_2019-10-29
S001305,WAL_AMB,6.121,81.021,Walawe,2019-10-26,2019-10-20,2019-10-28,1,severe,pre_event,WAL_AMB_20191029,3.2,WAL_AMB_2019-10-26
S001306,WAL_AMB,6.121,81.021,Walawe,2019-11-30,2019-11-24,2019-12-06,1,high,flood_peak,WAL_AMB_20191129,3.2,WAL_AMB_2019-11-30
S001307,WAL_AMB,6.121,81.021,Walawe,2019-11-26,2019-11-20,2019-11-28,1,high,pre_event,WAL_AMB_20191129,3.2,WAL_AMB_2019-11-26
S001308,WAL_AMB,6.121,81.021,Walawe,2019-12-05,2019-11-29,2019-12-11,1,high,flood_peak,WAL_AMB_20191204,3.2,WAL_AMB_2019-12-05
S001309,WAL_AMB,6.121,81.021,Walawe,2019-12-01,2019-11-25,2019-12-03,1,high,pre_event,WAL_AMB_20191204,3.2,WAL_AMB_2019-12-01
S001310,WAL_AMB,6.121,81.021,Walawe,2019-12-20,2019-12-14,2019-12-26,1,severe,flood_peak,WAL_AMB_20191220,3.2,WAL_AMB_2019-12-20
S001311,WAL_AMB,6.121,81.021,Walawe,2019-12-17,2019-12-11,2019-12-19,1,severe,pre_event,WAL_AMB_20191220,3.2,WAL_AMB_2019-12-17
S001312,WAL_AMB,6.121,81.021,Walawe,2020-12-21,2020-12-15,2020-12-27,1,high,flood_peak,WAL_AMB_20201221,3.2,WAL_AMB_2020-12-21
S001313,WAL_AMB,6.121,81.021,Walawe,2020-12-18,2020-12-12,2020-12-20,1,high,pre_event,WAL_AMB_20201221,3.2,WAL_AMB_2020-12-18
S001314,WAL_AMB,6.121,81.021,Walawe,2022-12-26,2022-12-20,2023-01-01,1,severe,flood_peak,WAL_AMB_20221226,3.2,WAL_AMB_2022-12-26
S001315,WAL_AMB,6.121,81.021,Walawe,2022-12-23,2022-12-17,2022-12-25,1,severe,pre_event,WAL_AMB_20221226,3.2,WAL_AMB_2022-12-23
S001316,WAL_AMB,6.121,81.021,Walawe,2023-01-21,2023-01-15,2023-01-27,1,severe,flood_peak,WAL_AMB_20230121,3.2,WAL_AMB_2023-01-21
S001317,WAL_AMB,6.121,81.021,Walawe,2023-01-18,2023-01-12,2023-01-20,1,severe,pre_event,WAL_AMB_20230121,3.2,WAL_AMB_2023-01-18
S001318,WAL_AMB,6.121,81.021,Walawe,2023-10-20,2023-10-14,2023-10-26,1,high,flood_peak,WAL_AMB_20231020,3.2,WAL_AMB_2023-10-20
S001319,WAL_AMB,6.121,81.021,Walawe,2023-10-17,2023-10-11,2023-10-19,1,high,pre_event,WAL_AMB_20231020,3.2,WAL_AMB_2023-10-17
S001320,WAL_AMB,6.121,81.021,Walawe,2023-11-05,2023-10-30,2023-11-11,1,high,flood_peak,WAL_AMB_20231104,3.2,WAL_AMB_2023-11-05
S001321,WAL_AMB,6.121,81.021,Walawe,2023-11-01,2023-10-26,2023-11-03,1,high,pre_event,WAL_AMB_20231104,3.2,WAL_AMB_2023-11-01
S001322,WAL_AMB,6.121,81.021,Walawe,2023-11-22,2023-11-16,2023-11-28,1,severe,flood_peak,WAL_AMB_20231113,3.2,WAL_AMB_2023-11-22
S001323,WAL_AMB,6.121,81.021,Walawe,2023-11-10,2023-11-04,2023-11-12,1,severe,pre_event,WAL_AMB_20231113,3.2,WAL_AMB_2023-11-10
S001324,WAL_AMB,6.121,81.021,Walawe,2023-12-19,2023-12-13,2023-12-25,1,high,flood_peak,WAL_AMB_20231216,3.2,WAL_AMB_2023-12-19
S001325,WAL_AMB,6.121,81.021,Walawe,2023-12-13,2023-12-07,2023-12-15,1,high,pre_event,WAL_AMB_20231216,3.2,WAL_AMB_2023-12-13
S001326,WAL_AMB,6.121,81.021,Walawe,2024-01-11,2024-01-05,2024-01-17,1,severe,flood_peak,WAL_AMB_20240108,3.2,WAL_AMB_2024-01-11
S001327,WAL_AMB,6.121,81.021,Walawe,2024-01-05,2023-12-30,2024-01-07,1,severe,pre_event,WAL_AMB_20240108,3.2,WAL_AMB_2024-01-05
S001328,WAL_EMB,6.343,80.851,Walawe,2015-01-01,2014-12-26,2015-01-07,1,high,flood_peak,WAL_EMB_20141222,3.2,WAL_EMB_2015-01-01
S001329,WAL_EMB,6.343,80.851,Walawe,2014-12-29,2014-12-23,2014-12-31,1,high,pre_event,WAL_EMB_20141222,3.2,WAL_EMB_2014-12-29
S001330,WAL_EMB,6.343,80.851,Walawe,2015-10-25,2015-10-19,2015-10-31,1,severe,flood_peak,WAL_EMB_20151024,3.2,WAL_EMB_2015-10-25
S001331,WAL_EMB,6.343,80.851,Walawe,2015-10-21,2015-10-15,2015-10-23,1,severe,pre_event,WAL_EMB_20151024,3.2,WAL_EMB_2015-10-21
S001332,WAL_EMB,6.343,80.851,Walawe,2016-05-15,2016-05-09,2016-05-21,1,severe,flood_peak,WAL_EMB_20160514,3.2,WAL_EMB_2016-05-15
S001333,WAL_EMB,6.343,80.851,Walawe,2016-05-11,2016-05-05,2016-05-13,1,severe,pre_event,WAL_EMB_20160514,3.2,WAL_EMB_2016-05-11
S001334,WAL_EMB,6.343,80.851,Walawe,2017-11-30,2017-11-24,2017-12-06,1,high,flood_peak,WAL_EMB_20171130,3.2,WAL_EMB_2017-11-30
S001335,WAL_EMB,6.343,80.851,Walawe,2017-11-27,2017-11-21,2017-11-29,1,high,pre_event,WAL_EMB_20171130,3.2,WAL_EMB_2017-11-27
S001336,WAL_EMB,6.343,80.851,Walawe,2018-11-06,2018-10-31,2018-11-12,1,high,flood_peak,WAL_EMB_20181105,3.2,WAL_EMB_2018-11-06
S001337,WAL_EMB,6.343,80.851,Walawe,2018-11-02,2018-10-27,2018-11-04,1,high,pre_event,WAL_EMB_20181105,3.2,WAL_EMB_2018-11-02
S001338,WAL_EMB,6.343,80.851,Walawe,2023-10-26,2023-10-20,2023-11-01,1,high,flood_peak,WAL_EMB_20231025,3.2,WAL_EMB_2023-10-26
S001339,WAL_EMB,6.343,80.851,Walawe,2023-10-22,2023-10-16,2023-10-24,1,high,pre_event,WAL_EMB_20231025,3.2,WAL_EMB_2023-10-22
S001340,WAL_EMB,6.343,80.851,Walawe,2023-11-05,2023-10-30,2023-11-11,1,high,flood_peak,WAL_EMB_20231105,3.2,WAL_EMB_2023-11-05
S001341,WAL_EMB,6.343,80.851,Walawe,2023-11-02,2023-10-27,2023-11-04,1,high,pre_event,WAL_EMB_20231105,3.2,WAL_EMB_2023-11-02
S001342,WAL_EMB,6.343,80.851,Walawe,2023-11-15,2023-11-09,2023-11-21,1,high,flood_peak,WAL_EMB_20231114,3.2,WAL_EMB_2023-11-15
S001343,WAL_EMB,6.343,80.851,Walawe,2023-11-11,2023-11-05,2023-11-13,1,high,pre_event,WAL_EMB_20231114,3.2,WAL_EMB_2023-11-11
S001344,WAL_EMB,6.343,80.851,Walawe,2023-11-24,2023-11-18,2023-11-30,1,high,flood_peak,WAL_EMB_20231121,3.2,WAL_EMB_2023-11-24
S001345,WAL_EMB,6.343,80.851,Walawe,2023-11-18,2023-11-12,2023-11-20,1,high,pre_event,WAL_EMB_20231121,3.2,WAL_EMB_2023-11-18
S001346,WAL_EMB,6.343,80.851,Walawe,2023-12-01,2023-11-25,2023-12-07,1,high,flood_peak,WAL_EMB_20231201,3.2,WAL_EMB_2023-12-01
S001347,WAL_EMB,6.343,80.851,Walawe,2023-11-28,2023-11-22,2023-11-30,1,high,pre_event,WAL_EMB_20231201,3.2,WAL_EMB_2023-11-28
S001348,WAL_EMB,6.343,80.851,Walawe,2023-12-19,2023-12-13,2023-12-25,1,high,flood_peak,WAL_EMB_20231219,3.2,WAL_EMB_2023-12-19
S001349,WAL_EMB,6.343,80.851,Walawe,2023-12-16,2023-12-10,2023-12-18,1,high,pre_event,WAL_EMB_20231219,3.2,WAL_EMB_2023-12-16
S001350,WAL_UDA,6.441,80.881,Walawe,2015-01-01,2014-12-26,2015-01-07,1,high,flood_peak,WAL_UDA_20141222,3.2,WAL_UDA_2015-01-01
S001351,WAL_UDA,6.441,80.881,Walawe,2014-12-29,2014-12-23,2014-12-31,1,high,pre_event,WAL_UDA_20141222,3.2,WAL_UDA_2014-12-29
S001352,WAL_UDA,6.441,80.881,Walawe,2015-10-25,2015-10-19,2015-10-31,1,severe,flood_peak,WAL_UDA_20151024,3.2,WAL_UDA_2015-10-25
S001353,WAL_UDA,6.441,80.881,Walawe,2015-10-21,2015-10-15,2015-10-23,1,severe,pre_event,WAL_UDA_20151024,3.2,WAL_UDA_2015-10-21
S001354,WAL_UDA,6.441,80.881,Walawe,2016-05-15,2016-05-09,2016-05-21,1,severe,flood_peak,WAL_UDA_20160514,3.2,WAL_UDA_2016-05-15
S001355,WAL_UDA,6.441,80.881,Walawe,2016-05-11,2016-05-05,2016-05-13,1,severe,pre_event,WAL_UDA_20160514,3.2,WAL_UDA_2016-05-11
S001356,WAL_UDA,6.441,80.881,Walawe,2017-12-01,2017-11-25,2017-12-07,1,high,flood_peak,WAL_UDA_20171201,3.2,WAL_UDA_2017-12-01
S001357,WAL_UDA,6.441,80.881,Walawe,2017-11-28,2017-11-22,2017-11-30,1,high,pre_event,WAL_UDA_20171201,3.2,WAL_UDA_2017-11-28
S001358,WAL_UDA,6.441,80.881,Walawe,2018-11-06,2018-10-31,2018-11-12,1,high,flood_peak,WAL_UDA_20181106,3.2,WAL_UDA_2018-11-06
S001359,WAL_UDA,6.441,80.881,Walawe,2018-11-03,2018-10-28,2018-11-05,1,high,pre_event,WAL_UDA_20181106,3.2,WAL_UDA_2018-11-03
S001360,WAL_UDA,6.441,80.881,Walawe,2018-11-19,2018-11-13,2018-11-25,1,high,flood_peak,WAL_UDA_20181119,3.2,WAL_UDA_2018-11-19
S001361,WAL_UDA,6.441,80.881,Walawe,2018-11-16,2018-11-10,2018-11-18,1,high,pre_event,WAL_UDA_20181119,3.2,WAL_UDA_2018-11-16
S001362,WAL_UDA,6.441,80.881,Walawe,2022-12-26,2022-12-20,2023-01-01,1,high,flood_peak,WAL_UDA_20221226,3.2,WAL_UDA_2022-12-26
S001363,WAL_UDA,6.441,80.881,Walawe,2022-12-23,2022-12-17,2022-12-25,1,high,pre_event,WAL_UDA_20221226,3.2,WAL_UDA_2022-12-23
S001364,WAL_UDA,6.441,80.881,Walawe,2023-10-26,2023-10-20,2023-11-01,1,high,flood_peak,WAL_UDA_20231025,3.2,WAL_UDA_2023-10-26
S001365,WAL_UDA,6.441,80.881,Walawe,2023-10-22,2023-10-16,2023-10-24,1,high,pre_event,WAL_UDA_20231025,3.2,WAL_UDA_2023-10-22
S001366,WAL_UDA,6.441,80.881,Walawe,2023-11-23,2023-11-17,2023-11-29,1,high,flood_peak,WAL_UDA_20231105,3.2,WAL_UDA_2023-11-23
S001367,WAL_UDA,6.441,80.881,Walawe,2023-11-02,2023-10-27,2023-11-04,1,high,pre_event,WAL_UDA_20231105,3.2,WAL_UDA_2023-11-02
S001368,WAL_UDA,6.441,80.881,Walawe,2023-11-30,2023-11-24,2023-12-06,1,high,flood_peak,WAL_UDA_20231129,3.2,WAL_UDA_2023-11-30
S001369,WAL_UDA,6.441,80.881,Walawe,2023-11-26,2023-11-20,2023-11-28,1,high,pre_event,WAL_UDA_20231129,3.2,WAL_UDA_2023-11-26
S001370,WAL_UDA,6.441,80.881,Walawe,2023-12-19,2023-12-13,2023-12-25,1,high,flood_peak,WAL_UDA_20231219,3.2,WAL_UDA_2023-12-19
S001371,WAL_UDA,6.441,80.881,Walawe,2023-12-16,2023-12-10,2023-12-18,1,high,pre_event,WAL_UDA_20231219,3.2,WAL_UDA_2023-12-16
S001372,WAL_UDA,6.441,80.881,Walawe,2024-01-08,2024-01-02,2024-01-14,1,high,flood_peak,WAL_UDA_20240108,3.2,WAL_UDA_2024-01-08
S001373,WAL_UDA,6.441,80.881,Walawe,2024-01-05,2023-12-30,2024-01-07,1,high,pre_event,WAL_UDA_20240108,3.2,WAL_UDA_2024-01-05
S001374,YAN_HOR,8.551,80.881,YanOya,2015-01-01,2014-12-26,2015-01-07,1,high,flood_peak,YAN_HOR_20141221,3.2,YAN_HOR_2015-01-01
S001375,YAN_HOR,8.551,80.881,YanOya,2014-12-29,2014-12-23,2014-12-31,1,high,pre_event,YAN_HOR_20141221,3.2,YAN_HOR_2014-12-29
S001376,YAN_HOR,8.551,80.881,YanOya,2015-11-16,2015-11-10,2015-11-22,1,high,flood_peak,YAN_HOR_20151114,3.2,YAN_HOR_2015-11-16
S001377,YAN_HOR,8.551,80.881,YanOya,2015-11-11,2015-11-05,2015-11-13,1,high,pre_event,YAN_HOR_20151114,3.2,YAN_HOR_2015-11-11
S001378,YAN_HOR,8.551,80.881,YanOya,2015-12-09,2015-12-03,2015-12-15,1,high,flood_peak,YAN_HOR_20151209,3.2,YAN_HOR_2015-12-09
S001379,YAN_HOR,8.551,80.881,YanOya,2015-12-06,2015-11-30,2015-12-08,1,high,pre_event,YAN_HOR_20151209,3.2,YAN_HOR_2015-12-06
S001380,YAN_HOR,8.551,80.881,YanOya,2017-12-04,2017-11-28,2017-12-10,1,high,flood_peak,YAN_HOR_20171204,3.2,YAN_HOR_2017-12-04
S001381,YAN_HOR,8.551,80.881,YanOya,2017-12-01,2017-11-25,2017-12-03,1,high,pre_event,YAN_HOR_20171204,3.2,YAN_HOR_2017-12-01
S001382,YAN_HOR,8.551,80.881,YanOya,2018-11-09,2018-11-03,2018-11-15,1,high,flood_peak,YAN_HOR_20181106,3.2,YAN_HOR_2018-11-09
S001383,YAN_HOR,8.551,80.881,YanOya,2018-11-03,2018-10-28,2018-11-05,1,high,pre_event,YAN_HOR_20181106,3.2,YAN_HOR_2018-11-03
S001384,YAN_HOR,8.551,80.881,YanOya,2020-12-24,2020-12-18,2020-12-30,1,high,flood_peak,YAN_HOR_20201223,3.2,YAN_HOR_2020-12-24
S001385,YAN_HOR,8.551,80.881,YanOya,2020-12-20,2020-12-14,2020-12-22,1,high,pre_event,YAN_HOR_20201223,3.2,YAN_HOR_2020-12-20
S001386,YAN_HOR,8.551,80.881,YanOya,2021-01-13,2021-01-07,2021-01-19,1,high,flood_peak,YAN_HOR_20210112,3.2,YAN_HOR_2021-01-13
S001387,YAN_HOR,8.551,80.881,YanOya,2021-01-09,2021-01-03,2021-01-11,1,high,pre_event,YAN_HOR_20210112,3.2,YAN_HOR_2021-01-09
S001388,YAN_HOR,8.551,80.881,YanOya,2021-01-30,2021-01-24,2021-02-05,1,high,flood_peak,YAN_HOR_20210130,3.2,YAN_HOR_2021-01-30
S001389,YAN_HOR,8.551,80.881,YanOya,2021-01-27,2021-01-21,2021-01-29,1,high,pre_event,YAN_HOR_20210130,3.2,YAN_HOR_2021-01-27
S001390,YAN_HOR,8.551,80.881,YanOya,2023-11-24,2023-11-18,2023-11-30,1,high,flood_peak,YAN_HOR_20231124,3.2,YAN_HOR_2023-11-24
S001391,YAN_HOR,8.551,80.881,YanOya,2023-11-21,2023-11-15,2023-11-23,1,high,pre_event,YAN_HOR_20231124,3.2,YAN_HOR_2023-11-21
S001392,YAN_HOR,8.551,80.881,YanOya,2023-12-03,2023-11-27,2023-12-09,1,high,flood_peak,YAN_HOR_20231203,3.2,YAN_HOR_2023-12-03
S001393,YAN_HOR,8.551,80.881,YanOya,2023-11-30,2023-11-24,2023-12-02,1,high,pre_event,YAN_HOR_20231203,3.2,YAN_HOR_2023-11-30
S001394,YAN_HOR,8.551,80.881,YanOya,2024-11-27,2024-11-21,2024-12-03,1,high,flood_peak,YAN_HOR_20241126,3.2,YAN_HOR_2024-11-27
S001395,YAN_HOR,8.551,80.881,YanOya,2024-11-23,2024-11-17,2024-11-25,1,high,pre_event,YAN_HOR_20241126,3.2,YAN_HOR_2024-11-23
S001396,YAN_HOR,8.551,80.881,YanOya,2024-12-19,2024-12-13,2024-12-25,1,high,flood_peak,YAN_HOR_20241218,3.2,YAN_HOR_2024-12-19
S001397,YAN_HOR,8.551,80.881,YanOya,2024-12-15,2024-12-09,2024-12-17,1,high,pre_event,YAN_HOR_20241218,3.2,YAN_HOR_2024-12-15
S001398,WAL_EMB,6.343,80.851,Walawe,2021-08-15,2021-08-09,2021-08-21,0,none,dry_negative,,3.2,WAL_EMB_2021-08-15
S001399,DED_CHI,7.576,79.797,DeduruOya,2024-02-07,2024-02-01,2024-02-13,0,none,dry_negative,,3.2,DED_CHI_2024-02-07
S001400,MAH_POL,7.94,81.001,Mahaweli,2019-07-11,2019-07-05,2019-07-17,0,none,dry_negative,,3.2,MAH_POL_2019-07-11
S001401,NIL_MAT,5.949,80.55,Nilwala,2022-02-07,2022-02-01,2022-02-13,0,none,dry_negative,,3.2,NIL_MAT_2022-02-07
S001402,ATT_JAE,7.074,79.892,AttanagaluOya,2023-03-09,2023-03-03,2023-03-15,0,none,dry_negative,,3.2,ATT_JAE_2023-03-09
S001403,WAL_AMB,6.121,81.021,Walawe,2016-07-22,2016-07-16,2016-07-28,0,none,dry_negative,,3.2,WAL_AMB_2016-07-22
S001404,KAL_KLT,6.583,79.96,Kalu,2016-11-09,2016-11-03,2016-11-15,0,none,dry_negative,,3.2,KAL_KLT_2016-11-09
S001405,MAH_KAN,7.291,80.635,Mahaweli,2016-09-05,2016-08-30,2016-09-11,0,none,dry_negative,,3.2,MAH_KAN_2016-09-05
S001406,ATT_GAM,7.092,79.994,AttanagaluOya,2018-09-20,2018-09-14,2018-09-26,0,none,dry_negative,,3.2,ATT_GAM_2018-09-20
S001407,COL_KOL,6.933,79.891,ColomboMetro,2023-02-09,2023-02-03,2023-02-15,0,none,dry_negative,,3.2,COL_KOL_2023-02-09
S001408,BAT_BAT,7.717,81.7,Batticaloa,2021-06-19,2021-06-13,2021-06-25,0,none,dry_negative,,3.2,BAT_BAT_2021-06-19
S001409,KAL_BUL,6.66,80.19,Kalu,2016-10-08,2016-10-02,2016-10-14,0,none,dry_negative,,3.2,KAL_BUL_2016-10-08
S001410,MAH_POL,7.94,81.001,Mahaweli,2019-03-09,2019-03-03,2019-03-15,0,none,dry_negative,,3.2,MAH_POL_2019-03-09
S001411,BAT_BAT,7.717,81.7,Batticaloa,2018-07-15,2018-07-09,2018-07-21,0,none,dry_negative,,3.2,BAT_BAT_2018-07-15
S001412,KEL_KIT,6.989,80.412,Kelani,2019-07-02,2019-06-26,2019-07-08,0,none,dry_negative,,3.2,KEL_KIT_2019-07-02
S001413,GAL_ING,7.2,81.5,GalOya,2022-08-16,2022-08-10,2022-08-22,0,none,dry_negative,,3.2,GAL_ING_2022-08-16
S001414,MAH_POL,7.94,81.001,Mahaweli,2020-06-05,2020-05-30,2020-06-11,0,none,dry_negative,,3.2,MAH_POL_2020-06-05
S001415,NIL_AKU,6.101,80.481,Nilwala,2016-01-15,2016-01-09,2016-01-21,0,none,dry_negative,,3.2,NIL_AKU_2016-01-15
S001416,ATT_NIT,7.141,80.098,AttanagaluOya,2018-04-22,2018-04-16,2018-04-28,0,none,dry_negative,,3.2,ATT_NIT_2018-04-22
S001417,GIN_BAD,6.171,80.19,Gin,2023-04-20,2023-04-14,2023-04-26,0,none,dry_negative,,3.2,GIN_BAD_2023-04-20
S001418,KAL_BUL,6.66,80.19,Kalu,2017-02-18,2017-02-12,2017-02-24,0,none,dry_negative,,3.2,KAL_BUL_2017-02-18
S001419,KEL_KAD,6.933,79.983,Kelani,2017-02-21,2017-02-15,2017-02-27,0,none,dry_negative,,3.2,KEL_KAD_2017-02-21
S001420,MAH_VIC,7.241,80.781,Mahaweli,2022-03-26,2022-03-20,2022-04-01,0,none,dry_negative,,3.2,MAH_VIC_2022-03-26
S001421,DED_CHI,7.576,79.797,DeduruOya,2022-01-24,2022-01-18,2022-01-30,0,none,dry_negative,,3.2,DED_CHI_2022-01-24
S001422,ATT_VEY,7.155,80.061,AttanagaluOya,2017-03-02,2017-02-24,2017-03-08,0,none,dry_negative,,3.2,ATT_VEY_2017-03-02
S001423,DED_WAR,7.621,80.231,DeduruOya,2019-05-30,2019-05-24,2019-06-05,0,none,dry_negative,,3.2,DED_WAR_2019-05-30
S001424,GIN_THA,6.331,80.331,Gin,2016-09-12,2016-09-06,2016-09-18,0,none,dry_negative,,3.2,GIN_THA_2016-09-12
S001425,NIL_AKU,6.101,80.481,Nilwala,2019-02-21,2019-02-15,2019-02-27,0,none,dry_negative,,3.2,NIL_AKU_2019-02-21
S001426,YAN_HOR,8.551,80.881,YanOya,2018-10-01,2018-09-25,2018-10-07,0,none,dry_negative,,3.2,YAN_HOR_2018-10-01
S001427,GAL_AMP,7.291,81.671,GalOya,2018-07-19,2018-07-13,2018-07-25,0,none,dry_negative,,3.2,GAL_AMP_2018-07-19
S001428,KEL_RUW,7.041,80.251,Kelani,2020-03-31,2020-03-25,2020-04-06,0,none,dry_negative,,3.2,KEL_RUW_2020-03-31
S001429,ATT_VEY,7.155,80.061,AttanagaluOya,2021-03-02,2021-02-24,2021-03-08,0,none,dry_negative,,3.2,ATT_VEY_2021-03-02
S001430,COL_KOT,6.888,79.901,ColomboMetro,2018-03-12,2018-03-06,2018-03-18,0,none,dry_negative,,3.2,COL_KOT_2018-03-12
S001431,NIL_URA,6.231,80.601,Nilwala,2019-04-09,2019-04-03,2019-04-15,0,none,dry_negative,,3.2,NIL_URA_2019-04-09
S001432,KLA_ELA,8.151,79.851,KalaOya,2020-10-13,2020-10-07,2020-10-19,0,none,dry_negative,,3.2,KLA_ELA_2020-10-13
S001433,KEL_COL,6.97,79.873,Kelani,2016-08-10,2016-08-04,2016-08-16,0,none,dry_negative,,3.2,KEL_COL_2016-08-10
S001434,GIN_NEL,6.423,80.293,Gin,2024-12-25,2024-12-19,2024-12-31,0,none,dry_negative,,3.2,GIN_NEL_2024-12-25
S001435,ATT_VEY,7.155,80.061,AttanagaluOya,2021-02-16,2021-02-10,2021-02-22,0,none,dry_negative,,3.2,ATT_VEY_2021-02-16
S001436,KEL_COL,6.97,79.873,Kelani,2020-02-22,2020-02-16,2020-02-28,0,none,dry_negative,,3.2,KEL_COL_2020-02-22
S001437,KEL_HAN,6.902,80.082,Kelani,2020-07-01,2020-06-25,2020-07-07,0,none,dry_negative,,3.2,KEL_HAN_2020-07-01
S001438,MHO_MOU,7.301,79.833,MahaOya,2018-09-22,2018-09-16,2018-09-28,0,none,dry_negative,,3.2,MHO_MOU_2018-09-22
S001439,ATT_JAE,7.074,79.892,AttanagaluOya,2020-08-27,2020-08-21,2020-09-02,0,none,dry_negative,,3.2,ATT_JAE_2020-08-27
S001440,KEL_KIT,6.989,80.412,Kelani,2019-08-03,2019-07-28,2019-08-09,0,none,dry_negative,,3.2,KEL_KIT_2019-08-03
S001441,KEL_AVI,6.954,80.211,Kelani,2016-07-20,2016-07-14,2016-07-26,0,none,dry_negative,,3.2,KEL_AVI_2016-07-20
S001442,KEL_COL,6.97,79.873,Kelani,2018-09-17,2018-09-11,2018-09-23,0,none,dry_negative,,3.2,KEL_COL_2018-09-17
S001443,DED_WAR,7.621,80.231,DeduruOya,2019-03-16,2019-03-10,2019-03-22,0,none,dry_negative,,3.2,DED_WAR_2019-03-16
S001444,MHO_GIR,7.331,80.121,MahaOya,2023-02-09,2023-02-03,2023-02-15,0,none,dry_negative,,3.2,MHO_GIR_2023-02-09
S001445,DED_KUR,7.487,80.362,DeduruOya,2019-07-08,2019-07-02,2019-07-14,0,none,dry_negative,,3.2,DED_KUR_2019-07-08
S001446,KAL_AGA,6.535,80.15,Kalu,2015-01-26,2015-01-20,2015-02-01,0,none,dry_negative,,3.2,KAL_AGA_2015-01-26
S001447,KEL_AVI,6.954,80.211,Kelani,2016-07-24,2016-07-18,2016-07-30,0,none,dry_negative,,3.2,KEL_AVI_2016-07-24
S001448,MAH_MAN,7.921,81.101,Mahaweli,2020-06-27,2020-06-21,2020-07-03,0,none,dry_negative,,3.2,MAH_MAN_2020-06-27
S001449,MHO_GIR,7.331,80.121,MahaOya,2022-04-22,2022-04-16,2022-04-28,0,none,dry_negative,,3.2,MHO_GIR_2022-04-22
S001450,GAL_AMP,7.291,81.671,GalOya,2019-04-01,2019-03-26,2019-04-07,0,none,dry_negative,,3.2,GAL_AMP_2019-04-01
S001451,BAT_VAL,7.921,81.531,Batticaloa,2017-05-07,2017-05-01,2017-05-13,0,none,dry_negative,,3.2,BAT_VAL_2017-05-07
S001452,MHO_MOU,7.301,79.833,MahaOya,2020-01-14,2020-01-08,2020-01-20,0,none,dry_negative,,3.2,MHO_MOU_2020-01-14
S001453,GIN_GAL,6.089,80.221,Gin,2017-03-05,2017-02-27,2017-03-11,0,none,dry_negative,,3.2,GIN_GAL_2017-03-05
S001454,GIN_NEL,6.423,80.293,Gin,2016-09-01,2016-08-26,2016-09-07,0,none,dry_negative,,3.2,GIN_NEL_2016-09-01
S001455,GAL_ING,7.2,81.5,GalOya,2019-03-21,2019-03-15,2019-03-27,0,none,dry_negative,,3.2,GAL_ING_2019-03-21
S001456,KAL_BAL,6.652,80.698,Kalu,2020-06-06,2020-05-31,2020-06-12,0,none,dry_negative,,3.2,KAL_BAL_2020-06-06
S001457,GIN_BAD,6.171,80.19,Gin,2024-07-22,2024-07-16,2024-07-28,0,none,dry_negative,,3.2,GIN_BAD_2024-07-22
S001458,MAH_NUW,6.949,80.782,Mahaweli,2018-02-01,2018-01-26,2018-02-07,0,none,dry_negative,,3.2,MAH_NUW_2018-02-01
S001459,MAH_KAN,7.291,80.635,Mahaweli,2021-03-01,2021-02-23,2021-03-07,0,none,dry_negative,,3.2,MAH_KAN_2021-03-01
S001460,GAL_ING,7.2,81.5,GalOya,2024-02-21,2024-02-15,2024-02-27,0,none,dry_negative,,3.2,GAL_ING_2024-02-21
S001461,WAL_UDA,6.441,80.881,Walawe,2022-10-07,2022-10-01,2022-10-13,0,none,dry_negative,,3.2,WAL_UDA_2022-10-07
S001462,WAL_EMB,6.343,80.851,Walawe,2020-09-16,2020-09-10,2020-09-22,0,none,dry_negative,,3.2,WAL_EMB_2020-09-16
S001463,NIL_URA,6.231,80.601,Nilwala,2017-07-04,2017-06-28,2017-07-10,0,none,dry_negative,,3.2,NIL_URA_2017-07-04
S001464,KAL_KLT,6.583,79.96,Kalu,2015-08-14,2015-08-08,2015-08-20,0,none,dry_negative,,3.2,KAL_KLT_2015-08-14
S001465,NIL_AKU,6.101,80.481,Nilwala,2019-03-19,2019-03-13,2019-03-25,0,none,dry_negative,,3.2,NIL_AKU_2019-03-19
S001466,GIN_BAD,6.171,80.19,Gin,2016-03-11,2016-03-05,2016-03-17,0,none,dry_negative,,3.2,GIN_BAD_2016-03-11
S001467,MAH_MAN,7.921,81.101,Mahaweli,2016-07-24,2016-07-18,2016-07-30,0,none,dry_negative,,3.2,MAH_MAN_2016-07-24
S001468,WAL_UDA,6.441,80.881,Walawe,2017-01-17,2017-01-11,2017-01-23,0,none,dry_negative,,3.2,WAL_UDA_2017-01-17
S001469,NIL_URA,6.231,80.601,Nilwala,2020-06-13,2020-06-07,2020-06-19,0,none,dry_negative,,3.2,NIL_URA_2020-06-13
S001470,MHO_MOU,7.301,79.833,MahaOya,2016-03-04,2016-02-27,2016-03-10,0,none,dry_negative,,3.2,MHO_MOU_2016-03-04
S001471,KEL_AVI,6.954,80.211,Kelani,2017-03-25,2017-03-19,2017-03-31,0,none,dry_negative,,3.2,KEL_AVI_2017-03-25
S001472,NIL_MAT,5.949,80.55,Nilwala,2020-12-10,2020-12-04,2020-12-16,0,none,dry_negative,,3.2,NIL_MAT_2020-12-10
S001473,WAL_EMB,6.343,80.851,Walawe,2020-08-14,2020-08-08,2020-08-20,0,none,dry_negative,,3.2,WAL_EMB_2020-08-14
S001474,KAL_RAT,6.683,80.4,Kalu,2022-09-26,2022-09-20,2022-10-02,0,none,dry_negative,,3.2,KAL_RAT_2022-09-26
S001475,NIL_MAT,5.949,80.55,Nilwala,2016-03-10,2016-03-04,2016-03-16,0,none,dry_negative,,3.2,NIL_MAT_2016-03-10
S001476,KAL_RAT,6.683,80.4,Kalu,2021-06-25,2021-06-19,2021-07-01,0,none,dry_negative,,3.2,KAL_RAT_2021-06-25
S001477,GAL_AMP,7.291,81.671,GalOya,2020-07-10,2020-07-04,2020-07-16,0,none,dry_negative,,3.2,GAL_AMP_2020-07-10
S001478,KEL_UP,6.831,80.616,Kelani,2023-08-02,2023-07-27,2023-08-08,0,none,dry_negative,,3.2,KEL_UP_2023-08-02
S001479,DED_KUR,7.487,80.362,DeduruOya,2020-05-20,2020-05-14,2020-05-26,0,none,dry_negative,,3.2,DED_KUR_2020-05-20
S001480,ATT_NIT,7.141,80.098,AttanagaluOya,2019-08-03,2019-07-28,2019-08-09,0,none,dry_negative,,3.2,ATT_NIT_2019-08-03
S001481,MAH_VIC,7.241,80.781,Mahaweli,2018-07-27,2018-07-21,2018-08-02,0,none,dry_negative,,3.2,MAH_VIC_2018-07-27
S001482,ATT_GAM,7.092,79.994,AttanagaluOya,2017-03-09,2017-03-03,2017-03-15,0,none,dry_negative,,3.2,ATT_GAM_2017-03-09
S001483,MAH_KAN,7.291,80.635,Mahaweli,2022-03-19,2022-03-13,2022-03-25,0,none,dry_negative,,3.2,MAH_KAN_2022-03-19
S001484,GIN_BAD,6.171,80.19,Gin,2018-02-17,2018-02-11,2018-02-23,0,none,dry_negative,,3.2,GIN_BAD_2018-02-17
S001485,DED_WAR,7.621,80.231,DeduruOya,2023-07-02,2023-06-26,2023-07-08,0,none,dry_negative,,3.2,DED_WAR_2023-07-02
S001486,GIN_BAD,6.171,80.19,Gin,2023-02-22,2023-02-16,2023-02-28,0,none,dry_negative,,3.2,GIN_BAD_2023-02-22
S001487,YAN_HOR,8.551,80.881,YanOya,2022-10-30,2022-10-24,2022-11-05,0,none,dry_negative,,3.2,YAN_HOR_2022-10-30
S001488,KEL_HAN,6.902,80.082,Kelani,2023-03-25,2023-03-19,2023-03-31,0,none,dry_negative,,3.2,KEL_HAN_2023-03-25
S001489,KAL_BAL,6.652,80.698,Kalu,2021-03-20,2021-03-14,2021-03-26,0,none,dry_negative,,3.2,KAL_BAL_2021-03-20
S001490,YAN_HOR,8.551,80.881,YanOya,2018-09-18,2018-09-12,2018-09-24,0,none,dry_negative,,3.2,YAN_HOR_2018-09-18
S001491,MAH_MHY,7.331,81.001,Mahaweli,2024-10-04,2024-09-28,2024-10-10,0,none,dry_negative,,3.2,MAH_MHY_2024-10-04
S001492,KAL_BAL,6.652,80.698,Kalu,2023-06-28,2023-06-22,2023-07-04,0,none,dry_negative,,3.2,KAL_BAL_2023-06-28
S001493,MAH_VIC,7.241,80.781,Mahaweli,2022-03-02,2022-02-24,2022-03-08,0,none,dry_negative,,3.2,MAH_VIC_2022-03-02
S001494,ATT_VEY,7.155,80.061,AttanagaluOya,2020-03-09,2020-03-03,2020-03-15,0,none,dry_negative,,3.2,ATT_VEY_2020-03-09
S001495,KAL_AGA,6.535,80.15,Kalu,2024-09-23,2024-09-17,2024-09-29,0,none,dry_negative,,3.2,KAL_AGA_2024-09-23
S001496,NIL_PIT,6.3,80.552,Nilwala,2020-09-28,2020-09-22,2020-10-04,0,none,dry_negative,,3.2,NIL_PIT_2020-09-28
S001497,NIL_AKU,6.101,80.481,Nilwala,2022-03-07,2022-03-01,2022-03-13,0,none,dry_negative,,3.2,NIL_AKU_2022-03-07
S001498,BAT_VAL,7.921,81.531,Batticaloa,2021-07-17,2021-07-11,2021-07-23,0,none,dry_negative,,3.2,BAT_VAL_2021-07-17
S001499,NIL_MAT,5.949,80.55,Nilwala,2016-04-26,2016-04-20,2016-05-02,0,none,dry_negative,,3.2,NIL_MAT_2016-04-26
S001500,MAL_MAN,8.951,79.951,MalwathuOya,2017-05-06,2017-04-30,2017-05-12,0,none,dry_negative,,3.2,MAL_MAN_2017-05-06
S001501,MAH_NUW,6.949,80.782,Mahaweli,2019-05-16,2019-05-10,2019-05-22,0,none,dry_negative,,3.2,MAH_NUW_2019-05-16
S001502,ATT_GAM,7.092,79.994,AttanagaluOya,2018-04-06,2018-03-31,2018-04-12,0,none,dry_negative,,3.2,ATT_GAM_2018-04-06
S001503,MAH_POL,7.94,81.001,Mahaweli,2015-07-27,2015-07-21,2015-08-02,0,none,dry_negative,,3.2,MAH_POL_2015-07-27
S001504,KEL_KAD,6.933,79.983,Kelani,2023-07-18,2023-07-12,2023-07-24,0,none,dry_negative,,3.2,KEL_KAD_2023-07-18
S001505,DED_KUR,7.487,80.362,DeduruOya,2017-10-03,2017-09-27,2017-10-09,0,none,dry_negative,,3.2,DED_KUR_2017-10-03
S001506,KEL_AVI,6.954,80.211,Kelani,2016-02-23,2016-02-17,2016-02-29,0,none,dry_negative,,3.2,KEL_AVI_2016-02-23
S001507,WAL_AMB,6.121,81.021,Walawe,2021-09-11,2021-09-05,2021-09-17,0,none,dry_negative,,3.2,WAL_AMB_2021-09-11
S001508,KEL_COL,6.97,79.873,Kelani,2018-07-25,2018-07-19,2018-07-31,0,none,dry_negative,,3.2,KEL_COL_2018-07-25
S001509,COL_KOL,6.933,79.891,ColomboMetro,2022-01-02,2021-12-27,2022-01-08,0,none,dry_negative,,3.2,COL_KOL_2022-01-02
S001510,GIN_NEL,6.423,80.293,Gin,2020-01-20,2020-01-14,2020-01-26,0,none,dry_negative,,3.2,GIN_NEL_2020-01-20
S001511,KEL_UP,6.831,80.616,Kelani,2015-03-21,2015-03-15,2015-03-27,0,none,dry_negative,,3.2,KEL_UP_2015-03-21
S001512,KAL_BUL,6.66,80.19,Kalu,2016-08-22,2016-08-16,2016-08-28,0,none,dry_negative,,3.2,KAL_BUL_2016-08-22
S001513,KEL_UP,6.831,80.616,Kelani,2021-02-18,2021-02-12,2021-02-24,0,none,dry_negative,,3.2,KEL_UP_2021-02-18
S001514,KAL_BUL,6.66,80.19,Kalu,2017-07-21,2017-07-15,2017-07-27,0,none,dry_negative,,3.2,KAL_BUL_2017-07-21
S001515,KEL_HAN,6.902,80.082,Kelani,2017-10-07,2017-10-01,2017-10-13,0,none,dry_negative,,3.2,KEL_HAN_2017-10-07
S001516,DED_KUR,7.487,80.362,DeduruOya,2020-03-06,2020-02-29,2020-03-12,0,none,dry_negative,,3.2,DED_KUR_2020-03-06
S001517,KLA_ELA,8.151,79.851,KalaOya,2020-09-15,2020-09-09,2020-09-21,0,none,dry_negative,,3.2,KLA_ELA_2020-09-15
S001518,WAL_EMB,6.343,80.851,Walawe,2019-02-25,2019-02-19,2019-03-03,0,none,dry_negative,,3.2,WAL_EMB_2019-02-25
S001519,NIL_URA,6.231,80.601,Nilwala,2024-02-19,2024-02-13,2024-02-25,0,none,dry_negative,,3.2,NIL_URA_2024-02-19
S001520,GAL_AMP,7.291,81.671,GalOya,2019-05-16,2019-05-10,2019-05-22,0,none,dry_negative,,3.2,GAL_AMP_2019-05-16
S001521,KEL_RUW,7.041,80.251,Kelani,2018-09-17,2018-09-11,2018-09-23,0,none,dry_negative,,3.2,KEL_RUW_2018-09-17
S001522,NIL_URA,6.231,80.601,Nilwala,2021-03-21,2021-03-15,2021-03-27,0,none,dry_negative,,3.2,NIL_URA_2021-03-21
S001523,COL_KOL,6.933,79.891,ColomboMetro,2020-07-24,2020-07-18,2020-07-30,0,none,dry_negative,,3.2,COL_KOL_2020-07-24
S001524,DED_KUR,7.487,80.362,DeduruOya,2016-03-23,2016-03-17,2016-03-29,0,none,dry_negative,,3.2,DED_KUR_2016-03-23
S001525,BAT_VAL,7.921,81.531,Batticaloa,2017-08-16,2017-08-10,2017-08-22,0,none,dry_negative,,3.2,BAT_VAL_2017-08-16
S001526,BAT_ERA,7.771,81.601,Batticaloa,2016-04-26,2016-04-20,2016-05-02,0,none,dry_negative,,3.2,BAT_ERA_2016-04-26
S001527,WAL_EMB,6.343,80.851,Walawe,2024-02-28,2024-02-22,2024-03-05,0,none,dry_negative,,3.2,WAL_EMB_2024-02-28
S001528,MAH_MAN,7.921,81.101,Mahaweli,2024-05-06,2024-04-30,2024-05-12,0,none,dry_negative,,3.2,MAH_MAN_2024-05-06
S001529,KEL_UP,6.831,80.616,Kelani,2022-04-04,2022-03-29,2022-04-10,0,none,dry_negative,,3.2,KEL_UP_2022-04-04
S001530,MAH_NUW,6.949,80.782,Mahaweli,2020-08-29,2020-08-23,2020-09-04,0,none,dry_negative,,3.2,MAH_NUW_2020-08-29
S001531,KEL_UP,6.831,80.616,Kelani,2017-07-09,2017-07-03,2017-07-15,0,none,dry_negative,,3.2,KEL_UP_2017-07-09
S001532,KEL_HAN,6.902,80.082,Kelani,2018-08-05,2018-07-30,2018-08-11,0,none,dry_negative,,3.2,KEL_HAN_2018-08-05
S001533,DED_WAR,7.621,80.231,DeduruOya,2022-02-11,2022-02-05,2022-02-17,0,none,dry_negative,,3.2,DED_WAR_2022-02-11
S001534,KEL_HAN,6.902,80.082,Kelani,2019-06-27,2019-06-21,2019-07-03,0,none,dry_negative,,3.2,KEL_HAN_2019-06-27
S001535,BAT_BAT,7.717,81.7,Batticaloa,2015-04-22,2015-04-16,2015-04-28,0,none,dry_negative,,3.2,BAT_BAT_2015-04-22
S001536,ATT_JAE,7.074,79.892,AttanagaluOya,2015-09-01,2015-08-26,2015-09-07,0,none,dry_negative,,3.2,ATT_JAE_2015-09-01
S001537,KAL_BAL,6.652,80.698,Kalu,2023-07-31,2023-07-25,2023-08-06,0,none,dry_negative,,3.2,KAL_BAL_2023-07-31
S001538,DED_CHI,7.576,79.797,DeduruOya,2022-07-22,2022-07-16,2022-07-28,0,none,dry_negative,,3.2,DED_CHI_2022-07-22
S001539,BAT_ERA,7.771,81.601,Batticaloa,2021-04-12,2021-04-06,2021-04-18,0,none,dry_negative,,3.2,BAT_ERA_2021-04-12
S001540,KEL_KAD,6.933,79.983,Kelani,2023-06-04,2023-05-29,2023-06-10,0,none,dry_negative,,3.2,KEL_KAD_2023-06-04
S001541,GAL_ING,7.2,81.5,GalOya,2019-02-27,2019-02-21,2019-03-05,0,none,dry_negative,,3.2,GAL_ING_2019-02-27
S001542,KEL_UP,6.831,80.616,Kelani,2023-04-21,2023-04-15,2023-04-27,0,none,dry_negative,,3.2,KEL_UP_2023-04-21
S001543,NIL_MAT,5.949,80.55,Nilwala,2019-07-27,2019-07-21,2019-08-02,0,none,dry_negative,,3.2,NIL_MAT_2019-07-27
S001544,KIR_TIS,6.281,81.281,KirindiOya,2019-07-26,2019-07-20,2019-08-01,0,none,dry_negative,,3.2,KIR_TIS_2019-07-26
S001545,MAH_PER,7.271,80.598,Mahaweli,2019-03-10,2019-03-04,2019-03-16,0,none,dry_negative,,3.2,MAH_PER_2019-03-10
S001546,GIN_NEL,6.423,80.293,Gin,2022-10-14,2022-10-08,2022-10-20,0,none,dry_negative,,3.2,GIN_NEL_2022-10-14
S001547,KAL_KLT,6.583,79.96,Kalu,2017-08-07,2017-08-01,2017-08-13,0,none,dry_negative,,3.2,KAL_KLT_2017-08-07
S001548,DED_WAR,7.621,80.231,DeduruOya,2019-01-14,2019-01-08,2019-01-20,0,none,dry_negative,,3.2,DED_WAR_2019-01-14
S001549,KAL_AGA,6.535,80.15,Kalu,2023-06-05,2023-05-30,2023-06-11,0,none,dry_negative,,3.2,KAL_AGA_2023-06-05
S001550,MHO_MOU,7.301,79.833,MahaOya,2022-02-09,2022-02-03,2022-02-15,0,none,dry_negative,,3.2,MHO_MOU_2022-02-09
S001551,COL_KOL,6.933,79.891,ColomboMetro,2022-01-17,2022-01-11,2022-01-23,0,none,dry_negative,,3.2,COL_KOL_2022-01-17
S001552,COL_KOT,6.888,79.901,ColomboMetro,2015-01-23,2015-01-17,2015-01-29,0,none,dry_negative,,3.2,COL_KOT_2015-01-23
S001553,NIL_AKU,6.101,80.481,Nilwala,2023-06-01,2023-05-26,2023-06-07,0,none,dry_negative,,3.2,NIL_AKU_2023-06-01
S001554,KAL_BUL,6.66,80.19,Kalu,2022-03-09,2022-03-03,2022-03-15,0,none,dry_negative,,3.2,KAL_BUL_2022-03-09
S001555,DED_KUR,7.487,80.362,DeduruOya,2017-01-01,2016-12-26,2017-01-07,0,none,dry_negative,,3.2,DED_KUR_2017-01-01
S001556,MAL_ANU,8.351,80.401,MalwathuOya,2018-09-14,2018-09-08,2018-09-20,0,none,dry_negative,,3.2,MAL_ANU_2018-09-14
S001557,MAH_KAN,7.291,80.635,Mahaweli,2018-03-29,2018-03-23,2018-04-04,0,none,dry_negative,,3.2,MAH_KAN_2018-03-29
S001558,MAH_VIC,7.241,80.781,Mahaweli,2017-06-07,2017-06-01,2017-06-13,0,none,dry_negative,,3.2,MAH_VIC_2017-06-07
S001559,WAL_EMB,6.343,80.851,Walawe,2019-06-30,2019-06-24,2019-07-06,0,none,dry_negative,,3.2,WAL_EMB_2019-06-30
S001560,WAL_AMB,6.121,81.021,Walawe,2022-01-30,2022-01-24,2022-02-05,0,none,dry_negative,,3.2,WAL_AMB_2022-01-30
S001561,KAL_BAL,6.652,80.698,Kalu,2015-06-04,2015-05-29,2015-06-10,0,none,dry_negative,,3.2,KAL_BAL_2015-06-04
S001562,COL_KOT,6.888,79.901,ColomboMetro,2024-02-03,2024-01-28,2024-02-09,0,none,dry_negative,,3.2,COL_KOT_2024-02-03
S001563,BAT_BAT,7.717,81.7,Batticaloa,2015-09-05,2015-08-30,2015-09-11,0,none,dry_negative,,3.2,BAT_BAT_2015-09-05
S001564,MAH_MHY,7.331,81.001,Mahaweli,2022-03-29,2022-03-23,2022-04-04,0,none,dry_negative,,3.2,MAH_MHY_2022-03-29
S001565,MHO_GIR,7.331,80.121,MahaOya,2018-03-25,2018-03-19,2018-03-31,0,none,dry_negative,,3.2,MHO_GIR_2018-03-25
S001566,KAL_RAT,6.683,80.4,Kalu,2016-09-04,2016-08-29,2016-09-10,0,none,dry_negative,,3.2,KAL_RAT_2016-09-04
S001567,BAT_VAL,7.921,81.531,Batticaloa,2020-06-16,2020-06-10,2020-06-22,0,none,dry_negative,,3.2,BAT_VAL_2020-06-16
S001568,NIL_AKU,6.101,80.481,Nilwala,2023-06-08,2023-06-02,2023-06-14,0,none,dry_negative,,3.2,NIL_AKU_2023-06-08
S001569,GIN_GAL,6.089,80.221,Gin,2016-01-06,2015-12-31,2016-01-12,0,none,dry_negative,,3.2,GIN_GAL_2016-01-06
S001570,GIN_NEL,6.423,80.293,Gin,2020-06-13,2020-06-07,2020-06-19,0,none,dry_negative,,3.2,GIN_NEL_2020-06-13
S001571,KEL_AVI,6.954,80.211,Kelani,2022-07-18,2022-07-12,2022-07-24,0,none,dry_negative,,3.2,KEL_AVI_2022-07-18
S001572,ATT_NIT,7.141,80.098,AttanagaluOya,2016-04-21,2016-04-15,2016-04-27,0,none,dry_negative,,3.2,ATT_NIT_2016-04-21
S001573,GIN_NEL,6.423,80.293,Gin,2017-01-19,2017-01-13,2017-01-25,0,none,dry_negative,,3.2,GIN_NEL_2017-01-19
S001574,ATT_NIT,7.141,80.098,AttanagaluOya,2016-03-21,2016-03-15,2016-03-27,0,none,dry_negative,,3.2,ATT_NIT_2016-03-21
S001575,KAL_BUL,6.66,80.19,Kalu,2020-10-27,2020-10-21,2020-11-02,0,none,dry_negative,,3.2,KAL_BUL_2020-10-27
S001576,KEL_RUW,7.041,80.251,Kelani,2022-02-08,2022-02-02,2022-02-14,0,none,dry_negative,,3.2,KEL_RUW_2022-02-08
S001577,DED_CHI,7.576,79.797,DeduruOya,2023-08-24,2023-08-18,2023-08-30,0,none,dry_negative,,3.2,DED_CHI_2023-08-24
S001578,BAT_VAL,7.921,81.531,Batticaloa,2018-04-28,2018-04-22,2018-05-04,0,none,dry_negative,,3.2,BAT_VAL_2018-04-28
S001579,GIN_GAL,6.089,80.221,Gin,2017-08-05,2017-07-30,2017-08-11,0,none,dry_negative,,3.2,GIN_GAL_2017-08-05
S001580,YAN_HOR,8.551,80.881,YanOya,2023-08-20,2023-08-14,2023-08-26,0,none,dry_negative,,3.2,YAN_HOR_2023-08-20
S001581,KIR_TIS,6.281,81.281,KirindiOya,2018-03-23,2018-03-17,2018-03-29,0,none,dry_negative,,3.2,KIR_TIS_2018-03-23
S001582,MAL_ANU,8.351,80.401,MalwathuOya,2019-03-30,2019-03-24,2019-04-05,0,none,dry_negative,,3.2,MAL_ANU_2019-03-30
S001583,MAH_KAN,7.291,80.635,Mahaweli,2023-08-02,2023-07-27,2023-08-08,0,none,dry_negative,,3.2,MAH_KAN_2023-08-02
S001584,KEL_COL,6.97,79.873,Kelani,2016-09-11,2016-09-05,2016-09-17,0,none,dry_negative,,3.2,KEL_COL_2016-09-11
S001585,MAH_POL,7.94,81.001,Mahaweli,2020-07-05,2020-06-29,2020-07-11,0,none,dry_negative,,3.2,MAH_POL_2020-07-05
S001586,ATT_NIT,7.141,80.098,AttanagaluOya,2017-03-09,2017-03-03,2017-03-15,0,none,dry_negative,,3.2,ATT_NIT_2017-03-09
S001587,COL_KOL,6.933,79.891,ColomboMetro,2019-03-29,2019-03-23,2019-04-04,0,none,dry_negative,,3.2,COL_KOL_2019-03-29
S001588,MAH_MAN,7.921,81.101,Mahaweli,2019-07-17,2019-07-11,2019-07-23,0,none,dry_negative,,3.2,MAH_MAN_2019-07-17
S001589,KEL_COL,6.97,79.873,Kelani,2020-12-06,2020-11-30,2020-12-12,0,none,dry_negative,,3.2,KEL_COL_2020-12-06
S001590,MAH_MHY,7.331,81.001,Mahaweli,2018-04-04,2018-03-29,2018-04-10,0,none,dry_negative,,3.2,MAH_MHY_2018-04-04
S001591,GAL_ING,7.2,81.5,GalOya,2019-04-15,2019-04-09,2019-04-21,0,none,dry_negative,,3.2,GAL_ING_2019-04-15
S001592,KEL_AVI,6.954,80.211,Kelani,2016-10-18,2016-10-12,2016-10-24,0,none,dry_negative,,3.2,KEL_AVI_2016-10-18
S001593,DED_WAR,7.621,80.231,DeduruOya,2017-04-10,2017-04-04,2017-04-16,0,none,dry_negative,,3.2,DED_WAR_2017-04-10
S001594,KEL_KAD,6.933,79.983,Kelani,2020-06-13,2020-06-07,2020-06-19,0,none,dry_negative,,3.2,KEL_KAD_2020-06-13
S001595,KEL_UP,6.831,80.616,Kelani,2021-08-24,2021-08-18,2021-08-30,0,none,dry_negative,,3.2,KEL_UP_2021-08-24
S001596,MAH_KAN,7.291,80.635,Mahaweli,2015-07-31,2015-07-25,2015-08-06,0,none,dry_negative,,3.2,MAH_KAN_2015-07-31
S001597,NIL_MAT,5.949,80.55,Nilwala,2016-03-09,2016-03-03,2016-03-15,0,none,dry_negative,,3.2,NIL_MAT_2016-03-09
S001598,MAH_KAN,7.291,80.635,Mahaweli,2022-04-02,2022-03-27,2022-04-08,0,none,dry_negative,,3.2,MAH_KAN_2022-04-02
S001599,GIN_NEL,6.423,80.293,Gin,2015-06-23,2015-06-17,2015-06-29,0,none,dry_negative,,3.2,GIN_NEL_2015-06-23
S001600,WAL_UDA,6.441,80.881,Walawe,2016-12-21,2016-12-15,2016-12-27,0,none,dry_negative,,3.2,WAL_UDA_2016-12-21
S001601,NIL_PIT,6.3,80.552,Nilwala,2017-04-25,2017-04-19,2017-05-01,0,none,dry_negative,,3.2,NIL_PIT_2017-04-25
S001602,KAL_RAT,6.683,80.4,Kalu,2023-08-22,2023-08-16,2023-08-28,0,none,dry_negative,,3.2,KAL_RAT_2023-08-22
S001603,WAL_EMB,6.343,80.851,Walawe,2017-10-03,2017-09-27,2017-10-09,0,none,dry_negative,,3.2,WAL_EMB_2017-10-03
S001604,BAT_BAT,7.717,81.7,Batticaloa,2015-06-20,2015-06-14,2015-06-26,0,none,dry_negative,,3.2,BAT_BAT_2015-06-20
S001605,MAH_NUW,6.949,80.782,Mahaweli,2019-01-13,2019-01-07,2019-01-19,0,none,dry_negative,,3.2,MAH_NUW_2019-01-13
S001606,COL_KOT,6.888,79.901,ColomboMetro,2015-02-09,2015-02-03,2015-02-15,0,none,dry_negative,,3.2,COL_KOT_2015-02-09
S001607,MAL_MAN,8.951,79.951,MalwathuOya,2017-10-13,2017-10-07,2017-10-19,0,none,dry_negative,,3.2,MAL_MAN_2017-10-13
S001608,KAL_AGA,6.535,80.15,Kalu,2020-03-04,2020-02-27,2020-03-10,0,none,dry_negative,,3.2,KAL_AGA_2020-03-04
S001609,MHO_GIR,7.331,80.121,MahaOya,2018-02-19,2018-02-13,2018-02-25,0,none,dry_negative,,3.2,MHO_GIR_2018-02-19
S001610,KEL_KAD,6.933,79.983,Kelani,2021-12-23,2021-12-17,2021-12-29,0,none,dry_negative,,3.2,KEL_KAD_2021-12-23
S001611,DED_WAR,7.621,80.231,DeduruOya,2019-05-13,2019-05-07,2019-05-19,0,none,dry_negative,,3.2,DED_WAR_2019-05-13
S001612,DED_KUR,7.487,80.362,DeduruOya,2017-03-22,2017-03-16,2017-03-28,0,none,dry_negative,,3.2,DED_KUR_2017-03-22
S001613,GIN_THA,6.331,80.331,Gin,2024-07-13,2024-07-07,2024-07-19,0,none,dry_negative,,3.2,GIN_THA_2024-07-13
S001614,KEL_KIT,6.989,80.412,Kelani,2021-08-15,2021-08-09,2021-08-21,0,none,dry_negative,,3.2,KEL_KIT_2021-08-15
S001615,MAH_VIC,7.241,80.781,Mahaweli,2023-04-21,2023-04-15,2023-04-27,0,none,dry_negative,,3.2,MAH_VIC_2023-04-21
S001616,COL_KOT,6.888,79.901,ColomboMetro,2017-07-22,2017-07-16,2017-07-28,0,none,dry_negative,,3.2,COL_KOT_2017-07-22
S001617,MHO_MOU,7.301,79.833,MahaOya,2020-06-24,2020-06-18,2020-06-30,0,none,dry_negative,,3.2,MHO_MOU_2020-06-24
S001618,DED_WAR,7.621,80.231,DeduruOya,2015-03-26,2015-03-20,2015-04-01,0,none,dry_negative,,3.2,DED_WAR_2015-03-26
S001619,MAH_VIC,7.241,80.781,Mahaweli,2021-07-01,2021-06-25,2021-07-07,0,none,dry_negative,,3.2,MAH_VIC_2021-07-01
S001620,KEL_COL,6.97,79.873,Kelani,2021-08-20,2021-08-14,2021-08-26,0,none,dry_negative,,3.2,KEL_COL_2021-08-20
S001621,NIL_URA,6.231,80.601,Nilwala,2017-08-19,2017-08-13,2017-08-25,0,none,dry_negative,,3.2,NIL_URA_2017-08-19
S001622,GIN_THA,6.331,80.331,Gin,2019-02-02,2019-01-27,2019-02-08,0,none,dry_negative,,3.2,GIN_THA_2019-02-02
S001623,ATT_JAE,7.074,79.892,AttanagaluOya,2018-09-20,2018-09-14,2018-09-26,0,none,dry_negative,,3.2,ATT_JAE_2018-09-20
S001624,ATT_JAE,7.074,79.892,AttanagaluOya,2015-02-22,2015-02-16,2015-02-28,0,none,dry_negative,,3.2,ATT_JAE_2015-02-22
S001625,GIN_GAL,6.089,80.221,Gin,2023-08-25,2023-08-19,2023-08-31,0,none,dry_negative,,3.2,GIN_GAL_2023-08-25
S001626,COL_KOL,6.933,79.891,ColomboMetro,2021-10-18,2021-10-12,2021-10-24,0,none,dry_negative,,3.2,COL_KOL_2021-10-18
S001627,MAH_NUW,6.949,80.782,Mahaweli,2016-09-27,2016-09-21,2016-10-03,0,none,dry_negative,,3.2,MAH_NUW_2016-09-27
S001628,MAL_ANU,8.351,80.401,MalwathuOya,2019-06-05,2019-05-30,2019-06-11,0,none,dry_negative,,3.2,MAL_ANU_2019-06-05
S001629,KLA_ELA,8.151,79.851,KalaOya,2019-09-30,2019-09-24,2019-10-06,0,none,dry_negative,,3.2,KLA_ELA_2019-09-30
S001630,KEL_KIT,6.989,80.412,Kelani,2019-04-22,2019-04-16,2019-04-28,0,none,dry_negative,,3.2,KEL_KIT_2019-04-22
S001631,COL_KOT,6.888,79.901,ColomboMetro,2020-02-11,2020-02-05,2020-02-17,0,none,dry_negative,,3.2,COL_KOT_2020-02-11
S001632,KEL_COL,6.97,79.873,Kelani,2017-05-13,2017-05-07,2017-05-19,0,none,dry_negative,,3.2,KEL_COL_2017-05-13
S001633,GAL_ING,7.2,81.5,GalOya,2019-05-23,2019-05-17,2019-05-29,0,none,dry_negative,,3.2,GAL_ING_2019-05-23
S001634,NIL_PIT,6.3,80.552,Nilwala,2020-05-04,2020-04-28,2020-05-10,0,none,dry_negative,,3.2,NIL_PIT_2020-05-04
S001635,GIN_BAD,6.171,80.19,Gin,2024-03-13,2024-03-07,2024-03-19,0,none,dry_negative,,3.2,GIN_BAD_2024-03-13
S001636,KAL_AGA,6.535,80.15,Kalu,2020-10-10,2020-10-04,2020-10-16,0,none,dry_negative,,3.2,KAL_AGA_2020-10-10
S001637,COL_KOT,6.888,79.901,ColomboMetro,2017-02-09,2017-02-03,2017-02-15,0,none,dry_negative,,3.2,COL_KOT_2017-02-09
S001638,KEL_UP,6.831,80.616,Kelani,2016-10-15,2016-10-09,2016-10-21,0,none,dry_negative,,3.2,KEL_UP_2016-10-15
S001639,MAL_MAN,8.951,79.951,MalwathuOya,2020-07-06,2020-06-30,2020-07-12,0,none,dry_negative,,3.2,MAL_MAN_2020-07-06
S001640,KEL_KIT,6.989,80.412,Kelani,2016-07-09,2016-07-03,2016-07-15,0,none,dry_negative,,3.2,KEL_KIT_2016-07-09
S001641,MAH_MHY,7.331,81.001,Mahaweli,2018-09-22,2018-09-16,2018-09-28,0,none,dry_negative,,3.2,MAH_MHY_2018-09-22
S001642,WAL_EMB,6.343,80.851,Walawe,2021-06-30,2021-06-24,2021-07-06,0,none,dry_negative,,3.2,WAL_EMB_2021-06-30
S001643,MAH_KAN,7.291,80.635,Mahaweli,2015-07-28,2015-07-22,2015-08-03,0,none,dry_negative,,3.2,MAH_KAN_2015-07-28
S001644,WAL_UDA,6.441,80.881,Walawe,2016-07-17,2016-07-11,2016-07-23,0,none,dry_negative,,3.2,WAL_UDA_2016-07-17
S001645,MAH_MHY,7.331,81.001,Mahaweli,2020-02-06,2020-01-31,2020-02-12,0,none,dry_negative,,3.2,MAH_MHY_2020-02-06
S001646,MAL_MAN,8.951,79.951,MalwathuOya,2017-08-07,2017-08-01,2017-08-13,0,none,dry_negative,,3.2,MAL_MAN_2017-08-07
S001647,KEL_AVI,6.954,80.211,Kelani,2019-06-03,2019-05-28,2019-06-09,0,none,dry_negative,,3.2,KEL_AVI_2019-06-03
S001648,MAH_MAN,7.921,81.101,Mahaweli,2018-04-09,2018-04-03,2018-04-15,0,none,dry_negative,,3.2,MAH_MAN_2018-04-09
S001649,KAL_BUL,6.66,80.19,Kalu,2017-08-12,2017-08-06,2017-08-18,0,none,dry_negative,,3.2,KAL_BUL_2017-08-12
S001650,KAL_BAL,6.652,80.698,Kalu,2020-07-01,2020-06-25,2020-07-07,0,none,dry_negative,,3.2,KAL_BAL_2020-07-01
S001651,KAL_AGA,6.535,80.15,Kalu,2017-12-27,2017-12-21,2018-01-02,0,none,dry_negative,,3.2,KAL_AGA_2017-12-27
S001652,ATT_NIT,7.141,80.098,AttanagaluOya,2016-10-17,2016-10-11,2016-10-23,0,none,dry_negative,,3.2,ATT_NIT_2016-10-17
S001653,KEL_KIT,6.989,80.412,Kelani,2022-07-15,2022-07-09,2022-07-21,0,none,dry_negative,,3.2,KEL_KIT_2022-07-15
S001654,KIR_TIS,6.281,81.281,KirindiOya,2022-07-15,2022-07-09,2022-07-21,0,none,dry_negative,,3.2,KIR_TIS_2022-07-15
S001655,KAL_BUL,6.66,80.19,Kalu,2022-10-10,2022-10-04,2022-10-16,0,none,dry_negative,,3.2,KAL_BUL_2022-10-10
S001656,GIN_BAD,6.171,80.19,Gin,2017-08-19,2017-08-13,2017-08-25,0,none,dry_negative,,3.2,GIN_BAD_2017-08-19
S001657,MHO_GIR,7.331,80.121,MahaOya,2017-04-02,2017-03-27,2017-04-08,0,none,dry_negative,,3.2,MHO_GIR_2017-04-02
S001658,BAT_BAT,7.717,81.7,Batticaloa,2019-05-16,2019-05-10,2019-05-22,0,none,dry_negative,,3.2,BAT_BAT_2019-05-16
S001659,KEL_KAD,6.933,79.983,Kelani,2018-12-23,2018-12-17,2018-12-29,0,none,dry_negative,,3.2,KEL_KAD_2018-12-23
S001660,KAL_BUL,6.66,80.19,Kalu,2021-09-10,2021-09-04,2021-09-16,0,none,dry_negative,,3.2,KAL_BUL_2021-09-10
S001661,KAL_RAT,6.683,80.4,Kalu,2016-04-19,2016-04-13,2016-04-25,0,none,dry_negative,,3.2,KAL_RAT_2016-04-19
S001662,KEL_AVI,6.954,80.211,Kelani,2015-06-13,2015-06-07,2015-06-19,0,none,dry_negative,,3.2,KEL_AVI_2015-06-13
S001663,MHO_MOU,7.301,79.833,MahaOya,2019-02-15,2019-02-09,2019-02-21,0,none,dry_negative,,3.2,MHO_MOU_2019-02-15
S001664,ATT_GAM,7.092,79.994,AttanagaluOya,2020-04-03,2020-03-28,2020-04-09,0,none,dry_negative,,3.2,ATT_GAM_2020-04-03
S001665,KEL_COL,6.97,79.873,Kelani,2020-04-18,2020-04-12,2020-04-24,0,none,dry_negative,,3.2,KEL_COL_2020-04-18
S001666,MAH_MAN,7.921,81.101,Mahaweli,2017-10-09,2017-10-03,2017-10-15,0,none,dry_negative,,3.2,MAH_MAN_2017-10-09
S001667,COL_KOT,6.888,79.901,ColomboMetro,2022-03-11,2022-03-05,2022-03-17,0,none,dry_negative,,3.2,COL_KOT_2022-03-11
S001668,MHO_MOU,7.301,79.833,MahaOya,2020-01-11,2020-01-05,2020-01-17,0,none,dry_negative,,3.2,MHO_MOU_2020-01-11
S001669,NIL_AKU,6.101,80.481,Nilwala,2019-05-03,2019-04-27,2019-05-09,0,none,dry_negative,,3.2,NIL_AKU_2019-05-03
S001670,GIN_NEL,6.423,80.293,Gin,2019-01-09,2019-01-03,2019-01-15,0,none,dry_negative,,3.2,GIN_NEL_2019-01-09
S001671,KEL_COL,6.97,79.873,Kelani,2020-03-04,2020-02-27,2020-03-10,0,none,dry_negative,,3.2,KEL_COL_2020-03-04
S001672,KEL_RUW,7.041,80.251,Kelani,2020-09-12,2020-09-06,2020-09-18,0,none,dry_negative,,3.2,KEL_RUW_2020-09-12
S001673,MAH_PER,7.271,80.598,Mahaweli,2021-03-21,2021-03-15,2021-03-27,0,none,dry_negative,,3.2,MAH_PER_2021-03-21
S001674,MAH_VIC,7.241,80.781,Mahaweli,2022-04-28,2022-04-22,2022-05-04,0,none,dry_negative,,3.2,MAH_VIC_2022-04-28
S001675,KAL_KLT,6.583,79.96,Kalu,2015-09-18,2015-09-12,2015-09-24,0,none,dry_negative,,3.2,KAL_KLT_2015-09-18
S001676,DED_WAR,7.621,80.231,DeduruOya,2019-06-11,2019-06-05,2019-06-17,0,none,dry_negative,,3.2,DED_WAR_2019-06-11
S001677,KAL_AGA,6.535,80.15,Kalu,2017-03-16,2017-03-10,2017-03-22,0,none,dry_negative,,3.2,KAL_AGA_2017-03-16
S001678,KLA_ELA,8.151,79.851,KalaOya,2017-08-27,2017-08-21,2017-09-02,0,none,dry_negative,,3.2,KLA_ELA_2017-08-27
S001679,GIN_NEL,6.423,80.293,Gin,2015-03-11,2015-03-05,2015-03-17,0,none,dry_negative,,3.2,GIN_NEL_2015-03-11
S001680,BAT_ERA,7.771,81.601,Batticaloa,2016-06-16,2016-06-10,2016-06-22,0,none,dry_negative,,3.2,BAT_ERA_2016-06-16
S001681,MAH_KAN,7.291,80.635,Mahaweli,2021-03-05,2021-02-27,2021-03-11,0,none,dry_negative,,3.2,MAH_KAN_2021-03-05
S001682,WAL_AMB,6.121,81.021,Walawe,2015-07-11,2015-07-05,2015-07-17,0,none,dry_negative,,3.2,WAL_AMB_2015-07-11
S001683,MAH_POL,7.94,81.001,Mahaweli,2021-04-04,2021-03-29,2021-04-10,0,none,dry_negative,,3.2,MAH_POL_2021-04-04
S001684,KAL_BUL,6.66,80.19,Kalu,2022-04-11,2022-04-05,2022-04-17,0,none,dry_negative,,3.2,KAL_BUL_2022-04-11
S001685,WAL_UDA,6.441,80.881,Walawe,2023-07-31,2023-07-25,2023-08-06,0,none,dry_negative,,3.2,WAL_UDA_2023-07-31
S001686,MAH_PER,7.271,80.598,Mahaweli,2019-03-19,2019-03-13,2019-03-25,0,none,dry_negative,,3.2,MAH_PER_2019-03-19
S001687,GIN_GAL,6.089,80.221,Gin,2022-01-04,2021-12-29,2022-01-10,0,none,dry_negative,,3.2,GIN_GAL_2022-01-04
S001688,KAL_RAT,6.683,80.4,Kalu,2015-10-03,2015-09-27,2015-10-09,0,none,dry_negative,,3.2,KAL_RAT_2015-10-03
S001689,KEL_AVI,6.954,80.211,Kelani,2023-01-27,2023-01-21,2023-02-02,0,none,dry_negative,,3.2,KEL_AVI_2023-01-27
S001690,BAT_ERA,7.771,81.601,Batticaloa,2018-07-26,2018-07-20,2018-08-01,0,none,dry_negative,,3.2,BAT_ERA_2018-07-26
S001691,GAL_ING,7.2,81.5,GalOya,2020-08-05,2020-07-30,2020-08-11,0,none,dry_negative,,3.2,GAL_ING_2020-08-05
S001692,ATT_NIT,7.141,80.098,AttanagaluOya,2024-02-04,2024-01-29,2024-02-10,0,none,dry_negative,,3.2,ATT_NIT_2024-02-04
S001693,DED_CHI,7.576,79.797,DeduruOya,2023-08-10,2023-08-04,2023-08-16,0,none,dry_negative,,3.2,DED_CHI_2023-08-10
S001694,NIL_MAT,5.949,80.55,Nilwala,2017-05-02,2017-04-26,2017-05-08,0,none,dry_negative,,3.2,NIL_MAT_2017-05-02
S001695,MAH_MAN,7.921,81.101,Mahaweli,2017-05-29,2017-05-23,2017-06-04,0,none,dry_negative,,3.2,MAH_MAN_2017-05-29
S001696,NIL_AKU,6.101,80.481,Nilwala,2022-03-31,2022-03-25,2022-04-06,0,none,dry_negative,,3.2,NIL_AKU_2022-03-31
S001697,DED_CHI,7.576,79.797,DeduruOya,2018-03-03,2018-02-25,2018-03-09,0,none,dry_negative,,3.2,DED_CHI_2018-03-03
S001698,MAH_VIC,7.241,80.781,Mahaweli,2019-08-15,2019-08-09,2019-08-21,0,none,dry_negative,,3.2,MAH_VIC_2019-08-15
S001699,GIN_NEL,6.423,80.293,Gin,2020-01-30,2020-01-24,2020-02-05,0,none,dry_negative,,3.2,GIN_NEL_2020-01-30
S001700,MAH_NUW,6.949,80.782,Mahaweli,2023-01-13,2023-01-07,2023-01-19,0,none,dry_negative,,3.2,MAH_NUW_2023-01-13
S001701,YAN_HOR,8.551,80.881,YanOya,2017-04-24,2017-04-18,2017-04-30,0,none,dry_negative,,3.2,YAN_HOR_2017-04-24
S001702,NIL_URA,6.231,80.601,Nilwala,2016-12-08,2016-12-02,2016-12-14,0,none,dry_negative,,3.2,NIL_URA_2016-12-08
S001703,MHO_GIR,7.331,80.121,MahaOya,2016-01-14,2016-01-08,2016-01-20,0,none,dry_negative,,3.2,MHO_GIR_2016-01-14
S001704,ATT_GAM,7.092,79.994,AttanagaluOya,2021-12-22,2021-12-16,2021-12-28,0,none,dry_negative,,3.2,ATT_GAM_2021-12-22
S001705,KAL_RAT,6.683,80.4,Kalu,2024-09-15,2024-09-09,2024-09-21,0,none,dry_negative,,3.2,KAL_RAT_2024-09-15
S001706,DED_KUR,7.487,80.362,DeduruOya,2016-04-17,2016-04-11,2016-04-23,0,none,dry_negative,,3.2,DED_KUR_2016-04-17
S001707,MAH_KAN,7.291,80.635,Mahaweli,2019-02-04,2019-01-29,2019-02-10,0,none,dry_negative,,3.2,MAH_KAN_2019-02-04
S001708,KAL_AGA,6.535,80.15,Kalu,2024-03-29,2024-03-23,2024-04-04,0,none,dry_negative,,3.2,KAL_AGA_2024-03-29
S001709,MAH_NUW,6.949,80.782,Mahaweli,2019-01-02,2018-12-27,2019-01-08,0,none,dry_negative,,3.2,MAH_NUW_2019-01-02
S001710,COL_KOL,6.933,79.891,ColomboMetro,2022-12-17,2022-12-11,2022-12-23,0,none,dry_negative,,3.2,COL_KOL_2022-12-17
S001711,ATT_GAM,7.092,79.994,AttanagaluOya,2018-08-25,2018-08-19,2018-08-31,0,none,dry_negative,,3.2,ATT_GAM_2018-08-25
S001712,MAH_POL,7.94,81.001,Mahaweli,2021-06-20,2021-06-14,2021-06-26,0,none,dry_negative,,3.2,MAH_POL_2021-06-20
S001713,KAL_BUL,6.66,80.19,Kalu,2016-07-10,2016-07-04,2016-07-16,0,none,dry_negative,,3.2,KAL_BUL_2016-07-10
S001714,COL_KOL,6.933,79.891,ColomboMetro,2020-02-22,2020-02-16,2020-02-28,0,none,dry_negative,,3.2,COL_KOL_2020-02-22
S001715,BAT_VAL,7.921,81.531,Batticaloa,2023-08-10,2023-08-04,2023-08-16,0,none,dry_negative,,3.2,BAT_VAL_2023-08-10
S001716,MAH_VIC,7.241,80.781,Mahaweli,2018-01-12,2018-01-06,2018-01-18,0,none,dry_negative,,3.2,MAH_VIC_2018-01-12
S001717,MAH_MHY,7.331,81.001,Mahaweli,2018-01-30,2018-01-24,2018-02-05,0,none,dry_negative,,3.2,MAH_MHY_2018-01-30
S001718,BAT_BAT,7.717,81.7,Batticaloa,2024-03-17,2024-03-11,2024-03-23,0,none,dry_negative,,3.2,BAT_BAT_2024-03-17
S001719,WAL_AMB,6.121,81.021,Walawe,2015-08-13,2015-08-07,2015-08-19,0,none,dry_negative,,3.2,WAL_AMB_2015-08-13
S001720,MAH_NUW,6.949,80.782,Mahaweli,2016-08-15,2016-08-09,2016-08-21,0,none,dry_negative,,3.2,MAH_NUW_2016-08-15
S001721,KLA_ELA,8.151,79.851,KalaOya,2019-09-05,2019-08-30,2019-09-11,0,none,dry_negative,,3.2,KLA_ELA_2019-09-05
S001722,KAL_KLT,6.583,79.96,Kalu,2020-04-19,2020-04-13,2020-04-25,0,none,dry_negative,,3.2,KAL_KLT_2020-04-19
S001723,KEL_UP,6.831,80.616,Kelani,2016-03-24,2016-03-18,2016-03-30,0,none,dry_negative,,3.2,KEL_UP_2016-03-24
S001724,KAL_KLT,6.583,79.96,Kalu,2017-10-07,2017-10-01,2017-10-13,0,none,dry_negative,,3.2,KAL_KLT_2017-10-07
S001725,KLA_ELA,8.151,79.851,KalaOya,2018-05-21,2018-05-15,2018-05-27,0,none,dry_negative,,3.2,KLA_ELA_2018-05-21
S001726,NIL_URA,6.231,80.601,Nilwala,2016-03-26,2016-03-20,2016-04-01,0,none,dry_negative,,3.2,NIL_URA_2016-03-26
S001727,NIL_AKU,6.101,80.481,Nilwala,2020-03-09,2020-03-03,2020-03-15,0,none,dry_negative,,3.2,NIL_AKU_2020-03-09
S001728,GAL_ING,7.2,81.5,GalOya,2021-07-05,2021-06-29,2021-07-11,0,none,dry_negative,,3.2,GAL_ING_2021-07-05
S001729,KEL_UP,6.831,80.616,Kelani,2020-02-07,2020-02-01,2020-02-13,0,none,dry_negative,,3.2,KEL_UP_2020-02-07
S001730,WAL_UDA,6.441,80.881,Walawe,2017-03-24,2017-03-18,2017-03-30,0,none,dry_negative,,3.2,WAL_UDA_2017-03-24
S001731,MAH_PER,7.271,80.598,Mahaweli,2016-07-10,2016-07-04,2016-07-16,0,none,dry_negative,,3.2,MAH_PER_2016-07-10
S001732,MHO_GIR,7.331,80.121,MahaOya,2023-05-29,2023-05-23,2023-06-04,0,none,dry_negative,,3.2,MHO_GIR_2023-05-29
S001733,YAN_HOR,8.551,80.881,YanOya,2016-06-07,2016-06-01,2016-06-13,0,none,dry_negative,,3.2,YAN_HOR_2016-06-07
S001734,KLA_ELA,8.151,79.851,KalaOya,2019-09-07,2019-09-01,2019-09-13,0,none,dry_negative,,3.2,KLA_ELA_2019-09-07
S001735,KEL_HAN,6.902,80.082,Kelani,2019-06-13,2019-06-07,2019-06-19,0,none,dry_negative,,3.2,KEL_HAN_2019-06-13
S001736,COL_KOL,6.933,79.891,ColomboMetro,2016-10-30,2016-10-24,2016-11-05,0,none,dry_negative,,3.2,COL_KOL_2016-10-30
S001737,KAL_AGA,6.535,80.15,Kalu,2016-09-22,2016-09-16,2016-09-28,0,none,dry_negative,,3.2,KAL_AGA_2016-09-22
S001738,MAL_ANU,8.351,80.401,MalwathuOya,2017-06-10,2017-06-04,2017-06-16,0,none,dry_negative,,3.2,MAL_ANU_2017-06-10
S001739,KEL_KAD,6.933,79.983,Kelani,2020-10-19,2020-10-13,2020-10-25,0,none,dry_negative,,3.2,KEL_KAD_2020-10-19
S001740,KEL_KAD,6.933,79.983,Kelani,2023-06-11,2023-06-05,2023-06-17,0,none,dry_negative,,3.2,KEL_KAD_2023-06-11
S001741,YAN_HOR,8.551,80.881,YanOya,2024-07-02,2024-06-26,2024-07-08,0,none,dry_negative,,3.2,YAN_HOR_2024-07-02
S001742,KEL_KIT,6.989,80.412,Kelani,2017-10-13,2017-10-07,2017-10-19,0,none,dry_negative,,3.2,KEL_KIT_2017-10-13
S001743,MHO_MOU,7.301,79.833,MahaOya,2024-04-18,2024-04-12,2024-04-24,0,none,dry_negative,,3.2,MHO_MOU_2024-04-18
S001744,KEL_HAN,6.902,80.082,Kelani,2018-01-18,2018-01-12,2018-01-24,0,none,dry_negative,,3.2,KEL_HAN_2018-01-18
S001745,BAT_VAL,7.921,81.531,Batticaloa,2017-07-25,2017-07-19,2017-07-31,0,none,dry_negative,,3.2,BAT_VAL_2017-07-25
S001746,BAT_VAL,7.921,81.531,Batticaloa,2017-04-21,2017-04-15,2017-04-27,0,none,dry_negative,,3.2,BAT_VAL_2017-04-21
S001747,GIN_GAL,6.089,80.221,Gin,2017-03-02,2017-02-24,2017-03-08,0,none,dry_negative,,3.2,GIN_GAL_2017-03-02
S001748,KAL_RAT,6.683,80.4,Kalu,2019-08-24,2019-08-18,2019-08-30,0,none,dry_negative,,3.2,KAL_RAT_2019-08-24
S001749,COL_KOL,6.933,79.891,ColomboMetro,2016-04-08,2016-04-02,2016-04-14,0,none,dry_negative,,3.2,COL_KOL_2016-04-08
S001750,KEL_UP,6.831,80.616,Kelani,2016-10-24,2016-10-18,2016-10-30,0,none,dry_negative,,3.2,KEL_UP_2016-10-24
S001751,KAL_BUL,6.66,80.19,Kalu,2021-03-18,2021-03-12,2021-03-24,0,none,dry_negative,,3.2,KAL_BUL_2021-03-18
S001752,KEL_UP,6.831,80.616,Kelani,2024-04-19,2024-04-13,2024-04-25,0,none,dry_negative,,3.2,KEL_UP_2024-04-19
S001753,MAH_KAN,7.291,80.635,Mahaweli,2016-08-30,2016-08-24,2016-09-05,0,none,dry_negative,,3.2,MAH_KAN_2016-08-30
S001754,KAL_KLT,6.583,79.96,Kalu,2017-07-30,2017-07-24,2017-08-05,0,none,dry_negative,,3.2,KAL_KLT_2017-07-30
S001755,BAT_VAL,7.921,81.531,Batticaloa,2024-03-14,2024-03-08,2024-03-20,0,none,dry_negative,,3.2,BAT_VAL_2024-03-14
S001756,KEL_KIT,6.989,80.412,Kelani,2023-09-07,2023-09-01,2023-09-13,0,none,dry_negative,,3.2,KEL_KIT_2023-09-07
S001757,ATT_GAM,7.092,79.994,AttanagaluOya,2022-01-14,2022-01-08,2022-01-20,0,none,dry_negative,,3.2,ATT_GAM_2022-01-14
S001758,MHO_GIR,7.331,80.121,MahaOya,2024-02-17,2024-02-11,2024-02-23,0,none,dry_negative,,3.2,MHO_GIR_2024-02-17
S001759,MAL_MAN,8.951,79.951,MalwathuOya,2019-10-10,2019-10-04,2019-10-16,0,none,dry_negative,,3.2,MAL_MAN_2019-10-10
S001760,COL_KOT,6.888,79.901,ColomboMetro,2023-03-01,2023-02-23,2023-03-07,0,none,dry_negative,,3.2,COL_KOT_2023-03-01
S001761,YAN_HOR,8.551,80.881,YanOya,2016-10-21,2016-10-15,2016-10-27,0,none,dry_negative,,3.2,YAN_HOR_2016-10-21
S001762,MAL_ANU,8.351,80.401,MalwathuOya,2020-05-22,2020-05-16,2020-05-28,0,none,dry_negative,,3.2,MAL_ANU_2020-05-22
S001763,BAT_BAT,7.717,81.7,Batticaloa,2021-07-31,2021-07-25,2021-08-06,0,none,dry_negative,,3.2,BAT_BAT_2021-07-31
S001764,KLA_ELA,8.151,79.851,KalaOya,2017-05-03,2017-04-27,2017-05-09,0,none,dry_negative,,3.2,KLA_ELA_2017-05-03
S001765,MAH_MAN,7.921,81.101,Mahaweli,2019-05-24,2019-05-18,2019-05-30,0,none,dry_negative,,3.2,MAH_MAN_2019-05-24
S001766,DED_CHI,7.576,79.797,DeduruOya,2019-01-24,2019-01-18,2019-01-30,0,none,dry_negative,,3.2,DED_CHI_2019-01-24
S001767,MAH_MHY,7.331,81.001,Mahaweli,2019-03-09,2019-03-03,2019-03-15,0,none,dry_negative,,3.2,MAH_MHY_2019-03-09
S001768,DED_KUR,7.487,80.362,DeduruOya,2017-01-27,2017-01-21,2017-02-02,0,none,dry_negative,,3.2,DED_KUR_2017-01-27
S001769,MAL_MAN,8.951,79.951,MalwathuOya,2016-05-12,2016-05-06,2016-05-18,0,none,dry_negative,,3.2,MAL_MAN_2016-05-12
S001770,DED_CHI,7.576,79.797,DeduruOya,2016-07-08,2016-07-02,2016-07-14,0,none,dry_negative,,3.2,DED_CHI_2016-07-08
S001771,KEL_COL,6.97,79.873,Kelani,2016-08-04,2016-07-29,2016-08-10,0,none,dry_negative,,3.2,KEL_COL_2016-08-04
S001772,GIN_BAD,6.171,80.19,Gin,2015-03-14,2015-03-08,2015-03-20,0,none,dry_negative,,3.2,GIN_BAD_2015-03-14
S001773,GIN_THA,6.331,80.331,Gin,2019-02-05,2019-01-30,2019-02-11,0,none,dry_negative,,3.2,GIN_THA_2019-02-05
S001774,KEL_AVI,6.954,80.211,Kelani,2024-03-11,2024-03-05,2024-03-17,0,none,dry_negative,,3.2,KEL_AVI_2024-03-11
S001775,ATT_NIT,7.141,80.098,AttanagaluOya,2021-02-25,2021-02-19,2021-03-03,0,none,dry_negative,,3.2,ATT_NIT_2021-02-25
S001776,KEL_KIT,6.989,80.412,Kelani,2017-03-06,2017-02-28,2017-03-12,0,none,dry_negative,,3.2,KEL_KIT_2017-03-06
S001777,DED_KUR,7.487,80.362,DeduruOya,2019-03-24,2019-03-18,2019-03-30,0,none,dry_negative,,3.2,DED_KUR_2019-03-24
S001778,KEL_AVI,6.954,80.211,Kelani,2020-10-24,2020-10-18,2020-10-30,0,none,dry_negative,,3.2,KEL_AVI_2020-10-24
S001779,MAL_MAN,8.951,79.951,MalwathuOya,2019-05-15,2019-05-09,2019-05-21,0,none,dry_negative,,3.2,MAL_MAN_2019-05-15
S001780,GAL_AMP,7.291,81.671,GalOya,2022-10-05,2022-09-29,2022-10-11,0,none,dry_negative,,3.2,GAL_AMP_2022-10-05
S001781,MAH_VIC,7.241,80.781,Mahaweli,2017-05-18,2017-05-12,2017-05-24,0,none,dry_negative,,3.2,MAH_VIC_2017-05-18
S001782,GAL_ING,7.2,81.5,GalOya,2024-02-22,2024-02-16,2024-02-28,0,none,dry_negative,,3.2,GAL_ING_2024-02-22
S001783,ATT_VEY,7.155,80.061,AttanagaluOya,2017-07-07,2017-07-01,2017-07-13,0,none,dry_negative,,3.2,ATT_VEY_2017-07-07
S001784,KIR_TIS,6.281,81.281,KirindiOya,2019-07-16,2019-07-10,2019-07-22,0,none,dry_negative,,3.2,KIR_TIS_2019-07-16
S001785,COL_KOL,6.933,79.891,ColomboMetro,2024-04-10,2024-04-04,2024-04-16,0,none,dry_negative,,3.2,COL_KOL_2024-04-10
S001786,GIN_BAD,6.171,80.19,Gin,2017-02-23,2017-02-17,2017-03-01,0,none,dry_negative,,3.2,GIN_BAD_2017-02-23
S001787,ATT_VEY,7.155,80.061,AttanagaluOya,2017-03-21,2017-03-15,2017-03-27,0,none,dry_negative,,3.2,ATT_VEY_2017-03-21
S001788,KAL_RAT,6.683,80.4,Kalu,2016-07-28,2016-07-22,2016-08-03,0,none,dry_negative,,3.2,KAL_RAT_2016-07-28
S001789,KAL_AGA,6.535,80.15,Kalu,2016-03-31,2016-03-25,2016-04-06,0,none,dry_negative,,3.2,KAL_AGA_2016-03-31
S001790,MAH_PER,7.271,80.598,Mahaweli,2023-06-30,2023-06-24,2023-07-06,0,none,dry_negative,,3.2,MAH_PER_2023-06-30
S001791,BAT_VAL,7.921,81.531,Batticaloa,2024-07-04,2024-06-28,2024-07-10,0,none,dry_negative,,3.2,BAT_VAL_2024-07-04
S001792,KAL_BAL,6.652,80.698,Kalu,2019-06-07,2019-06-01,2019-06-13,0,none,dry_negative,,3.2,KAL_BAL_2019-06-07
S001793,MAH_VIC,7.241,80.781,Mahaweli,2022-02-06,2022-01-31,2022-02-12,0,none,dry_negative,,3.2,MAH_VIC_2022-02-06
S001794,KEL_COL,6.97,79.873,Kelani,2022-02-01,2022-01-26,2022-02-07,0,none,dry_negative,,3.2,KEL_COL_2022-02-01
S001795,NIL_MAT,5.949,80.55,Nilwala,2024-03-18,2024-03-12,2024-03-24,0,none,dry_negative,,3.2,NIL_MAT_2024-03-18
S001796,KEL_COL,6.97,79.873,Kelani,2018-03-05,2018-02-27,2018-03-11,0,none,dry_negative,,3.2,KEL_COL_2018-03-05
S001797,KAL_BUL,6.66,80.19,Kalu,2019-09-14,2019-09-08,2019-09-20,0,none,dry_negative,,3.2,KAL_BUL_2019-09-14
S001798,BAT_ERA,7.771,81.601,Batticaloa,2018-07-11,2018-07-05,2018-07-17,0,none,dry_negative,,3.2,BAT_ERA_2018-07-11
S001799,KEL_AVI,6.954,80.211,Kelani,2015-10-03,2015-09-27,2015-10-09,0,none,dry_negative,,3.2,KEL_AVI_2015-10-03
S001800,MHO_MOU,7.301,79.833,MahaOya,2024-03-26,2024-03-20,2024-04-01,0,none,dry_negative,,3.2,MHO_MOU_2024-03-26
S001801,NIL_URA,6.231,80.601,Nilwala,2019-07-03,2019-06-27,2019-07-09,0,none,dry_negative,,3.2,NIL_URA_2019-07-03
S001802,ATT_GAM,7.092,79.994,AttanagaluOya,2024-05-01,2024-04-25,2024-05-07,0,none,dry_negative,,3.2,ATT_GAM_2024-05-01
S001803,NIL_MAT,5.949,80.55,Nilwala,2016-01-19,2016-01-13,2016-01-25,0,none,dry_negative,,3.2,NIL_MAT_2016-01-19
S001804,KAL_KLT,6.583,79.96,Kalu,2015-08-23,2015-08-17,2015-08-29,0,none,dry_negative,,3.2,KAL_KLT_2015-08-23
S001805,NIL_MAT,5.949,80.55,Nilwala,2022-04-30,2022-04-24,2022-05-06,0,none,dry_negative,,3.2,NIL_MAT_2022-04-30
S001806,WAL_AMB,6.121,81.021,Walawe,2017-06-10,2017-06-04,2017-06-16,0,none,dry_negative,,3.2,WAL_AMB_2017-06-10
S001807,COL_KOT,6.888,79.901,ColomboMetro,2021-04-19,2021-04-13,2021-04-25,0,none,dry_negative,,3.2,COL_KOT_2021-04-19
S001808,BAT_VAL,7.921,81.531,Batticaloa,2022-08-26,2022-08-20,2022-09-01,0,none,dry_negative,,3.2,BAT_VAL_2022-08-26
S001809,DED_WAR,7.621,80.231,DeduruOya,2020-07-26,2020-07-20,2020-08-01,0,none,dry_negative,,3.2,DED_WAR_2020-07-26
S001810,KAL_BUL,6.66,80.19,Kalu,2017-02-09,2017-02-03,2017-02-15,0,none,dry_negative,,3.2,KAL_BUL_2017-02-09
S001811,KIR_TIS,6.281,81.281,KirindiOya,2017-02-15,2017-02-09,2017-02-21,0,none,dry_negative,,3.2,KIR_TIS_2017-02-15
S001812,GAL_AMP,7.291,81.671,GalOya,2016-09-13,2016-09-07,2016-09-19,0,none,dry_negative,,3.2,GAL_AMP_2016-09-13
S001813,BAT_BAT,7.717,81.7,Batticaloa,2017-08-21,2017-08-15,2017-08-27,0,none,dry_negative,,3.2,BAT_BAT_2017-08-21
S001814,WAL_AMB,6.121,81.021,Walawe,2022-09-23,2022-09-17,2022-09-29,0,none,dry_negative,,3.2,WAL_AMB_2022-09-23
S001815,BAT_BAT,7.717,81.7,Batticaloa,2016-04-28,2016-04-22,2016-05-04,0,none,dry_negative,,3.2,BAT_BAT_2016-04-28
S001816,BAT_VAL,7.921,81.531,Batticaloa,2020-08-31,2020-08-25,2020-09-06,0,none,dry_negative,,3.2,BAT_VAL_2020-08-31
S001817,DED_KUR,7.487,80.362,DeduruOya,2016-11-08,2016-11-02,2016-11-14,0,none,dry_negative,,3.2,DED_KUR_2016-11-08
S001818,MAH_POL,7.94,81.001,Mahaweli,2023-07-23,2023-07-17,2023-07-29,0,none,dry_negative,,3.2,MAH_POL_2023-07-23
S001819,BAT_VAL,7.921,81.531,Batticaloa,2015-08-22,2015-08-16,2015-08-28,0,none,dry_negative,,3.2,BAT_VAL_2015-08-22
S001820,COL_KOL,6.933,79.891,ColomboMetro,2019-04-23,2019-04-17,2019-04-29,0,none,dry_negative,,3.2,COL_KOL_2019-04-23
S001821,MAL_ANU,8.351,80.401,MalwathuOya,2017-09-16,2017-09-10,2017-09-22,0,none,dry_negative,,3.2,MAL_ANU_2017-09-16
S001822,ATT_JAE,7.074,79.892,AttanagaluOya,2015-05-06,2015-04-30,2015-05-12,0,none,dry_negative,,3.2,ATT_JAE_2015-05-06
S001823,MAH_VIC,7.241,80.781,Mahaweli,2015-07-19,2015-07-13,2015-07-25,0,none,dry_negative,,3.2,MAH_VIC_2015-07-19
S001824,MAH_MHY,7.331,81.001,Mahaweli,2018-01-13,2018-01-07,2018-01-19,0,none,dry_negative,,3.2,MAH_MHY_2018-01-13
S001825,ATT_NIT,7.141,80.098,AttanagaluOya,2018-01-18,2018-01-12,2018-01-24,0,none,dry_negative,,3.2,ATT_NIT_2018-01-18
S001826,ATT_VEY,7.155,80.061,AttanagaluOya,2022-07-29,2022-07-23,2022-08-04,0,none,dry_negative,,3.2,ATT_VEY_2022-07-29
S001827,GAL_AMP,7.291,81.671,GalOya,2018-08-03,2018-07-28,2018-08-09,0,none,dry_negative,,3.2,GAL_AMP_2018-08-03
S001828,KAL_KLT,6.583,79.96,Kalu,2015-09-04,2015-08-29,2015-09-10,0,none,dry_negative,,3.2,KAL_KLT_2015-09-04
S001829,ATT_GAM,7.092,79.994,AttanagaluOya,2024-03-18,2024-03-12,2024-03-24,0,none,dry_negative,,3.2,ATT_GAM_2024-03-18
S001830,MHO_GIR,7.331,80.121,MahaOya,2019-02-24,2019-02-18,2019-03-02,0,none,dry_negative,,3.2,MHO_GIR_2019-02-24
S001831,BAT_VAL,7.921,81.531,Batticaloa,2020-04-25,2020-04-19,2020-05-01,0,none,dry_negative,,3.2,BAT_VAL_2020-04-25
S001832,YAN_HOR,8.551,80.881,YanOya,2021-10-08,2021-10-02,2021-10-14,0,none,dry_negative,,3.2,YAN_HOR_2021-10-08
S001833,KAL_BAL,6.652,80.698,Kalu,2016-07-21,2016-07-15,2016-07-27,0,none,dry_negative,,3.2,KAL_BAL_2016-07-21
S001834,MAH_MAN,7.921,81.101,Mahaweli,2017-06-27,2017-06-21,2017-07-03,0,none,dry_negative,,3.2,MAH_MAN_2017-06-27
S001835,KLA_ELA,8.151,79.851,KalaOya,2018-05-17,2018-05-11,2018-05-23,0,none,dry_negative,,3.2,KLA_ELA_2018-05-17
S001836,MAH_PER,7.271,80.598,Mahaweli,2021-08-25,2021-08-19,2021-08-31,0,none,dry_negative,,3.2,MAH_PER_2021-08-25
S001837,MAL_ANU,8.351,80.401,MalwathuOya,2018-06-26,2018-06-20,2018-07-02,0,none,dry_negative,,3.2,MAL_ANU_2018-06-26
S001838,KAL_BUL,6.66,80.19,Kalu,2024-08-10,2024-08-04,2024-08-16,0,none,dry_negative,,3.2,KAL_BUL_2024-08-10
S001839,NIL_MAT,5.949,80.55,Nilwala,2019-03-07,2019-03-01,2019-03-13,0,none,dry_negative,,3.2,NIL_MAT_2019-03-07
S001840,BAT_ERA,7.771,81.601,Batticaloa,2018-02-20,2018-02-14,2018-02-26,0,none,dry_negative,,3.2,BAT_ERA_2018-02-20
S001841,NIL_MAT,5.949,80.55,Nilwala,2015-06-17,2015-06-11,2015-06-23,0,none,dry_negative,,3.2,NIL_MAT_2015-06-17
S001842,WAL_AMB,6.121,81.021,Walawe,2022-09-29,2022-09-23,2022-10-05,0,none,dry_negative,,3.2,WAL_AMB_2022-09-29
S001843,MAH_VIC,7.241,80.781,Mahaweli,2020-04-29,2020-04-23,2020-05-05,0,none,dry_negative,,3.2,MAH_VIC_2020-04-29
S001844,GIN_BAD,6.171,80.19,Gin,2024-02-07,2024-02-01,2024-02-13,0,none,dry_negative,,3.2,GIN_BAD_2024-02-07
S001845,MAH_KAN,7.291,80.635,Mahaweli,2018-09-22,2018-09-16,2018-09-28,0,none,dry_negative,,3.2,MAH_KAN_2018-09-22
S001846,KEL_RUW,7.041,80.251,Kelani,2023-08-13,2023-08-07,2023-08-19,0,none,dry_negative,,3.2,KEL_RUW_2023-08-13
S001847,WAL_AMB,6.121,81.021,Walawe,2018-02-17,2018-02-11,2018-02-23,0,none,dry_negative,,3.2,WAL_AMB_2018-02-17
S001848,NIL_URA,6.231,80.601,Nilwala,2016-02-18,2016-02-12,2016-02-24,0,none,dry_negative,,3.2,NIL_URA_2016-02-18
S001849,KEL_AVI,6.954,80.211,Kelani,2019-05-12,2019-05-06,2019-05-18,0,none,dry_negative,,3.2,KEL_AVI_2019-05-12
S001850,KEL_KIT,6.989,80.412,Kelani,2023-08-24,2023-08-18,2023-08-30,0,none,dry_negative,,3.2,KEL_KIT_2023-08-24
S001851,YAN_HOR,8.551,80.881,YanOya,2022-07-30,2022-07-24,2022-08-05,0,none,dry_negative,,3.2,YAN_HOR_2022-07-30
S001852,KEL_HAN,6.902,80.082,Kelani,2020-03-01,2020-02-24,2020-03-07,0,none,dry_negative,,3.2,KEL_HAN_2020-03-01
S001853,NIL_AKU,6.101,80.481,Nilwala,2020-03-28,2020-03-22,2020-04-03,0,none,dry_negative,,3.2,NIL_AKU_2020-03-28
S001854,DED_CHI,7.576,79.797,DeduruOya,2023-04-01,2023-03-26,2023-04-07,0,none,dry_negative,,3.2,DED_CHI_2023-04-01
S001855,KEL_COL,6.97,79.873,Kelani,2015-02-19,2015-02-13,2015-02-25,0,none,dry_negative,,3.2,KEL_COL_2015-02-19
S001856,GIN_NEL,6.423,80.293,Gin,2019-05-08,2019-05-02,2019-05-14,0,none,dry_negative,,3.2,GIN_NEL_2019-05-08
S001857,GIN_THA,6.331,80.331,Gin,2024-02-09,2024-02-03,2024-02-15,0,none,dry_negative,,3.2,GIN_THA_2024-02-09
S001858,WAL_EMB,6.343,80.851,Walawe,2015-08-31,2015-08-25,2015-09-06,0,none,dry_negative,,3.2,WAL_EMB_2015-08-31
S001859,KEL_HAN,6.902,80.082,Kelani,2020-09-03,2020-08-28,2020-09-09,0,none,dry_negative,,3.2,KEL_HAN_2020-09-03
S001860,KEL_KAD,6.933,79.983,Kelani,2020-02-21,2020-02-15,2020-02-27,0,none,dry_negative,,3.2,KEL_KAD_2020-02-21
S001861,KLA_ELA,8.151,79.851,KalaOya,2020-10-05,2020-09-29,2020-10-11,0,none,dry_negative,,3.2,KLA_ELA_2020-10-05
S001862,BAT_VAL,7.921,81.531,Batticaloa,2020-03-27,2020-03-21,2020-04-02,0,none,dry_negative,,3.2,BAT_VAL_2020-03-27
S001863,MAH_MHY,7.331,81.001,Mahaweli,2022-08-20,2022-08-14,2022-08-26,0,none,dry_negative,,3.2,MAH_MHY_2022-08-20
S001864,YAN_HOR,8.551,80.881,YanOya,2016-08-04,2016-07-29,2016-08-10,0,none,dry_negative,,3.2,YAN_HOR_2016-08-04
S001865,MAH_PER,7.271,80.598,Mahaweli,2020-02-25,2020-02-19,2020-03-02,0,none,dry_negative,,3.2,MAH_PER_2020-02-25
S001866,MAH_PER,7.271,80.598,Mahaweli,2016-09-15,2016-09-09,2016-09-21,0,none,dry_negative,,3.2,MAH_PER_2016-09-15
S001867,MAH_MAN,7.921,81.101,Mahaweli,2020-08-13,2020-08-07,2020-08-19,0,none,dry_negative,,3.2,MAH_MAN_2020-08-13
S001868,KEL_AVI,6.954,80.211,Kelani,2015-03-25,2015-03-19,2015-03-31,0,none,dry_negative,,3.2,KEL_AVI_2015-03-25
S001869,KIR_TIS,6.281,81.281,KirindiOya,2020-09-07,2020-09-01,2020-09-13,0,none,dry_negative,,3.2,KIR_TIS_2020-09-07
S001870,KEL_KIT,6.989,80.412,Kelani,2022-09-21,2022-09-15,2022-09-27,0,none,dry_negative,,3.2,KEL_KIT_2022-09-21
S001871,BAT_VAL,7.921,81.531,Batticaloa,2024-05-30,2024-05-24,2024-06-05,0,none,dry_negative,,3.2,BAT_VAL_2024-05-30
S001872,MAH_MHY,7.331,81.001,Mahaweli,2019-03-17,2019-03-11,2019-03-23,0,none,dry_negative,,3.2,MAH_MHY_2019-03-17
S001873,KEL_AVI,6.954,80.211,Kelani,2015-10-09,2015-10-03,2015-10-15,0,none,dry_negative,,3.2,KEL_AVI_2015-10-09
S001874,KAL_BUL,6.66,80.19,Kalu,2020-03-03,2020-02-26,2020-03-09,0,none,dry_negative,,3.2,KAL_BUL_2020-03-03
S001875,BAT_VAL,7.921,81.531,Batticaloa,2019-04-26,2019-04-20,2019-05-02,0,none,dry_negative,,3.2,BAT_VAL_2019-04-26
S001876,WAL_EMB,6.343,80.851,Walawe,2019-06-09,2019-06-03,2019-06-15,0,none,dry_negative,,3.2,WAL_EMB_2019-06-09
S001877,ATT_VEY,7.155,80.061,AttanagaluOya,2018-03-30,2018-03-24,2018-04-05,0,none,dry_negative,,3.2,ATT_VEY_2018-03-30
S001878,MHO_MOU,7.301,79.833,MahaOya,2018-03-17,2018-03-11,2018-03-23,0,none,dry_negative,,3.2,MHO_MOU_2018-03-17
S001879,BAT_BAT,7.717,81.7,Batticaloa,2020-05-03,2020-04-27,2020-05-09,0,none,dry_negative,,3.2,BAT_BAT_2020-05-03
S001880,KEL_KIT,6.989,80.412,Kelani,2024-09-20,2024-09-14,2024-09-26,0,none,dry_negative,,3.2,KEL_KIT_2024-09-20
S001881,KAL_RAT,6.683,80.4,Kalu,2024-12-28,2024-12-22,2025-01-03,0,none,dry_negative,,3.2,KAL_RAT_2024-12-28
S001882,MAH_MHY,7.331,81.001,Mahaweli,2016-04-15,2016-04-09,2016-04-21,0,none,dry_negative,,3.2,MAH_MHY_2016-04-15
S001883,WAL_UDA,6.441,80.881,Walawe,2022-03-21,2022-03-15,2022-03-27,0,none,dry_negative,,3.2,WAL_UDA_2022-03-21
S001884,MAH_KAN,7.291,80.635,Mahaweli,2017-07-22,2017-07-16,2017-07-28,0,none,dry_negative,,3.2,MAH_KAN_2017-07-22
S001885,KEL_COL,6.97,79.873,Kelani,2017-03-23,2017-03-17,2017-03-29,0,none,dry_negative,,3.2,KEL_COL_2017-03-23
S001886,GAL_AMP,7.291,81.671,GalOya,2022-08-25,2022-08-19,2022-08-31,0,none,dry_negative,,3.2,GAL_AMP_2022-08-25
S001887,ATT_JAE,7.074,79.892,AttanagaluOya,2019-06-24,2019-06-18,2019-06-30,0,none,dry_negative,,3.2,ATT_JAE_2019-06-24
S001888,GIN_GAL,6.089,80.221,Gin,2022-09-19,2022-09-13,2022-09-25,0,none,dry_negative,,3.2,GIN_GAL_2022-09-19
S001889,KAL_AGA,6.535,80.15,Kalu,2015-03-21,2015-03-15,2015-03-27,0,none,dry_negative,,3.2,KAL_AGA_2015-03-21
S001890,KAL_BAL,6.652,80.698,Kalu,2024-09-13,2024-09-07,2024-09-19,0,none,dry_negative,,3.2,KAL_BAL_2024-09-13
S001891,MAH_KAN,7.291,80.635,Mahaweli,2017-01-11,2017-01-05,2017-01-17,0,none,dry_negative,,3.2,MAH_KAN_2017-01-11
S001892,BAT_VAL,7.921,81.531,Batticaloa,2020-09-21,2020-09-15,2020-09-27,0,none,dry_negative,,3.2,BAT_VAL_2020-09-21
S001893,MAL_MAN,8.951,79.951,MalwathuOya,2017-04-04,2017-03-29,2017-04-10,0,none,dry_negative,,3.2,MAL_MAN_2017-04-04
S001894,GIN_GAL,6.089,80.221,Gin,2021-12-29,2021-12-23,2022-01-04,0,none,dry_negative,,3.2,GIN_GAL_2021-12-29
S001895,KLA_ELA,8.151,79.851,KalaOya,2020-10-31,2020-10-25,2020-11-06,0,none,dry_negative,,3.2,KLA_ELA_2020-10-31
S001896,KIR_TIS,6.281,81.281,KirindiOya,2020-10-10,2020-10-04,2020-10-16,0,none,dry_negative,,3.2,KIR_TIS_2020-10-10
S001897,KAL_BUL,6.66,80.19,Kalu,2022-04-01,2022-03-26,2022-04-07,0,none,dry_negative,,3.2,KAL_BUL_2022-04-01
S001898,NIL_PIT,6.3,80.552,Nilwala,2017-01-16,2017-01-10,2017-01-22,0,none,dry_negative,,3.2,NIL_PIT_2017-01-16
S001899,ATT_VEY,7.155,80.061,AttanagaluOya,2020-03-15,2020-03-09,2020-03-21,0,none,dry_negative,,3.2,ATT_VEY_2020-03-15
S001900,GIN_THA,6.331,80.331,Gin,2022-08-15,2022-08-09,2022-08-21,0,none,dry_negative,,3.2,GIN_THA_2022-08-15
S001901,NIL_URA,6.231,80.601,Nilwala,2015-07-21,2015-07-15,2015-07-27,0,none,dry_negative,,3.2,NIL_URA_2015-07-21
S001902,ATT_JAE,7.074,79.892,AttanagaluOya,2016-10-15,2016-10-09,2016-10-21,0,none,dry_negative,,3.2,ATT_JAE_2016-10-15
S001903,KLA_ELA,8.151,79.851,KalaOya,2019-07-20,2019-07-14,2019-07-26,0,none,dry_negative,,3.2,KLA_ELA_2019-07-20
S001904,KAL_BAL,6.652,80.698,Kalu,2024-04-21,2024-04-15,2024-04-27,0,none,dry_negative,,3.2,KAL_BAL_2024-04-21
S001905,BAT_VAL,7.921,81.531,Batticaloa,2016-07-18,2016-07-12,2016-07-24,0,none,dry_negative,,3.2,BAT_VAL_2016-07-18
S001906,GIN_NEL,6.423,80.293,Gin,2023-08-18,2023-08-12,2023-08-24,0,none,dry_negative,,3.2,GIN_NEL_2023-08-18
S001907,KAL_BAL,6.652,80.698,Kalu,2020-09-05,2020-08-30,2020-09-11,0,none,dry_negative,,3.2,KAL_BAL_2020-09-05
S001908,GIN_BAD,6.171,80.19,Gin,2016-10-17,2016-10-11,2016-10-23,0,none,dry_negative,,3.2,GIN_BAD_2016-10-17
S001909,NIL_PIT,6.3,80.552,Nilwala,2017-05-25,2017-05-19,2017-05-31,0,none,dry_negative,,3.2,NIL_PIT_2017-05-25
S001910,WAL_UDA,6.441,80.881,Walawe,2020-09-29,2020-09-23,2020-10-05,0,none,dry_negative,,3.2,WAL_UDA_2020-09-29
S001911,ATT_VEY,7.155,80.061,AttanagaluOya,2019-04-07,2019-04-01,2019-04-13,0,none,dry_negative,,3.2,ATT_VEY_2019-04-07
S001912,MHO_GIR,7.331,80.121,MahaOya,2019-02-07,2019-02-01,2019-02-13,0,none,dry_negative,,3.2,MHO_GIR_2019-02-07
S001913,KAL_BAL,6.652,80.698,Kalu,2019-05-06,2019-04-30,2019-05-12,0,none,dry_negative,,3.2,KAL_BAL_2019-05-06
S001914,YAN_HOR,8.551,80.881,YanOya,2017-08-18,2017-08-12,2017-08-24,0,none,dry_negative,,3.2,YAN_HOR_2017-08-18
S001915,KEL_UP,6.831,80.616,Kelani,2022-02-20,2022-02-14,2022-02-26,0,none,dry_negative,,3.2,KEL_UP_2022-02-20
S001916,KEL_AVI,6.954,80.211,Kelani,2017-04-25,2017-04-19,2017-05-01,0,none,dry_negative,,3.2,KEL_AVI_2017-04-25
S001917,GIN_NEL,6.423,80.293,Gin,2018-08-18,2018-08-12,2018-08-24,0,none,dry_negative,,3.2,GIN_NEL_2018-08-18
S001918,MAH_POL,7.94,81.001,Mahaweli,2017-05-04,2017-04-28,2017-05-10,0,none,dry_negative,,3.2,MAH_POL_2017-05-04
S001919,KEL_KAD,6.933,79.983,Kelani,2020-05-11,2020-05-05,2020-05-17,0,none,dry_negative,,3.2,KEL_KAD_2020-05-11
S001920,WAL_EMB,6.343,80.851,Walawe,2017-06-18,2017-06-12,2017-06-24,0,none,dry_negative,,3.2,WAL_EMB_2017-06-18
S001921,KIR_TIS,6.281,81.281,KirindiOya,2023-08-10,2023-08-04,2023-08-16,0,none,dry_negative,,3.2,KIR_TIS_2023-08-10
S001922,KEL_COL,6.97,79.873,Kelani,2022-11-23,2022-11-17,2022-11-29,0,none,dry_negative,,3.2,KEL_COL_2022-11-23
S001923,ATT_NIT,7.141,80.098,AttanagaluOya,2019-08-02,2019-07-27,2019-08-08,0,none,dry_negative,,3.2,ATT_NIT_2019-08-02
S001924,BAT_ERA,7.771,81.601,Batticaloa,2021-10-01,2021-09-25,2021-10-07,0,none,dry_negative,,3.2,BAT_ERA_2021-10-01
S001925,NIL_MAT,5.949,80.55,Nilwala,2020-02-12,2020-02-06,2020-02-18,0,none,dry_negative,,3.2,NIL_MAT_2020-02-12
S001926,COL_KOT,6.888,79.901,ColomboMetro,2022-09-19,2022-09-13,2022-09-25,0,none,dry_negative,,3.2,COL_KOT_2022-09-19
S001927,BAT_ERA,7.771,81.601,Batticaloa,2022-09-27,2022-09-21,2022-10-03,0,none,dry_negative,,3.2,BAT_ERA_2022-09-27
S001928,MAH_NUW,6.949,80.782,Mahaweli,2015-08-30,2015-08-24,2015-09-05,0,none,dry_negative,,3.2,MAH_NUW_2015-08-30
S001929,MAH_MHY,7.331,81.001,Mahaweli,2019-05-26,2019-05-20,2019-06-01,0,none,dry_negative,,3.2,MAH_MHY_2019-05-26
S001930,NIL_MAT,5.949,80.55,Nilwala,2016-12-06,2016-11-30,2016-12-12,0,none,dry_negative,,3.2,NIL_MAT_2016-12-06
S001931,ATT_VEY,7.155,80.061,AttanagaluOya,2019-02-09,2019-02-03,2019-02-15,0,none,dry_negative,,3.2,ATT_VEY_2019-02-09
S001932,KEL_UP,6.831,80.616,Kelani,2020-04-07,2020-04-01,2020-04-13,0,none,dry_negative,,3.2,KEL_UP_2020-04-07
S001933,KAL_BAL,6.652,80.698,Kalu,2017-06-28,2017-06-22,2017-07-04,0,none,dry_negative,,3.2,KAL_BAL_2017-06-28
S001934,GIN_THA,6.331,80.331,Gin,2020-02-16,2020-02-10,2020-02-22,0,none,dry_negative,,3.2,GIN_THA_2020-02-16
S001935,NIL_PIT,6.3,80.552,Nilwala,2016-04-11,2016-04-05,2016-04-17,0,none,dry_negative,,3.2,NIL_PIT_2016-04-11
S001936,GAL_AMP,7.291,81.671,GalOya,2020-07-29,2020-07-23,2020-08-04,0,none,dry_negative,,3.2,GAL_AMP_2020-07-29
S001937,GIN_THA,6.331,80.331,Gin,2019-04-27,2019-04-21,2019-05-03,0,none,dry_negative,,3.2,GIN_THA_2019-04-27
S001938,ATT_NIT,7.141,80.098,AttanagaluOya,2022-07-21,2022-07-15,2022-07-27,0,none,dry_negative,,3.2,ATT_NIT_2022-07-21
S001939,BAT_BAT,7.717,81.7,Batticaloa,2016-03-21,2016-03-15,2016-03-27,0,none,dry_negative,,3.2,BAT_BAT_2016-03-21
S001940,NIL_MAT,5.949,80.55,Nilwala,2020-03-15,2020-03-09,2020-03-21,0,none,dry_negative,,3.2,NIL_MAT_2020-03-15
S001941,GIN_GAL,6.089,80.221,Gin,2016-03-24,2016-03-18,2016-03-30,0,none,dry_negative,,3.2,GIN_GAL_2016-03-24
S001942,MAH_NUW,6.949,80.782,Mahaweli,2017-07-24,2017-07-18,2017-07-30,0,none,dry_negative,,3.2,MAH_NUW_2017-07-24
S001943,NIL_MAT,5.949,80.55,Nilwala,2017-01-14,2017-01-08,2017-01-20,0,none,dry_negative,,3.2,NIL_MAT_2017-01-14
S001944,ATT_GAM,7.092,79.994,AttanagaluOya,2023-03-19,2023-03-13,2023-03-25,0,none,dry_negative,,3.2,ATT_GAM_2023-03-19
S001945,KEL_RUW,7.041,80.251,Kelani,2022-03-03,2022-02-25,2022-03-09,0,none,dry_negative,,3.2,KEL_RUW_2022-03-03
S001946,KAL_BUL,6.66,80.19,Kalu,2018-09-04,2018-08-29,2018-09-10,0,none,dry_negative,,3.2,KAL_BUL_2018-09-04
S001947,DED_CHI,7.576,79.797,DeduruOya,2019-01-21,2019-01-15,2019-01-27,0,none,dry_negative,,3.2,DED_CHI_2019-01-21
S001948,GIN_NEL,6.423,80.293,Gin,2022-05-10,2022-05-04,2022-05-16,0,none,dry_negative,,3.2,GIN_NEL_2022-05-10
S001949,KEL_AVI,6.954,80.211,Kelani,2019-03-14,2019-03-08,2019-03-20,0,none,dry_negative,,3.2,KEL_AVI_2019-03-14
S001950,ATT_VEY,7.155,80.061,AttanagaluOya,2016-01-20,2016-01-14,2016-01-26,0,none,dry_negative,,3.2,ATT_VEY_2016-01-20
S001951,GIN_GAL,6.089,80.221,Gin,2017-07-30,2017-07-24,2017-08-05,0,none,dry_negative,,3.2,GIN_GAL_2017-07-30
S001952,KAL_KLT,6.583,79.96,Kalu,2023-06-05,2023-05-30,2023-06-11,0,none,dry_negative,,3.2,KAL_KLT_2023-06-05
S001953,KAL_RAT,6.683,80.4,Kalu,2018-08-15,2018-08-09,2018-08-21,0,none,dry_negative,,3.2,KAL_RAT_2018-08-15
S001954,MAH_KAN,7.291,80.635,Mahaweli,2018-07-20,2018-07-14,2018-07-26,0,none,dry_negative,,3.2,MAH_KAN_2018-07-20
S001955,KEL_HAN,6.902,80.082,Kelani,2018-09-22,2018-09-16,2018-09-28,0,none,dry_negative,,3.2,KEL_HAN_2018-09-22
S001956,GIN_GAL,6.089,80.221,Gin,2022-10-01,2022-09-25,2022-10-07,0,none,dry_negative,,3.2,GIN_GAL_2022-10-01
S001957,KAL_RAT,6.683,80.4,Kalu,2019-09-09,2019-09-03,2019-09-15,0,none,dry_negative,,3.2,KAL_RAT_2019-09-09
S001958,BAT_VAL,7.921,81.531,Batticaloa,2020-06-18,2020-06-12,2020-06-24,0,none,dry_negative,,3.2,BAT_VAL_2020-06-18
S001959,KAL_BAL,6.652,80.698,Kalu,2021-08-11,2021-08-05,2021-08-17,0,none,dry_negative,,3.2,KAL_BAL_2021-08-11
S001960,BAT_ERA,7.771,81.601,Batticaloa,2024-03-18,2024-03-12,2024-03-24,0,none,dry_negative,,3.2,BAT_ERA_2024-03-18
S001961,BAT_BAT,7.717,81.7,Batticaloa,2019-09-09,2019-09-03,2019-09-15,0,none,dry_negative,,3.2,BAT_BAT_2019-09-09
S001962,ATT_VEY,7.155,80.061,AttanagaluOya,2019-02-02,2019-01-27,2019-02-08,0,none,dry_negative,,3.2,ATT_VEY_2019-02-02
S001963,GIN_BAD,6.171,80.19,Gin,2016-10-12,2016-10-06,2016-10-18,0,none,dry_negative,,3.2,GIN_BAD_2016-10-12
S001964,MHO_MOU,7.301,79.833,MahaOya,2019-07-20,2019-07-14,2019-07-26,0,none,dry_negative,,3.2,MHO_MOU_2019-07-20
S001965,MAH_VIC,7.241,80.781,Mahaweli,2019-03-30,2019-03-24,2019-04-05,0,none,dry_negative,,3.2,MAH_VIC_2019-03-30
S001966,NIL_PIT,6.3,80.552,Nilwala,2018-03-19,2018-03-13,2018-03-25,0,none,dry_negative,,3.2,NIL_PIT_2018-03-19
S001967,MHO_GIR,7.331,80.121,MahaOya,2018-02-26,2018-02-20,2018-03-04,0,none,dry_negative,,3.2,MHO_GIR_2018-02-26
S001968,MHO_MOU,7.301,79.833,MahaOya,2024-02-02,2024-01-27,2024-02-08,0,none,dry_negative,,3.2,MHO_MOU_2024-02-02
S001969,MAH_PER,7.271,80.598,Mahaweli,2016-07-24,2016-07-18,2016-07-30,0,none,dry_negative,,3.2,MAH_PER_2016-07-24
S001970,NIL_AKU,6.101,80.481,Nilwala,2022-01-02,2021-12-27,2022-01-08,0,none,dry_negative,,3.2,NIL_AKU_2022-01-02
S001971,BAT_BAT,7.717,81.7,Batticaloa,2023-08-12,2023-08-06,2023-08-18,0,none,dry_negative,,3.2,BAT_BAT_2023-08-12
S001972,YAN_HOR,8.551,80.881,YanOya,2020-03-15,2020-03-09,2020-03-21,0,none,dry_negative,,3.2,YAN_HOR_2020-03-15
S001973,COL_KOL,6.933,79.891,ColomboMetro,2024-10-09,2024-10-03,2024-10-15,0,none,dry_negative,,3.2,COL_KOL_2024-10-09
S001974,KAL_BUL,6.66,80.19,Kalu,2024-04-20,2024-04-14,2024-04-26,0,none,dry_negative,,3.2,KAL_BUL_2024-04-20
S001975,BAT_ERA,7.771,81.601,Batticaloa,2015-08-23,2015-08-17,2015-08-29,0,none,dry_negative,,3.2,BAT_ERA_2015-08-23
S001976,ATT_GAM,7.092,79.994,AttanagaluOya,2020-06-24,2020-06-18,2020-06-30,0,none,dry_negative,,3.2,ATT_GAM_2020-06-24
S001977,MHO_MOU,7.301,79.833,MahaOya,2017-07-23,2017-07-17,2017-07-29,0,none,dry_negative,,3.2,MHO_MOU_2017-07-23
S001978,GAL_AMP,7.291,81.671,GalOya,2018-01-27,2018-01-21,2018-02-02,0,none,dry_negative,,3.2,GAL_AMP_2018-01-27
S001979,GAL_ING,7.2,81.5,GalOya,2021-09-10,2021-09-04,2021-09-16,0,none,dry_negative,,3.2,GAL_ING_2021-09-10
S001980,ATT_GAM,7.092,79.994,AttanagaluOya,2021-03-11,2021-03-05,2021-03-17,0,none,dry_negative,,3.2,ATT_GAM_2021-03-11
S001981,WAL_AMB,6.121,81.021,Walawe,2022-03-10,2022-03-04,2022-03-16,0,none,dry_negative,,3.2,WAL_AMB_2022-03-10
S001982,WAL_EMB,6.343,80.851,Walawe,2020-10-17,2020-10-11,2020-10-23,0,none,dry_negative,,3.2,WAL_EMB_2020-10-17
S001983,KAL_BUL,6.66,80.19,Kalu,2020-05-16,2020-05-10,2020-05-22,0,none,dry_negative,,3.2,KAL_BUL_2020-05-16
S001984,GIN_NEL,6.423,80.293,Gin,2016-02-22,2016-02-16,2016-02-28,0,none,dry_negative,,3.2,GIN_NEL_2016-02-22
S001985,MAL_ANU,8.351,80.401,MalwathuOya,2018-07-28,2018-07-22,2018-08-03,0,none,dry_negative,,3.2,MAL_ANU_2018-07-28
S001986,WAL_AMB,6.121,81.021,Walawe,2020-07-12,2020-07-06,2020-07-18,0,none,dry_negative,,3.2,WAL_AMB_2020-07-12
S001987,GAL_ING,7.2,81.5,GalOya,2023-07-25,2023-07-19,2023-07-31,0,none,dry_negative,,3.2,GAL_ING_2023-07-25
S001988,MHO_GIR,7.331,80.121,MahaOya,2023-08-04,2023-07-29,2023-08-10,0,none,dry_negative,,3.2,MHO_GIR_2023-08-04
S001989,NIL_PIT,6.3,80.552,Nilwala,2023-08-12,2023-08-06,2023-08-18,0,none,dry_negative,,3.2,NIL_PIT_2023-08-12
S001990,MAL_ANU,8.351,80.401,MalwathuOya,2019-06-15,2019-06-09,2019-06-21,0,none,dry_negative,,3.2,MAL_ANU_2019-06-15
S001991,YAN_HOR,8.551,80.881,YanOya,2022-10-19,2022-10-13,2022-10-25,0,none,dry_negative,,3.2,YAN_HOR_2022-10-19
S001992,KLA_ELA,8.151,79.851,KalaOya,2018-09-22,2018-09-16,2018-09-28,0,none,dry_negative,,3.2,KLA_ELA_2018-09-22
S001993,MAH_NUW,6.949,80.782,Mahaweli,2022-01-12,2022-01-06,2022-01-18,0,none,dry_negative,,3.2,MAH_NUW_2022-01-12
S001994,ATT_GAM,7.092,79.994,AttanagaluOya,2020-02-11,2020-02-05,2020-02-17,0,none,dry_negative,,3.2,ATT_GAM_2020-02-11
S001995,KEL_AVI,6.954,80.211,Kelani,2017-04-08,2017-04-02,2017-04-14,0,none,dry_negative,,3.2,KEL_AVI_2017-04-08
S001996,KEL_UP,6.831,80.616,Kelani,2017-02-21,2017-02-15,2017-02-27,0,none,dry_negative,,3.2,KEL_UP_2017-02-21
S001997,MAL_ANU,8.351,80.401,MalwathuOya,2019-04-24,2019-04-18,2019-04-30,0,none,dry_negative,,3.2,MAL_ANU_2019-04-24
S001998,WAL_AMB,6.121,81.021,Walawe,2016-11-10,2016-11-04,2016-11-16,0,none,dry_negative,,3.2,WAL_AMB_2016-11-10
S001999,GAL_ING,7.2,81.5,GalOya,2023-04-19,2023-04-13,2023-04-25,0,none,dry_negative,,3.2,GAL_ING_2023-04-19
S002000,MAH_KAN,7.291,80.635,Mahaweli,2016-04-16,2016-04-10,2016-04-22,0,none,dry_negative,,3.2,MAH_KAN_2016-04-16
S002001,NIL_AKU,6.101,80.481,Nilwala,2020-07-04,2020-06-28,2020-07-10,0,none,dry_negative,,3.2,NIL_AKU_2020-07-04
S002002,BAT_BAT,7.717,81.7,Batticaloa,2023-08-19,2023-08-13,2023-08-25,0,none,dry_negative,,3.2,BAT_BAT_2023-08-19
S002003,ATT_GAM,7.092,79.994,AttanagaluOya,2021-04-14,2021-04-08,2021-04-20,0,none,dry_negative,,3.2,ATT_GAM_2021-04-14
S002004,KEL_AVI,6.954,80.211,Kelani,2022-05-11,2022-05-05,2022-05-17,0,none,dry_negative,,3.2,KEL_AVI_2022-05-11
S002005,GAL_AMP,7.291,81.671,GalOya,2016-09-07,2016-09-01,2016-09-13,0,none,dry_negative,,3.2,GAL_AMP_2016-09-07
S002006,GIN_THA,6.331,80.331,Gin,2021-08-05,2021-07-30,2021-08-11,0,none,dry_negative,,3.2,GIN_THA_2021-08-05
S002007,MAH_MHY,7.331,81.001,Mahaweli,2017-07-04,2017-06-28,2017-07-10,0,none,dry_negative,,3.2,MAH_MHY_2017-07-04
S002008,GIN_THA,6.331,80.331,Gin,2020-03-10,2020-03-04,2020-03-16,0,none,dry_negative,,3.2,GIN_THA_2020-03-10
S002009,MHO_MOU,7.301,79.833,MahaOya,2023-04-13,2023-04-07,2023-04-19,0,none,dry_negative,,3.2,MHO_MOU_2023-04-13
S002010,MAH_KAN,7.291,80.635,Mahaweli,2024-04-30,2024-04-24,2024-05-06,0,none,dry_negative,,3.2,MAH_KAN_2024-04-30
S002011,DED_KUR,7.487,80.362,DeduruOya,2019-09-09,2019-09-03,2019-09-15,0,none,dry_negative,,3.2,DED_KUR_2019-09-09
S002012,KAL_BAL,6.652,80.698,Kalu,2020-09-15,2020-09-09,2020-09-21,0,none,dry_negative,,3.2,KAL_BAL_2020-09-15
S002013,MAH_MAN,7.921,81.101,Mahaweli,2017-07-07,2017-07-01,2017-07-13,0,none,dry_negative,,3.2,MAH_MAN_2017-07-07
S002014,BAT_ERA,7.771,81.601,Batticaloa,2019-04-18,2019-04-12,2019-04-24,0,none,dry_negative,,3.2,BAT_ERA_2019-04-18
S002015,MAH_PER,7.271,80.598,Mahaweli,2016-07-16,2016-07-10,2016-07-22,0,none,dry_negative,,3.2,MAH_PER_2016-07-16
S002016,KAL_AGA,6.535,80.15,Kalu,2018-03-19,2018-03-13,2018-03-25,0,none,dry_negative,,3.2,KAL_AGA_2018-03-19
S002017,BAT_BAT,7.717,81.7,Batticaloa,2015-07-03,2015-06-27,2015-07-09,0,none,dry_negative,,3.2,BAT_BAT_2015-07-03
S002018,MAL_MAN,8.951,79.951,MalwathuOya,2024-07-27,2024-07-21,2024-08-02,0,none,dry_negative,,3.2,MAL_MAN_2024-07-27
S002019,DED_CHI,7.576,79.797,DeduruOya,2016-07-11,2016-07-05,2016-07-17,0,none,dry_negative,,3.2,DED_CHI_2016-07-11
S002020,KEL_UP,6.831,80.616,Kelani,2023-04-13,2023-04-07,2023-04-19,0,none,dry_negative,,3.2,KEL_UP_2023-04-13
S002021,GIN_GAL,6.089,80.221,Gin,2016-09-08,2016-09-02,2016-09-14,0,none,dry_negative,,3.2,GIN_GAL_2016-09-08
S002022,GAL_AMP,7.291,81.671,GalOya,2022-05-23,2022-05-17,2022-05-29,0,none,dry_negative,,3.2,GAL_AMP_2022-05-23
S002023,NIL_PIT,6.3,80.552,Nilwala,2015-04-06,2015-03-31,2015-04-12,0,none,dry_negative,,3.2,NIL_PIT_2015-04-06
S002024,DED_CHI,7.576,79.797,DeduruOya,2019-06-15,2019-06-09,2019-06-21,0,none,dry_negative,,3.2,DED_CHI_2019-06-15
S002025,ATT_GAM,7.092,79.994,AttanagaluOya,2018-02-08,2018-02-02,2018-02-14,0,none,dry_negative,,3.2,ATT_GAM_2018-02-08
S002026,ATT_GAM,7.092,79.994,AttanagaluOya,2021-04-09,2021-04-03,2021-04-15,0,none,dry_negative,,3.2,ATT_GAM_2021-04-09
S002027,KAL_BUL,6.66,80.19,Kalu,2020-10-25,2020-10-19,2020-10-31,0,none,dry_negative,,3.2,KAL_BUL_2020-10-25
S002028,KIR_TIS,6.281,81.281,KirindiOya,2019-10-04,2019-09-28,2019-10-10,0,none,dry_negative,,3.2,KIR_TIS_2019-10-04
S002029,KLA_ELA,8.151,79.851,KalaOya,2019-07-24,2019-07-18,2019-07-30,0,none,dry_negative,,3.2,KLA_ELA_2019-07-24
S002030,MAH_VIC,7.241,80.781,Mahaweli,2022-03-28,2022-03-22,2022-04-03,0,none,dry_negative,,3.2,MAH_VIC_2022-03-28
S002031,MHO_MOU,7.301,79.833,MahaOya,2015-03-21,2015-03-15,2015-03-27,0,none,dry_negative,,3.2,MHO_MOU_2015-03-21
S002032,KLA_ELA,8.151,79.851,KalaOya,2019-09-04,2019-08-29,2019-09-10,0,none,dry_negative,,3.2,KLA_ELA_2019-09-04
S002033,GIN_BAD,6.171,80.19,Gin,2019-03-06,2019-02-28,2019-03-12,0,none,dry_negative,,3.2,GIN_BAD_2019-03-06
S002034,BAT_VAL,7.921,81.531,Batticaloa,2022-05-16,2022-05-10,2022-05-22,0,none,dry_negative,,3.2,BAT_VAL_2022-05-16
S002035,KEL_RUW,7.041,80.251,Kelani,2020-03-22,2020-03-16,2020-03-28,0,none,dry_negative,,3.2,KEL_RUW_2020-03-22
S002036,KEL_HAN,6.902,80.082,Kelani,2019-06-15,2019-06-09,2019-06-21,0,none,dry_negative,,3.2,KEL_HAN_2019-06-15
S002037,MAH_MAN,7.921,81.101,Mahaweli,2019-07-31,2019-07-25,2019-08-06,0,none,dry_negative,,3.2,MAH_MAN_2019-07-31
S002038,NIL_AKU,6.101,80.481,Nilwala,2023-08-01,2023-07-26,2023-08-07,0,none,dry_negative,,3.2,NIL_AKU_2023-08-01
S002039,MAH_POL,7.94,81.001,Mahaweli,2017-06-28,2017-06-22,2017-07-04,0,none,dry_negative,,3.2,MAH_POL_2017-06-28
S002040,MAL_ANU,8.351,80.401,MalwathuOya,2018-07-02,2018-06-26,2018-07-08,0,none,dry_negative,,3.2,MAL_ANU_2018-07-02
S002041,KAL_RAT,6.683,80.4,Kalu,2020-03-07,2020-03-01,2020-03-13,0,none,dry_negative,,3.2,KAL_RAT_2020-03-07
S002042,KIR_TIS,6.281,81.281,KirindiOya,2022-06-16,2022-06-10,2022-06-22,0,none,dry_negative,,3.2,KIR_TIS_2022-06-16
S002043,GAL_AMP,7.291,81.671,GalOya,2016-04-22,2016-04-16,2016-04-28,0,none,dry_negative,,3.2,GAL_AMP_2016-04-22
S002044,DED_KUR,7.487,80.362,DeduruOya,2020-02-26,2020-02-20,2020-03-03,0,none,dry_negative,,3.2,DED_KUR_2020-02-26
S002045,DED_WAR,7.621,80.231,DeduruOya,2017-10-08,2017-10-02,2017-10-14,0,none,dry_negative,,3.2,DED_WAR_2017-10-08
S002046,COL_KOL,6.933,79.891,ColomboMetro,2017-03-20,2017-03-14,2017-03-26,0,none,dry_negative,,3.2,COL_KOL_2017-03-20
S002047,YAN_HOR,8.551,80.881,YanOya,2017-10-24,2017-10-18,2017-10-30,0,none,dry_negative,,3.2,YAN_HOR_2017-10-24
S002048,WAL_EMB,6.343,80.851,Walawe,2019-08-04,2019-07-29,2019-08-10,0,none,dry_negative,,3.2,WAL_EMB_2019-08-04
S002049,KEL_AVI,6.954,80.211,Kelani,2023-06-19,2023-06-13,2023-06-25,0,none,dry_negative,,3.2,KEL_AVI_2023-06-19
S002050,MAL_MAN,8.951,79.951,MalwathuOya,2017-01-14,2017-01-08,2017-01-20,0,none,dry_negative,,3.2,MAL_MAN_2017-01-14
S002051,DED_WAR,7.621,80.231,DeduruOya,2017-07-14,2017-07-08,2017-07-20,0,none,dry_negative,,3.2,DED_WAR_2017-07-14
S002052,COL_KOT,6.888,79.901,ColomboMetro,2016-04-02,2016-03-27,2016-04-08,0,none,dry_negative,,3.2,COL_KOT_2016-04-02
S002053,KAL_AGA,6.535,80.15,Kalu,2019-01-15,2019-01-09,2019-01-21,0,none,dry_negative,,3.2,KAL_AGA_2019-01-15
S002054,KAL_KLT,6.583,79.96,Kalu,2019-06-05,2019-05-30,2019-06-11,0,none,dry_negative,,3.2,KAL_KLT_2019-06-05
S002055,MAH_POL,7.94,81.001,Mahaweli,2023-08-13,2023-08-07,2023-08-19,0,none,dry_negative,,3.2,MAH_POL_2023-08-13
S002056,KEL_KIT,6.989,80.412,Kelani,2019-05-11,2019-05-05,2019-05-17,0,none,dry_negative,,3.2,KEL_KIT_2019-05-11
S002057,GAL_ING,7.2,81.5,GalOya,2019-04-11,2019-04-05,2019-04-17,0,none,dry_negative,,3.2,GAL_ING_2019-04-11
S002058,KEL_HAN,6.902,80.082,Kelani,2017-10-04,2017-09-28,2017-10-10,0,none,dry_negative,,3.2,KEL_HAN_2017-10-04
S002059,KAL_KLT,6.583,79.96,Kalu,2017-03-18,2017-03-12,2017-03-24,0,none,dry_negative,,3.2,KAL_KLT_2017-03-18
S002060,KLA_ELA,8.151,79.851,KalaOya,2018-09-12,2018-09-06,2018-09-18,0,none,dry_negative,,3.2,KLA_ELA_2018-09-12
S002061,MAH_NUW,6.949,80.782,Mahaweli,2023-06-29,2023-06-23,2023-07-05,0,none,dry_negative,,3.2,MAH_NUW_2023-06-29
S002062,KAL_AGA,6.535,80.15,Kalu,2019-05-29,2019-05-23,2019-06-04,0,none,dry_negative,,3.2,KAL_AGA_2019-05-29
S002063,KEL_HAN,6.902,80.082,Kelani,2021-02-14,2021-02-08,2021-02-20,0,none,dry_negative,,3.2,KEL_HAN_2021-02-14
S002064,GIN_BAD,6.171,80.19,Gin,2024-03-08,2024-03-02,2024-03-14,0,none,dry_negative,,3.2,GIN_BAD_2024-03-08
S002065,MAL_ANU,8.351,80.401,MalwathuOya,2020-06-08,2020-06-02,2020-06-14,0,none,dry_negative,,3.2,MAL_ANU_2020-06-08
S002066,GIN_THA,6.331,80.331,Gin,2019-07-05,2019-06-29,2019-07-11,0,none,dry_negative,,3.2,GIN_THA_2019-07-05
S002067,KLA_ELA,8.151,79.851,KalaOya,2020-08-06,2020-07-31,2020-08-12,0,none,dry_negative,,3.2,KLA_ELA_2020-08-06
S002068,COL_KOL,6.933,79.891,ColomboMetro,2023-08-01,2023-07-26,2023-08-07,0,none,dry_negative,,3.2,COL_KOL_2023-08-01
S002069,BAT_ERA,7.771,81.601,Batticaloa,2024-08-01,2024-07-26,2024-08-07,0,none,dry_negative,,3.2,BAT_ERA_2024-08-01
S002070,NIL_AKU,6.101,80.481,Nilwala,2022-04-10,2022-04-04,2022-04-16,0,none,dry_negative,,3.2,NIL_AKU_2022-04-10
S002071,KEL_KAD,6.933,79.983,Kelani,2024-04-13,2024-04-07,2024-04-19,0,none,dry_negative,,3.2,KEL_KAD_2024-04-13
S002072,BAT_BAT,7.717,81.7,Batticaloa,2016-06-19,2016-06-13,2016-06-25,0,none,dry_negative,,3.2,BAT_BAT_2016-06-19
S002073,ATT_JAE,7.074,79.892,AttanagaluOya,2023-05-28,2023-05-22,2023-06-03,0,none,dry_negative,,3.2,ATT_JAE_2023-05-28
S002074,ATT_GAM,7.092,79.994,AttanagaluOya,2019-03-06,2019-02-28,2019-03-12,0,none,dry_negative,,3.2,ATT_GAM_2019-03-06
S002075,KIR_TIS,6.281,81.281,KirindiOya,2017-06-05,2017-05-30,2017-06-11,0,none,dry_negative,,3.2,KIR_TIS_2017-06-05
S002076,MAL_MAN,8.951,79.951,MalwathuOya,2018-04-20,2018-04-14,2018-04-26,0,none,dry_negative,,3.2,MAL_MAN_2018-04-20
S002077,KEL_UP,6.831,80.616,Kelani,2020-06-20,2020-06-14,2020-06-26,0,none,dry_negative,,3.2,KEL_UP_2020-06-20
S002078,GIN_GAL,6.089,80.221,Gin,2020-01-14,2020-01-08,2020-01-20,0,none,dry_negative,,3.2,GIN_GAL_2020-01-14
S002079,ATT_NIT,7.141,80.098,AttanagaluOya,2015-02-09,2015-02-03,2015-02-15,0,none,dry_negative,,3.2,ATT_NIT_2015-02-09
S002080,NIL_PIT,6.3,80.552,Nilwala,2016-07-16,2016-07-10,2016-07-22,0,none,dry_negative,,3.2,NIL_PIT_2016-07-16
S002081,KAL_KLT,6.583,79.96,Kalu,2017-03-04,2017-02-26,2017-03-10,0,none,dry_negative,,3.2,KAL_KLT_2017-03-04
S002082,MAH_POL,7.94,81.001,Mahaweli,2022-06-11,2022-06-05,2022-06-17,0,none,dry_negative,,3.2,MAH_POL_2022-06-11
S002083,WAL_UDA,6.441,80.881,Walawe,2020-02-17,2020-02-11,2020-02-23,0,none,dry_negative,,3.2,WAL_UDA_2020-02-17
S002084,ATT_GAM,7.092,79.994,AttanagaluOya,2018-01-02,2017-12-27,2018-01-08,0,none,dry_negative,,3.2,ATT_GAM_2018-01-02
S002085,MAH_PER,7.271,80.598,Mahaweli,2018-04-04,2018-03-29,2018-04-10,0,none,dry_negative,,3.2,MAH_PER_2018-04-04
S002086,DED_WAR,7.621,80.231,DeduruOya,2017-01-07,2017-01-01,2017-01-13,0,none,dry_negative,,3.2,DED_WAR_2017-01-07
S002087,KEL_KIT,6.989,80.412,Kelani,2023-07-13,2023-07-07,2023-07-19,0,none,dry_negative,,3.2,KEL_KIT_2023-07-13
S002088,COL_KOT,6.888,79.901,ColomboMetro,2016-04-28,2016-04-22,2016-05-04,0,none,dry_negative,,3.2,COL_KOT_2016-04-28
S002089,MAL_ANU,8.351,80.401,MalwathuOya,2020-04-15,2020-04-09,2020-04-21,0,none,dry_negative,,3.2,MAL_ANU_2020-04-15
S002090,ATT_VEY,7.155,80.061,AttanagaluOya,2022-05-07,2022-05-01,2022-05-13,0,none,dry_negative,,3.2,ATT_VEY_2022-05-07
S002091,KEL_RUW,7.041,80.251,Kelani,2018-03-20,2018-03-14,2018-03-26,0,none,dry_negative,,3.2,KEL_RUW_2018-03-20
S002092,KEL_AVI,6.954,80.211,Kelani,2023-06-10,2023-06-04,2023-06-16,0,none,dry_negative,,3.2,KEL_AVI_2023-06-10
S002093,KEL_RUW,7.041,80.251,Kelani,2016-12-22,2016-12-16,2016-12-28,0,none,dry_negative,,3.2,KEL_RUW_2016-12-22
S002094,DED_CHI,7.576,79.797,DeduruOya,2016-03-16,2016-03-10,2016-03-22,0,none,dry_negative,,3.2,DED_CHI_2016-03-16
S002095,MAH_MAN,7.921,81.101,Mahaweli,2018-07-23,2018-07-17,2018-07-29,0,none,dry_negative,,3.2,MAH_MAN_2018-07-23
S002096,NIL_URA,6.231,80.601,Nilwala,2024-04-15,2024-04-09,2024-04-21,0,none,dry_negative,,3.2,NIL_URA_2024-04-15
S002097,BAT_ERA,7.771,81.601,Batticaloa,2021-07-29,2021-07-23,2021-08-04,0,none,dry_negative,,3.2,BAT_ERA_2021-07-29
S002098,MHO_MOU,7.301,79.833,MahaOya,2018-02-24,2018-02-18,2018-03-02,0,none,dry_negative,,3.2,MHO_MOU_2018-02-24
S002099,MAL_MAN,8.951,79.951,MalwathuOya,2018-09-26,2018-09-20,2018-10-02,0,none,dry_negative,,3.2,MAL_MAN_2018-09-26
S002100,ATT_VEY,7.155,80.061,AttanagaluOya,2016-10-22,2016-10-16,2016-10-28,0,none,dry_negative,,3.2,ATT_VEY_2016-10-22
S002101,KEL_HAN,6.902,80.082,Kelani,2022-02-24,2022-02-18,2022-03-02,0,none,dry_negative,,3.2,KEL_HAN_2022-02-24
S002102,KEL_RUW,7.041,80.251,Kelani,2022-10-01,2022-09-25,2022-10-07,0,none,dry_negative,,3.2,KEL_RUW_2022-10-01
S002103,KLA_ELA,8.151,79.851,KalaOya,2019-08-23,2019-08-17,2019-08-29,0,none,dry_negative,,3.2,KLA_ELA_2019-08-23
S002104,DED_WAR,7.621,80.231,DeduruOya,2016-02-21,2016-02-15,2016-02-27,0,none,dry_negative,,3.2,DED_WAR_2016-02-21
S002105,COL_KOL,6.933,79.891,ColomboMetro,2020-10-19,2020-10-13,2020-10-25,0,none,dry_negative,,3.2,COL_KOL_2020-10-19
S002106,MAH_PER,7.271,80.598,Mahaweli,2016-03-03,2016-02-26,2016-03-09,0,none,dry_negative,,3.2,MAH_PER_2016-03-03
S002107,ATT_JAE,7.074,79.892,AttanagaluOya,2021-02-11,2021-02-05,2021-02-17,0,none,dry_negative,,3.2,ATT_JAE_2021-02-11
S002108,MAH_MAN,7.921,81.101,Mahaweli,2019-08-16,2019-08-10,2019-08-22,0,none,dry_negative,,3.2,MAH_MAN_2019-08-16
S002109,ATT_VEY,7.155,80.061,AttanagaluOya,2020-07-03,2020-06-27,2020-07-09,0,none,dry_negative,,3.2,ATT_VEY_2020-07-03
S002110,KAL_BUL,6.66,80.19,Kalu,2019-04-27,2019-04-21,2019-05-03,0,none,dry_negative,,3.2,KAL_BUL_2019-04-27
S002111,KEL_HAN,6.902,80.082,Kelani,2019-06-28,2019-06-22,2019-07-04,0,none,dry_negative,,3.2,KEL_HAN_2019-06-28
S002112,MAH_POL,7.94,81.001,Mahaweli,2019-03-08,2019-03-02,2019-03-14,0,none,dry_negative,,3.2,MAH_POL_2019-03-08
S002113,KAL_BUL,6.66,80.19,Kalu,2024-04-24,2024-04-18,2024-04-30,0,none,dry_negative,,3.2,KAL_BUL_2024-04-24
S002114,COL_KOL,6.933,79.891,ColomboMetro,2024-02-05,2024-01-30,2024-02-11,0,none,dry_negative,,3.2,COL_KOL_2024-02-05
S002115,MAL_ANU,8.351,80.401,MalwathuOya,2018-05-14,2018-05-08,2018-05-20,0,none,dry_negative,,3.2,MAL_ANU_2018-05-14
S002116,WAL_AMB,6.121,81.021,Walawe,2021-10-17,2021-10-11,2021-10-23,0,none,dry_negative,,3.2,WAL_AMB_2021-10-17
S002117,COL_KOL,6.933,79.891,ColomboMetro,2023-01-24,2023-01-18,2023-01-30,0,none,dry_negative,,3.2,COL_KOL_2023-01-24
S002118,MAL_ANU,8.351,80.401,MalwathuOya,2019-06-30,2019-06-24,2019-07-06,0,none,dry_negative,,3.2,MAL_ANU_2019-06-30
S002119,BAT_ERA,7.771,81.601,Batticaloa,2020-06-02,2020-05-27,2020-06-08,0,none,dry_negative,,3.2,BAT_ERA_2020-06-02
S002120,MAL_ANU,8.351,80.401,MalwathuOya,2019-06-28,2019-06-22,2019-07-04,0,none,dry_negative,,3.2,MAL_ANU_2019-06-28
S002121,GIN_GAL,6.089,80.221,Gin,2022-01-14,2022-01-08,2022-01-20,0,none,dry_negative,,3.2,GIN_GAL_2022-01-14
S002122,COL_KOT,6.888,79.901,ColomboMetro,2019-05-13,2019-05-07,2019-05-19,0,none,dry_negative,,3.2,COL_KOT_2019-05-13
S002123,MHO_GIR,7.331,80.121,MahaOya,2019-04-15,2019-04-09,2019-04-21,0,none,dry_negative,,3.2,MHO_GIR_2019-04-15
S002124,MAH_VIC,7.241,80.781,Mahaweli,2019-09-14,2019-09-08,2019-09-20,0,none,dry_negative,,3.2,MAH_VIC_2019-09-14
S002125,BAT_ERA,7.771,81.601,Batticaloa,2023-06-29,2023-06-23,2023-07-05,0,none,dry_negative,,3.2,BAT_ERA_2023-06-29
S002126,COL_KOT,6.888,79.901,ColomboMetro,2016-04-07,2016-04-01,2016-04-13,0,none,dry_negative,,3.2,COL_KOT_2016-04-07
S002127,WAL_AMB,6.121,81.021,Walawe,2017-05-29,2017-05-23,2017-06-04,0,none,dry_negative,,3.2,WAL_AMB_2017-05-29
S002128,ATT_JAE,7.074,79.892,AttanagaluOya,2021-04-30,2021-04-24,2021-05-06,0,none,dry_negative,,3.2,ATT_JAE_2021-04-30
S002129,NIL_MAT,5.949,80.55,Nilwala,2021-08-24,2021-08-18,2021-08-30,0,none,dry_negative,,3.2,NIL_MAT_2021-08-24
S002130,KEL_HAN,6.902,80.082,Kelani,2024-03-30,2024-03-24,2024-04-05,0,none,dry_negative,,3.2,KEL_HAN_2024-03-30
S002131,KEL_HAN,6.902,80.082,Kelani,2019-01-12,2019-01-06,2019-01-18,0,none,dry_negative,,3.2,KEL_HAN_2019-01-12
S002132,GIN_THA,6.331,80.331,Gin,2022-05-13,2022-05-07,2022-05-19,0,none,dry_negative,,3.2,GIN_THA_2022-05-13
S002133,DED_WAR,7.621,80.231,DeduruOya,2021-04-06,2021-03-31,2021-04-12,0,none,dry_negative,,3.2,DED_WAR_2021-04-06
S002134,COL_KOL,6.933,79.891,ColomboMetro,2024-10-05,2024-09-29,2024-10-11,0,none,dry_negative,,3.2,COL_KOL_2024-10-05
S002135,KEL_RUW,7.041,80.251,Kelani,2022-01-31,2022-01-25,2022-02-06,0,none,dry_negative,,3.2,KEL_RUW_2022-01-31
S002136,BAT_VAL,7.921,81.531,Batticaloa,2017-07-03,2017-06-27,2017-07-09,0,none,dry_negative,,3.2,BAT_VAL_2017-07-03
S002137,DED_WAR,7.621,80.231,DeduruOya,2019-08-21,2019-08-15,2019-08-27,0,none,dry_negative,,3.2,DED_WAR_2019-08-21
S002138,WAL_UDA,6.441,80.881,Walawe,2020-04-19,2020-04-13,2020-04-25,0,none,dry_negative,,3.2,WAL_UDA_2020-04-19
S002139,GAL_ING,7.2,81.5,GalOya,2022-07-15,2022-07-09,2022-07-21,0,none,dry_negative,,3.2,GAL_ING_2022-07-15
S002140,KEL_HAN,6.902,80.082,Kelani,2020-03-23,2020-03-17,2020-03-29,0,none,dry_negative,,3.2,KEL_HAN_2020-03-23
S002141,MAL_ANU,8.351,80.401,MalwathuOya,2019-07-06,2019-06-30,2019-07-12,0,none,dry_negative,,3.2,MAL_ANU_2019-07-06
S002142,ATT_GAM,7.092,79.994,AttanagaluOya,2016-12-31,2016-12-25,2017-01-06,0,none,dry_negative,,3.2,ATT_GAM_2016-12-31
S002143,BAT_VAL,7.921,81.531,Batticaloa,2022-05-22,2022-05-16,2022-05-28,0,none,dry_negative,,3.2,BAT_VAL_2022-05-22
S002144,NIL_PIT,6.3,80.552,Nilwala,2020-06-17,2020-06-11,2020-06-23,0,none,dry_negative,,3.2,NIL_PIT_2020-06-17
S002145,KEL_UP,6.831,80.616,Kelani,2017-06-26,2017-06-20,2017-07-02,0,none,dry_negative,,3.2,KEL_UP_2017-06-26
S002146,KAL_BAL,6.652,80.698,Kalu,2015-08-14,2015-08-08,2015-08-20,0,none,dry_negative,,3.2,KAL_BAL_2015-08-14
S002147,WAL_AMB,6.121,81.021,Walawe,2022-08-29,2022-08-23,2022-09-04,0,none,dry_negative,,3.2,WAL_AMB_2022-08-29
S002148,ATT_JAE,7.074,79.892,AttanagaluOya,2020-10-24,2020-10-18,2020-10-30,0,none,dry_negative,,3.2,ATT_JAE_2020-10-24
S002149,KAL_BUL,6.66,80.19,Kalu,2020-03-17,2020-03-11,2020-03-23,0,none,dry_negative,,3.2,KAL_BUL_2020-03-17
S002150,WAL_UDA,6.441,80.881,Walawe,2019-08-07,2019-08-01,2019-08-13,0,none,dry_negative,,3.2,WAL_UDA_2019-08-07
S002151,KAL_RAT,6.683,80.4,Kalu,2016-02-19,2016-02-13,2016-02-25,0,none,dry_negative,,3.2,KAL_RAT_2016-02-19
S002152,ATT_JAE,7.074,79.892,AttanagaluOya,2023-01-24,2023-01-18,2023-01-30,0,none,dry_negative,,3.2,ATT_JAE_2023-01-24
S002153,ATT_GAM,7.092,79.994,AttanagaluOya,2019-03-12,2019-03-06,2019-03-18,0,none,dry_negative,,3.2,ATT_GAM_2019-03-12
S002154,KEL_KIT,6.989,80.412,Kelani,2016-08-30,2016-08-24,2016-09-05,0,none,dry_negative,,3.2,KEL_KIT_2016-08-30
S002155,MAH_MAN,7.921,81.101,Mahaweli,2016-06-24,2016-06-18,2016-06-30,0,none,dry_negative,,3.2,MAH_MAN_2016-06-24
S002156,COL_KOT,6.888,79.901,ColomboMetro,2023-07-11,2023-07-05,2023-07-17,0,none,dry_negative,,3.2,COL_KOT_2023-07-11
S002157,ATT_JAE,7.074,79.892,AttanagaluOya,2018-02-28,2018-02-22,2018-03-06,0,none,dry_negative,,3.2,ATT_JAE_2018-02-28
S002158,KEL_KIT,6.989,80.412,Kelani,2020-04-06,2020-03-31,2020-04-12,0,none,dry_negative,,3.2,KEL_KIT_2020-04-06
S002159,NIL_MAT,5.949,80.55,Nilwala,2023-04-10,2023-04-04,2023-04-16,0,none,dry_negative,,3.2,NIL_MAT_2023-04-10
S002160,GIN_GAL,6.089,80.221,Gin,2019-01-18,2019-01-12,2019-01-24,0,none,dry_negative,,3.2,GIN_GAL_2019-01-18
S002161,KEL_RUW,7.041,80.251,Kelani,2015-02-04,2015-01-29,2015-02-10,0,none,dry_negative,,3.2,KEL_RUW_2015-02-04
S002162,NIL_URA,6.231,80.601,Nilwala,2021-07-20,2021-07-14,2021-07-26,0,none,dry_negative,,3.2,NIL_URA_2021-07-20
S002163,BAT_ERA,7.771,81.601,Batticaloa,2022-05-04,2022-04-28,2022-05-10,0,none,dry_negative,,3.2,BAT_ERA_2022-05-04
S002164,GAL_AMP,7.291,81.671,GalOya,2023-04-21,2023-04-15,2023-04-27,0,none,dry_negative,,3.2,GAL_AMP_2023-04-21
S002165,GIN_BAD,6.171,80.19,Gin,2024-02-20,2024-02-14,2024-02-26,0,none,dry_negative,,3.2,GIN_BAD_2024-02-20
S002166,YAN_HOR,8.551,80.881,YanOya,2018-07-01,2018-06-25,2018-07-07,0,none,dry_negative,,3.2,YAN_HOR_2018-07-01
S002167,KAL_RAT,6.683,80.4,Kalu,2021-10-02,2021-09-26,2021-10-08,0,none,dry_negative,,3.2,KAL_RAT_2021-10-02
S002168,NIL_URA,6.231,80.601,Nilwala,2022-08-31,2022-08-25,2022-09-06,0,none,dry_negative,,3.2,NIL_URA_2022-08-31
S002169,MAH_NUW,6.949,80.782,Mahaweli,2023-03-18,2023-03-12,2023-03-24,0,none,dry_negative,,3.2,MAH_NUW_2023-03-18
S002170,DED_CHI,7.576,79.797,DeduruOya,2019-02-21,2019-02-15,2019-02-27,0,none,dry_negative,,3.2,DED_CHI_2019-02-21
S002171,KAL_RAT,6.683,80.4,Kalu,2024-08-08,2024-08-02,2024-08-14,0,none,dry_negative,,3.2,KAL_RAT_2024-08-08
S002172,MAH_POL,7.94,81.001,Mahaweli,2022-09-16,2022-09-10,2022-09-22,0,none,dry_negative,,3.2,MAH_POL_2022-09-16
S002173,YAN_HOR,8.551,80.881,YanOya,2024-09-29,2024-09-23,2024-10-05,0,none,dry_negative,,3.2,YAN_HOR_2024-09-29
S002174,KEL_HAN,6.902,80.082,Kelani,2018-01-13,2018-01-07,2018-01-19,0,none,dry_negative,,3.2,KEL_HAN_2018-01-13
S002175,ATT_JAE,7.074,79.892,AttanagaluOya,2020-12-12,2020-12-06,2020-12-18,0,none,dry_negative,,3.2,ATT_JAE_2020-12-12
S002176,KEL_KAD,6.933,79.983,Kelani,2021-06-24,2021-06-18,2021-06-30,0,none,dry_negative,,3.2,KEL_KAD_2021-06-24
S002177,MAH_POL,7.94,81.001,Mahaweli,2019-04-20,2019-04-14,2019-04-26,0,none,dry_negative,,3.2,MAH_POL_2019-04-20
S002178,KAL_BAL,6.652,80.698,Kalu,2018-02-18,2018-02-12,2018-02-24,0,none,dry_negative,,3.2,KAL_BAL_2018-02-18
S002179,MAH_VIC,7.241,80.781,Mahaweli,2016-05-06,2016-04-30,2016-05-12,0,none,dry_negative,,3.2,MAH_VIC_2016-05-06
S002180,DED_CHI,7.576,79.797,DeduruOya,2021-02-08,2021-02-02,2021-02-14,0,none,dry_negative,,3.2,DED_CHI_2021-02-08
S002181,KEL_AVI,6.954,80.211,Kelani,2016-02-18,2016-02-12,2016-02-24,0,none,dry_negative,,3.2,KEL_AVI_2016-02-18
S002182,ATT_JAE,7.074,79.892,AttanagaluOya,2020-02-25,2020-02-19,2020-03-02,0,none,dry_negative,,3.2,ATT_JAE_2020-02-25
S002183,MAH_PER,7.271,80.598,Mahaweli,2017-05-13,2017-05-07,2017-05-19,0,none,dry_negative,,3.2,MAH_PER_2017-05-13
S002184,KEL_KAD,6.933,79.983,Kelani,2022-02-20,2022-02-14,2022-02-26,0,none,dry_negative,,3.2,KEL_KAD_2022-02-20
S002185,MHO_GIR,7.331,80.121,MahaOya,2021-04-22,2021-04-16,2021-04-28,0,none,dry_negative,,3.2,MHO_GIR_2021-04-22
S002186,YAN_HOR,8.551,80.881,YanOya,2018-09-09,2018-09-03,2018-09-15,0,none,dry_negative,,3.2,YAN_HOR_2018-09-09
S002187,WAL_AMB,6.121,81.021,Walawe,2020-12-11,2020-12-05,2020-12-17,0,none,dry_negative,,3.2,WAL_AMB_2020-12-11
S002188,MAH_VIC,7.241,80.781,Mahaweli,2020-05-03,2020-04-27,2020-05-09,0,none,dry_negative,,3.2,MAH_VIC_2020-05-03
S002189,MAH_VIC,7.241,80.781,Mahaweli,2016-07-07,2016-07-01,2016-07-13,0,none,dry_negative,,3.2,MAH_VIC_2016-07-07
S002190,COL_KOL,6.933,79.891,ColomboMetro,2024-02-21,2024-02-15,2024-02-27,0,none,dry_negative,,3.2,COL_KOL_2024-02-21
S002191,BAT_BAT,7.717,81.7,Batticaloa,2021-06-10,2021-06-04,2021-06-16,0,none,dry_negative,,3.2,BAT_BAT_2021-06-10
S002192,GIN_BAD,6.171,80.19,Gin,2016-09-16,2016-09-10,2016-09-22,0,none,dry_negative,,3.2,GIN_BAD_2016-09-16
S002193,MAL_MAN,8.951,79.951,MalwathuOya,2020-07-17,2020-07-11,2020-07-23,0,none,dry_negative,,3.2,MAL_MAN_2020-07-17
S002194,MAH_MHY,7.331,81.001,Mahaweli,2017-02-27,2017-02-21,2017-03-05,0,none,dry_negative,,3.2,MAH_MHY_2017-02-27
S002195,MAH_PER,7.271,80.598,Mahaweli,2017-01-04,2016-12-29,2017-01-10,0,none,dry_negative,,3.2,MAH_PER_2017-01-04
S002196,BAT_BAT,7.717,81.7,Batticaloa,2021-05-31,2021-05-25,2021-06-06,0,none,dry_negative,,3.2,BAT_BAT_2021-05-31
S002197,WAL_EMB,6.343,80.851,Walawe,2015-06-16,2015-06-10,2015-06-22,0,none,dry_negative,,3.2,WAL_EMB_2015-06-16
S002198,ATT_VEY,7.155,80.061,AttanagaluOya,2021-02-24,2021-02-18,2021-03-02,0,none,dry_negative,,3.2,ATT_VEY_2021-02-24
S002199,WAL_EMB,6.343,80.851,Walawe,2021-08-19,2021-08-13,2021-08-25,0,none,dry_negative,,3.2,WAL_EMB_2021-08-19
S002200,MAH_NUW,6.949,80.782,Mahaweli,2020-07-05,2020-06-29,2020-07-11,0,none,dry_negative,,3.2,MAH_NUW_2020-07-05
S002201,KLA_ELA,8.151,79.851,KalaOya,2017-08-07,2017-08-01,2017-08-13,0,none,dry_negative,,3.2,KLA_ELA_2017-08-07
S002202,GAL_ING,7.2,81.5,GalOya,2017-07-14,2017-07-08,2017-07-20,0,none,dry_negative,,3.2,GAL_ING_2017-07-14
S002203,KEL_COL,6.97,79.873,Kelani,2023-04-16,2023-04-10,2023-04-22,0,none,dry_negative,,3.2,KEL_COL_2023-04-16
S002204,KIR_TIS,6.281,81.281,KirindiOya,2017-08-20,2017-08-14,2017-08-26,0,none,dry_negative,,3.2,KIR_TIS_2017-08-20
S002205,GAL_ING,7.2,81.5,GalOya,2016-08-12,2016-08-06,2016-08-18,0,none,dry_negative,,3.2,GAL_ING_2016-08-12
S002206,MAL_ANU,8.351,80.401,MalwathuOya,2017-08-13,2017-08-07,2017-08-19,0,none,dry_negative,,3.2,MAL_ANU_2017-08-13
S002207,KAL_BUL,6.66,80.19,Kalu,2016-04-21,2016-04-15,2016-04-27,0,none,dry_negative,,3.2,KAL_BUL_2016-04-21
S002208,KEL_UP,6.831,80.616,Kelani,2017-01-09,2017-01-03,2017-01-15,0,none,dry_negative,,3.2,KEL_UP_2017-01-09
S002209,GAL_AMP,7.291,81.671,GalOya,2019-04-02,2019-03-27,2019-04-08,0,none,dry_negative,,3.2,GAL_AMP_2019-04-02
S002210,MHO_GIR,7.331,80.121,MahaOya,2020-09-05,2020-08-30,2020-09-11,0,none,dry_negative,,3.2,MHO_GIR_2020-09-05
S002211,KAL_BAL,6.652,80.698,Kalu,2019-07-25,2019-07-19,2019-07-31,0,none,dry_negative,,3.2,KAL_BAL_2019-07-25
S002212,NIL_MAT,5.949,80.55,Nilwala,2021-02-07,2021-02-01,2021-02-13,0,none,dry_negative,,3.2,NIL_MAT_2021-02-07
S002213,MAH_POL,7.94,81.001,Mahaweli,2021-02-28,2021-02-22,2021-03-06,0,none,dry_negative,,3.2,MAH_POL_2021-02-28
S002214,ATT_GAM,7.092,79.994,AttanagaluOya,2019-06-14,2019-06-08,2019-06-20,0,none,dry_negative,,3.2,ATT_GAM_2019-06-14
S002215,KIR_TIS,6.281,81.281,KirindiOya,2019-04-04,2019-03-29,2019-04-10,0,none,dry_negative,,3.2,KIR_TIS_2019-04-04
S002216,WAL_AMB,6.121,81.021,Walawe,2015-08-04,2015-07-29,2015-08-10,0,none,dry_negative,,3.2,WAL_AMB_2015-08-04
S002217,YAN_HOR,8.551,80.881,YanOya,2023-09-21,2023-09-15,2023-09-27,0,none,dry_negative,,3.2,YAN_HOR_2023-09-21
S002218,WAL_UDA,6.441,80.881,Walawe,2020-04-21,2020-04-15,2020-04-27,0,none,dry_negative,,3.2,WAL_UDA_2020-04-21
S002219,MAH_MAN,7.921,81.101,Mahaweli,2016-09-21,2016-09-15,2016-09-27,0,none,dry_negative,,3.2,MAH_MAN_2016-09-21
S002220,DED_KUR,7.487,80.362,DeduruOya,2022-03-09,2022-03-03,2022-03-15,0,none,dry_negative,,3.2,DED_KUR_2022-03-09
S002221,KAL_BAL,6.652,80.698,Kalu,2015-09-08,2015-09-02,2015-09-14,0,none,dry_negative,,3.2,KAL_BAL_2015-09-08
S002222,MAH_POL,7.94,81.001,Mahaweli,2023-06-23,2023-06-17,2023-06-29,0,none,dry_negative,,3.2,MAH_POL_2023-06-23
S002223,MAH_POL,7.94,81.001,Mahaweli,2017-04-05,2017-03-30,2017-04-11,0,none,dry_negative,,3.2,MAH_POL_2017-04-05
S002224,ATT_GAM,7.092,79.994,AttanagaluOya,2015-09-01,2015-08-26,2015-09-07,0,none,dry_negative,,3.2,ATT_GAM_2015-09-01
S002225,NIL_AKU,6.101,80.481,Nilwala,2024-03-03,2024-02-26,2024-03-09,0,none,dry_negative,,3.2,NIL_AKU_2024-03-03
S002226,KAL_BAL,6.652,80.698,Kalu,2020-04-15,2020-04-09,2020-04-21,0,none,dry_negative,,3.2,KAL_BAL_2020-04-15
S002227,COL_KOT,6.888,79.901,ColomboMetro,2023-04-18,2023-04-12,2023-04-24,0,none,dry_negative,,3.2,COL_KOT_2023-04-18
S002228,MAH_MHY,7.331,81.001,Mahaweli,2021-03-10,2021-03-04,2021-03-16,0,none,dry_negative,,3.2,MAH_MHY_2021-03-10
S002229,MAL_MAN,8.951,79.951,MalwathuOya,2023-04-23,2023-04-17,2023-04-29,0,none,dry_negative,,3.2,MAL_MAN_2023-04-23
S002230,GAL_AMP,7.291,81.671,GalOya,2019-02-01,2019-01-26,2019-02-07,0,none,dry_negative,,3.2,GAL_AMP_2019-02-01
S002231,DED_WAR,7.621,80.231,DeduruOya,2015-04-16,2015-04-10,2015-04-22,0,none,dry_negative,,3.2,DED_WAR_2015-04-16
S002232,YAN_HOR,8.551,80.881,YanOya,2020-06-17,2020-06-11,2020-06-23,0,none,dry_negative,,3.2,YAN_HOR_2020-06-17
S002233,BAT_VAL,7.921,81.531,Batticaloa,2015-07-29,2015-07-23,2015-08-04,0,none,dry_negative,,3.2,BAT_VAL_2015-07-29
S002234,KAL_RAT,6.683,80.4,Kalu,2018-02-05,2018-01-30,2018-02-11,0,none,dry_negative,,3.2,KAL_RAT_2018-02-05
S002235,GIN_NEL,6.423,80.293,Gin,2020-05-03,2020-04-27,2020-05-09,0,none,dry_negative,,3.2,GIN_NEL_2020-05-03
S002236,ATT_JAE,7.074,79.892,AttanagaluOya,2016-08-09,2016-08-03,2016-08-15,0,none,dry_negative,,3.2,ATT_JAE_2016-08-09
S002237,GIN_THA,6.331,80.331,Gin,2024-07-31,2024-07-25,2024-08-06,0,none,dry_negative,,3.2,GIN_THA_2024-07-31
S002238,KEL_AVI,6.954,80.211,Kelani,2024-08-04,2024-07-29,2024-08-10,0,none,dry_negative,,3.2,KEL_AVI_2024-08-04
S002239,DED_KUR,7.487,80.362,DeduruOya,2016-03-30,2016-03-24,2016-04-05,0,none,dry_negative,,3.2,DED_KUR_2016-03-30
S002240,KEL_HAN,6.902,80.082,Kelani,2015-09-09,2015-09-03,2015-09-15,0,none,dry_negative,,3.2,KEL_HAN_2015-09-09
S002241,GIN_GAL,6.089,80.221,Gin,2017-08-13,2017-08-07,2017-08-19,0,none,dry_negative,,3.2,GIN_GAL_2017-08-13
S002242,KEL_UP,6.831,80.616,Kelani,2016-09-19,2016-09-13,2016-09-25,0,none,dry_negative,,3.2,KEL_UP_2016-09-19
S002243,DED_WAR,7.621,80.231,DeduruOya,2020-06-23,2020-06-17,2020-06-29,0,none,dry_negative,,3.2,DED_WAR_2020-06-23
S002244,KAL_RAT,6.683,80.4,Kalu,2019-02-07,2019-02-01,2019-02-13,0,none,dry_negative,,3.2,KAL_RAT_2019-02-07
S002245,WAL_EMB,6.343,80.851,Walawe,2016-02-04,2016-01-29,2016-02-10,0,none,dry_negative,,3.2,WAL_EMB_2016-02-04
S002246,MAH_POL,7.94,81.001,Mahaweli,2017-02-11,2017-02-05,2017-02-17,0,none,dry_negative,,3.2,MAH_POL_2017-02-11
S002247,GIN_NEL,6.423,80.293,Gin,2020-11-06,2020-10-31,2020-11-12,0,none,dry_negative,,3.2,GIN_NEL_2020-11-06
S002248,DED_KUR,7.487,80.362,DeduruOya,2018-04-09,2018-04-03,2018-04-15,0,none,dry_negative,,3.2,DED_KUR_2018-04-09
S002249,KEL_COL,6.97,79.873,Kelani,2022-02-25,2022-02-19,2022-03-03,0,none,dry_negative,,3.2,KEL_COL_2022-02-25
S002250,KAL_AGA,6.535,80.15,Kalu,2017-05-13,2017-05-07,2017-05-19,0,none,dry_negative,,3.2,KAL_AGA_2017-05-13
S002251,KAL_KLT,6.583,79.96,Kalu,2020-12-18,2020-12-12,2020-12-24,0,none,dry_negative,,3.2,KAL_KLT_2020-12-18
S002252,KEL_KAD,6.933,79.983,Kelani,2020-10-31,2020-10-25,2020-11-06,0,none,dry_negative,,3.2,KEL_KAD_2020-10-31
S002253,ATT_JAE,7.074,79.892,AttanagaluOya,2015-08-31,2015-08-25,2015-09-06,0,none,dry_negative,,3.2,ATT_JAE_2015-08-31
S002254,MAL_ANU,8.351,80.401,MalwathuOya,2018-07-03,2018-06-27,2018-07-09,0,none,dry_negative,,3.2,MAL_ANU_2018-07-03
S002255,GIN_THA,6.331,80.331,Gin,2022-03-30,2022-03-24,2022-04-05,0,none,dry_negative,,3.2,GIN_THA_2022-03-30
S002256,NIL_AKU,6.101,80.481,Nilwala,2022-08-26,2022-08-20,2022-09-01,0,none,dry_negative,,3.2,NIL_AKU_2022-08-26
S002257,DED_KUR,7.487,80.362,DeduruOya,2019-06-16,2019-06-10,2019-06-22,0,none,dry_negative,,3.2,DED_KUR_2019-06-16
S002258,DED_CHI,7.576,79.797,DeduruOya,2017-02-16,2017-02-10,2017-02-22,0,none,dry_negative,,3.2,DED_CHI_2017-02-16
S002259,KAL_BAL,6.652,80.698,Kalu,2016-09-05,2016-08-30,2016-09-11,0,none,dry_negative,,3.2,KAL_BAL_2016-09-05
S002260,NIL_AKU,6.101,80.481,Nilwala,2019-06-09,2019-06-03,2019-06-15,0,none,dry_negative,,3.2,NIL_AKU_2019-06-09
S002261,KEL_COL,6.97,79.873,Kelani,2019-04-28,2019-04-22,2019-05-04,0,none,dry_negative,,3.2,KEL_COL_2019-04-28
S002262,NIL_URA,6.231,80.601,Nilwala,2019-03-31,2019-03-25,2019-04-06,0,none,dry_negative,,3.2,NIL_URA_2019-03-31
S002263,KAL_BAL,6.652,80.698,Kalu,2024-09-10,2024-09-04,2024-09-16,0,none,dry_negative,,3.2,KAL_BAL_2024-09-10
S002264,KEL_RUW,7.041,80.251,Kelani,2020-03-12,2020-03-06,2020-03-18,0,none,dry_negative,,3.2,KEL_RUW_2020-03-12
S002265,DED_KUR,7.487,80.362,DeduruOya,2020-10-13,2020-10-07,2020-10-19,0,none,dry_negative,,3.2,DED_KUR_2020-10-13
S002266,BAT_BAT,7.717,81.7,Batticaloa,2017-04-04,2017-03-29,2017-04-10,0,none,dry_negative,,3.2,BAT_BAT_2017-04-04
S002267,MAH_NUW,6.949,80.782,Mahaweli,2019-06-23,2019-06-17,2019-06-29,0,none,dry_negative,,3.2,MAH_NUW_2019-06-23
S002268,MAH_MHY,7.331,81.001,Mahaweli,2017-03-20,2017-03-14,2017-03-26,0,none,dry_negative,,3.2,MAH_MHY_2017-03-20
S002269,MAH_MAN,7.921,81.101,Mahaweli,2024-04-15,2024-04-09,2024-04-21,0,none,dry_negative,,3.2,MAH_MAN_2024-04-15
S002270,COL_KOL,6.933,79.891,ColomboMetro,2015-05-28,2015-05-22,2015-06-03,0,none,dry_negative,,3.2,COL_KOL_2015-05-28
S002271,KAL_BAL,6.652,80.698,Kalu,2015-02-24,2015-02-18,2015-03-02,0,none,dry_negative,,3.2,KAL_BAL_2015-02-24
S002272,KEL_UP,6.831,80.616,Kelani,2023-06-30,2023-06-24,2023-07-06,0,none,dry_negative,,3.2,KEL_UP_2023-06-30
S002273,ATT_NIT,7.141,80.098,AttanagaluOya,2017-07-30,2017-07-24,2017-08-05,0,none,dry_negative,,3.2,ATT_NIT_2017-07-30
S002274,KIR_TIS,6.281,81.281,KirindiOya,2015-07-25,2015-07-19,2015-07-31,0,none,dry_negative,,3.2,KIR_TIS_2015-07-25
S002275,DED_CHI,7.576,79.797,DeduruOya,2018-09-20,2018-09-14,2018-09-26,0,none,dry_negative,,3.2,DED_CHI_2018-09-20
S002276,MAH_MHY,7.331,81.001,Mahaweli,2016-12-18,2016-12-12,2016-12-24,0,none,dry_negative,,3.2,MAH_MHY_2016-12-18
S002277,DED_KUR,7.487,80.362,DeduruOya,2016-08-04,2016-07-29,2016-08-10,0,none,dry_negative,,3.2,DED_KUR_2016-08-04
S002278,MAL_ANU,8.351,80.401,MalwathuOya,2018-04-21,2018-04-15,2018-04-27,0,none,dry_negative,,3.2,MAL_ANU_2018-04-21
S002279,MAL_MAN,8.951,79.951,MalwathuOya,2017-01-11,2017-01-05,2017-01-17,0,none,dry_negative,,3.2,MAL_MAN_2017-01-11
S002280,WAL_UDA,6.441,80.881,Walawe,2021-04-14,2021-04-08,2021-04-20,0,none,dry_negative,,3.2,WAL_UDA_2021-04-14
S002281,KEL_KIT,6.989,80.412,Kelani,2022-06-25,2022-06-19,2022-07-01,0,none,dry_negative,,3.2,KEL_KIT_2022-06-25
S002282,ATT_GAM,7.092,79.994,AttanagaluOya,2019-04-15,2019-04-09,2019-04-21,0,none,dry_negative,,3.2,ATT_GAM_2019-04-15
S002283,GIN_GAL,6.089,80.221,Gin,2021-03-03,2021-02-25,2021-03-09,0,none,dry_negative,,3.2,GIN_GAL_2021-03-03
S002284,NIL_PIT,6.3,80.552,Nilwala,2015-08-03,2015-07-28,2015-08-09,0,none,dry_negative,,3.2,NIL_PIT_2015-08-03
S002285,MAH_POL,7.94,81.001,Mahaweli,2017-04-23,2017-04-17,2017-04-29,0,none,dry_negative,,3.2,MAH_POL_2017-04-23
S002286,GIN_THA,6.331,80.331,Gin,2020-05-19,2020-05-13,2020-05-25,0,none,dry_negative,,3.2,GIN_THA_2020-05-19
S002287,KEL_AVI,6.954,80.211,Kelani,2019-06-09,2019-06-03,2019-06-15,0,none,dry_negative,,3.2,KEL_AVI_2019-06-09
S002288,KAL_AGA,6.535,80.15,Kalu,2018-01-11,2018-01-05,2018-01-17,0,none,dry_negative,,3.2,KAL_AGA_2018-01-11
S002289,KEL_HAN,6.902,80.082,Kelani,2016-02-11,2016-02-05,2016-02-17,0,none,dry_negative,,3.2,KEL_HAN_2016-02-11
S002290,WAL_EMB,6.343,80.851,Walawe,2024-07-31,2024-07-25,2024-08-06,0,none,dry_negative,,3.2,WAL_EMB_2024-07-31
S002291,ATT_GAM,7.092,79.994,AttanagaluOya,2023-05-24,2023-05-18,2023-05-30,0,none,dry_negative,,3.2,ATT_GAM_2023-05-24
S002292,WAL_UDA,6.441,80.881,Walawe,2019-07-12,2019-07-06,2019-07-18,0,none,dry_negative,,3.2,WAL_UDA_2019-07-12
S002293,KEL_COL,6.97,79.873,Kelani,2015-07-30,2015-07-24,2015-08-05,0,none,dry_negative,,3.2,KEL_COL_2015-07-30
S002294,DED_CHI,7.576,79.797,DeduruOya,2018-09-26,2018-09-20,2018-10-02,0,none,dry_negative,,3.2,DED_CHI_2018-09-26
S002295,MAH_MAN,7.921,81.101,Mahaweli,2018-08-05,2018-07-30,2018-08-11,0,none,dry_negative,,3.2,MAH_MAN_2018-08-05
S002296,BAT_ERA,7.771,81.601,Batticaloa,2016-03-17,2016-03-11,2016-03-23,0,none,dry_negative,,3.2,BAT_ERA_2016-03-17
S002297,KEL_COL,6.97,79.873,Kelani,2023-08-02,2023-07-27,2023-08-08,0,none,dry_negative,,3.2,KEL_COL_2023-08-02
S002298,MAH_MHY,7.331,81.001,Mahaweli,2022-01-28,2022-01-22,2022-02-03,0,none,dry_negative,,3.2,MAH_MHY_2022-01-28
S002299,MHO_GIR,7.331,80.121,MahaOya,2024-03-10,2024-03-04,2024-03-16,0,none,dry_negative,,3.2,MHO_GIR_2024-03-10
S002300,DED_WAR,7.621,80.231,DeduruOya,2019-01-21,2019-01-15,2019-01-27,0,none,dry_negative,,3.2,DED_WAR_2019-01-21
S002301,MAH_NUW,6.949,80.782,Mahaweli,2016-10-14,2016-10-08,2016-10-20,0,none,dry_negative,,3.2,MAH_NUW_2016-10-14
S002302,KAL_BAL,6.652,80.698,Kalu,2020-06-10,2020-06-04,2020-06-16,0,none,dry_negative,,3.2,KAL_BAL_2020-06-10
S002303,YAN_HOR,8.551,80.881,YanOya,2024-07-09,2024-07-03,2024-07-15,0,none,dry_negative,,3.2,YAN_HOR_2024-07-09
S002304,MAH_VIC,7.241,80.781,Mahaweli,2023-08-16,2023-08-10,2023-08-22,0,none,dry_negative,,3.2,MAH_VIC_2023-08-16
S002305,GAL_ING,7.2,81.5,GalOya,2015-06-26,2015-06-20,2015-07-02,0,none,dry_negative,,3.2,GAL_ING_2015-06-26
S002306,MHO_MOU,7.301,79.833,MahaOya,2018-01-26,2018-01-20,2018-02-01,0,none,dry_negative,,3.2,MHO_MOU_2018-01-26
S002307,WAL_UDA,6.441,80.881,Walawe,2021-04-04,2021-03-29,2021-04-10,0,none,dry_negative,,3.2,WAL_UDA_2021-04-04
S002308,KEL_RUW,7.041,80.251,Kelani,2019-01-12,2019-01-06,2019-01-18,0,none,dry_negative,,3.2,KEL_RUW_2019-01-12
S002309,MAL_MAN,8.951,79.951,MalwathuOya,2024-07-28,2024-07-22,2024-08-03,0,none,dry_negative,,3.2,MAL_MAN_2024-07-28
S002310,WAL_EMB,6.343,80.851,Walawe,2024-10-29,2024-10-23,2024-11-04,0,none,dry_negative,,3.2,WAL_EMB_2024-10-29
S002311,WAL_UDA,6.441,80.881,Walawe,2017-08-14,2017-08-08,2017-08-20,0,none,dry_negative,,3.2,WAL_UDA_2017-08-14
S002312,KLA_ELA,8.151,79.851,KalaOya,2020-11-05,2020-10-30,2020-11-11,0,none,dry_negative,,3.2,KLA_ELA_2020-11-05
S002313,MAH_MAN,7.921,81.101,Mahaweli,2015-08-12,2015-08-06,2015-08-18,0,none,dry_negative,,3.2,MAH_MAN_2015-08-12
S002314,MAH_KAN,7.291,80.635,Mahaweli,2016-10-19,2016-10-13,2016-10-25,0,none,dry_negative,,3.2,MAH_KAN_2016-10-19
S002315,ATT_JAE,7.074,79.892,AttanagaluOya,2022-07-20,2022-07-14,2022-07-26,0,none,dry_negative,,3.2,ATT_JAE_2022-07-20
S002316,ATT_GAM,7.092,79.994,AttanagaluOya,2020-02-01,2020-01-26,2020-02-07,0,none,dry_negative,,3.2,ATT_GAM_2020-02-01
S002317,KEL_KIT,6.989,80.412,Kelani,2015-02-01,2015-01-26,2015-02-07,0,none,dry_negative,,3.2,KEL_KIT_2015-02-01
S002318,NIL_PIT,6.3,80.552,Nilwala,2020-03-30,2020-03-24,2020-04-05,0,none,dry_negative,,3.2,NIL_PIT_2020-03-30
S002319,MAH_MAN,7.921,81.101,Mahaweli,2020-03-20,2020-03-14,2020-03-26,0,none,dry_negative,,3.2,MAH_MAN_2020-03-20
S002320,KAL_RAT,6.683,80.4,Kalu,2015-10-02,2015-09-26,2015-10-08,0,none,dry_negative,,3.2,KAL_RAT_2015-10-02
S002321,GIN_THA,6.331,80.331,Gin,2024-05-13,2024-05-07,2024-05-19,0,none,dry_negative,,3.2,GIN_THA_2024-05-13
S002322,COL_KOL,6.933,79.891,ColomboMetro,2021-02-15,2021-02-09,2021-02-21,0,none,dry_negative,,3.2,COL_KOL_2021-02-15
S002323,MAL_MAN,8.951,79.951,MalwathuOya,2019-05-05,2019-04-29,2019-05-11,0,none,dry_negative,,3.2,MAL_MAN_2019-05-05
S002324,MAH_PER,7.271,80.598,Mahaweli,2020-08-29,2020-08-23,2020-09-04,0,none,dry_negative,,3.2,MAH_PER_2020-08-29
S002325,MHO_GIR,7.331,80.121,MahaOya,2018-02-23,2018-02-17,2018-03-01,0,none,dry_negative,,3.2,MHO_GIR_2018-02-23
S002326,GIN_GAL,6.089,80.221,Gin,2020-06-06,2020-05-31,2020-06-12,0,none,dry_negative,,3.2,GIN_GAL_2020-06-06
S002327,GIN_NEL,6.423,80.293,Gin,2017-11-01,2017-10-26,2017-11-07,0,none,dry_negative,,3.2,GIN_NEL_2017-11-01
S002328,GIN_THA,6.331,80.331,Gin,2024-03-28,2024-03-22,2024-04-03,0,none,dry_negative,,3.2,GIN_THA_2024-03-28
S002329,KEL_HAN,6.902,80.082,Kelani,2018-02-22,2018-02-16,2018-02-28,0,none,dry_negative,,3.2,KEL_HAN_2018-02-22
S002330,WAL_EMB,6.343,80.851,Walawe,2016-10-12,2016-10-06,2016-10-18,0,none,dry_negative,,3.2,WAL_EMB_2016-10-12
S002331,ATT_VEY,7.155,80.061,AttanagaluOya,2015-01-31,2015-01-25,2015-02-06,0,none,dry_negative,,3.2,ATT_VEY_2015-01-31
S002332,MAH_PER,7.271,80.598,Mahaweli,2024-07-22,2024-07-16,2024-07-28,0,none,dry_negative,,3.2,MAH_PER_2024-07-22
S002333,NIL_MAT,5.949,80.55,Nilwala,2017-01-18,2017-01-12,2017-01-24,0,none,dry_negative,,3.2,NIL_MAT_2017-01-18
S002334,NIL_URA,6.231,80.601,Nilwala,2016-07-15,2016-07-09,2016-07-21,0,none,dry_negative,,3.2,NIL_URA_2016-07-15
S002335,KEL_KAD,6.933,79.983,Kelani,2018-02-05,2018-01-30,2018-02-11,0,none,dry_negative,,3.2,KEL_KAD_2018-02-05
S002336,WAL_AMB,6.121,81.021,Walawe,2019-02-15,2019-02-09,2019-02-21,0,none,dry_negative,,3.2,WAL_AMB_2019-02-15
S002337,MHO_MOU,7.301,79.833,MahaOya,2020-03-25,2020-03-19,2020-03-31,0,none,dry_negative,,3.2,MHO_MOU_2020-03-25
S002338,MAH_VIC,7.241,80.781,Mahaweli,2020-05-11,2020-05-05,2020-05-17,0,none,dry_negative,,3.2,MAH_VIC_2020-05-11
S002339,KIR_TIS,6.281,81.281,KirindiOya,2022-07-25,2022-07-19,2022-07-31,0,none,dry_negative,,3.2,KIR_TIS_2022-07-25
S002340,NIL_PIT,6.3,80.552,Nilwala,2016-12-23,2016-12-17,2016-12-29,0,none,dry_negative,,3.2,NIL_PIT_2016-12-23
S002341,BAT_ERA,7.771,81.601,Batticaloa,2019-06-22,2019-06-16,2019-06-28,0,none,dry_negative,,3.2,BAT_ERA_2019-06-22
S002342,KEL_KIT,6.989,80.412,Kelani,2017-08-30,2017-08-24,2017-09-05,0,none,dry_negative,,3.2,KEL_KIT_2017-08-30
S002343,WAL_AMB,6.121,81.021,Walawe,2016-02-04,2016-01-29,2016-02-10,0,none,dry_negative,,3.2,WAL_AMB_2016-02-04
S002344,BAT_ERA,7.771,81.601,Batticaloa,2021-07-24,2021-07-18,2021-07-30,0,none,dry_negative,,3.2,BAT_ERA_2021-07-24
S002345,BAT_VAL,7.921,81.531,Batticaloa,2019-08-07,2019-08-01,2019-08-13,0,none,dry_negative,,3.2,BAT_VAL_2019-08-07
S002346,KAL_KLT,6.583,79.96,Kalu,2021-09-28,2021-09-22,2021-10-04,0,none,dry_negative,,3.2,KAL_KLT_2021-09-28
S002347,ATT_NIT,7.141,80.098,AttanagaluOya,2024-01-30,2024-01-24,2024-02-05,0,none,dry_negative,,3.2,ATT_NIT_2024-01-30
S002348,WAL_EMB,6.343,80.851,Walawe,2018-04-01,2018-03-26,2018-04-07,0,none,dry_negative,,3.2,WAL_EMB_2018-04-01
S002349,ATT_VEY,7.155,80.061,AttanagaluOya,2017-04-25,2017-04-19,2017-05-01,0,none,dry_negative,,3.2,ATT_VEY_2017-04-25
S002350,KAL_RAT,6.683,80.4,Kalu,2018-01-20,2018-01-14,2018-01-26,0,none,dry_negative,,3.2,KAL_RAT_2018-01-20
S002351,COL_KOL,6.933,79.891,ColomboMetro,2022-01-22,2022-01-16,2022-01-28,0,none,dry_negative,,3.2,COL_KOL_2022-01-22
S002352,KEL_COL,6.97,79.873,Kelani,2015-03-03,2015-02-25,2015-03-09,0,none,dry_negative,,3.2,KEL_COL_2015-03-03
S002353,GIN_THA,6.331,80.331,Gin,2020-11-06,2020-10-31,2020-11-12,0,none,dry_negative,,3.2,GIN_THA_2020-11-06
S002354,GIN_BAD,6.171,80.19,Gin,2016-08-16,2016-08-10,2016-08-22,0,none,dry_negative,,3.2,GIN_BAD_2016-08-16
S002355,NIL_AKU,6.101,80.481,Nilwala,2016-08-08,2016-08-02,2016-08-14,0,none,dry_negative,,3.2,NIL_AKU_2016-08-08
S002356,KEL_KAD,6.933,79.983,Kelani,2015-07-13,2015-07-07,2015-07-19,0,none,dry_negative,,3.2,KEL_KAD_2015-07-13
S002357,KIR_TIS,6.281,81.281,KirindiOya,2017-09-02,2017-08-27,2017-09-08,0,none,dry_negative,,3.2,KIR_TIS_2017-09-02
S002358,GIN_GAL,6.089,80.221,Gin,2015-07-14,2015-07-08,2015-07-20,0,none,dry_negative,,3.2,GIN_GAL_2015-07-14
S002359,KAL_KLT,6.583,79.96,Kalu,2023-06-28,2023-06-22,2023-07-04,0,none,dry_negative,,3.2,KAL_KLT_2023-06-28
S002360,KEL_KIT,6.989,80.412,Kelani,2018-08-11,2018-08-05,2018-08-17,0,none,dry_negative,,3.2,KEL_KIT_2018-08-11
S002361,KAL_RAT,6.683,80.4,Kalu,2020-06-10,2020-06-04,2020-06-16,0,none,dry_negative,,3.2,KAL_RAT_2020-06-10
S002362,KEL_COL,6.97,79.873,Kelani,2024-03-11,2024-03-05,2024-03-17,0,none,dry_negative,,3.2,KEL_COL_2024-03-11
S002363,WAL_EMB,6.343,80.851,Walawe,2020-09-01,2020-08-26,2020-09-07,0,none,dry_negative,,3.2,WAL_EMB_2020-09-01
S002364,BAT_VAL,7.921,81.531,Batticaloa,2018-06-23,2018-06-17,2018-06-29,0,none,dry_negative,,3.2,BAT_VAL_2018-06-23
S002365,COL_KOT,6.888,79.901,ColomboMetro,2017-08-13,2017-08-07,2017-08-19,0,none,dry_negative,,3.2,COL_KOT_2017-08-13
S002366,BAT_BAT,7.717,81.7,Batticaloa,2015-07-10,2015-07-04,2015-07-16,0,none,dry_negative,,3.2,BAT_BAT_2015-07-10
S002367,MAL_MAN,8.951,79.951,MalwathuOya,2019-03-27,2019-03-21,2019-04-02,0,none,dry_negative,,3.2,MAL_MAN_2019-03-27
S002368,KLA_ELA,8.151,79.851,KalaOya,2017-09-30,2017-09-24,2017-10-06,0,none,dry_negative,,3.2,KLA_ELA_2017-09-30
S002369,NIL_AKU,6.101,80.481,Nilwala,2021-04-20,2021-04-14,2021-04-26,0,none,dry_negative,,3.2,NIL_AKU_2021-04-20
S002370,KAL_BAL,6.652,80.698,Kalu,2020-06-18,2020-06-12,2020-06-24,0,none,dry_negative,,3.2,KAL_BAL_2020-06-18
S002371,YAN_HOR,8.551,80.881,YanOya,2016-08-17,2016-08-11,2016-08-23,0,none,dry_negative,,3.2,YAN_HOR_2016-08-17
S002372,NIL_PIT,6.3,80.552,Nilwala,2023-09-07,2023-09-01,2023-09-13,0,none,dry_negative,,3.2,NIL_PIT_2023-09-07
S002373,MHO_GIR,7.331,80.121,MahaOya,2016-04-16,2016-04-10,2016-04-22,0,none,dry_negative,,3.2,MHO_GIR_2016-04-16
S002374,MAH_POL,7.94,81.001,Mahaweli,2017-02-24,2017-02-18,2017-03-02,0,none,dry_negative,,3.2,MAH_POL_2017-02-24
S002375,BAT_VAL,7.921,81.531,Batticaloa,2020-10-05,2020-09-29,2020-10-11,0,none,dry_negative,,3.2,BAT_VAL_2020-10-05
S002376,KAL_RAT,6.683,80.4,Kalu,2016-11-02,2016-10-27,2016-11-08,0,none,dry_negative,,3.2,KAL_RAT_2016-11-02
S002377,GAL_AMP,7.291,81.671,GalOya,2016-10-12,2016-10-06,2016-10-18,0,none,dry_negative,,3.2,GAL_AMP_2016-10-12
S002378,KEL_UP,6.831,80.616,Kelani,2020-05-08,2020-05-02,2020-05-14,0,none,dry_negative,,3.2,KEL_UP_2020-05-08
S002379,ATT_VEY,7.155,80.061,AttanagaluOya,2016-05-01,2016-04-25,2016-05-07,0,none,dry_negative,,3.2,ATT_VEY_2016-05-01
S002380,DED_CHI,7.576,79.797,DeduruOya,2024-03-18,2024-03-12,2024-03-24,0,none,dry_negative,,3.2,DED_CHI_2024-03-18
S002381,GIN_THA,6.331,80.331,Gin,2016-07-24,2016-07-18,2016-07-30,0,none,dry_negative,,3.2,GIN_THA_2016-07-24
S002382,NIL_PIT,6.3,80.552,Nilwala,2019-08-27,2019-08-21,2019-09-02,0,none,dry_negative,,3.2,NIL_PIT_2019-08-27
S002383,ATT_GAM,7.092,79.994,AttanagaluOya,2016-04-26,2016-04-20,2016-05-02,0,none,dry_negative,,3.2,ATT_GAM_2016-04-26
S002384,GAL_ING,7.2,81.5,GalOya,2019-07-05,2019-06-29,2019-07-11,0,none,dry_negative,,3.2,GAL_ING_2019-07-05
S002385,NIL_PIT,6.3,80.552,Nilwala,2020-10-20,2020-10-14,2020-10-26,0,none,dry_negative,,3.2,NIL_PIT_2020-10-20
S002386,KEL_HAN,6.902,80.082,Kelani,2015-03-05,2015-02-27,2015-03-11,0,none,dry_negative,,3.2,KEL_HAN_2015-03-05
S002387,MAH_MHY,7.331,81.001,Mahaweli,2020-03-14,2020-03-08,2020-03-20,0,none,dry_negative,,3.2,MAH_MHY_2020-03-14
S002388,MAL_ANU,8.351,80.401,MalwathuOya,2017-09-20,2017-09-14,2017-09-26,0,none,dry_negative,,3.2,MAL_ANU_2017-09-20
S002389,ATT_NIT,7.141,80.098,AttanagaluOya,2016-03-13,2016-03-07,2016-03-19,0,none,dry_negative,,3.2,ATT_NIT_2016-03-13
S002390,KAL_AGA,6.535,80.15,Kalu,2022-04-21,2022-04-15,2022-04-27,0,none,dry_negative,,3.2,KAL_AGA_2022-04-21
S002391,COL_KOT,6.888,79.901,ColomboMetro,2018-04-16,2018-04-10,2018-04-22,0,none,dry_negative,,3.2,COL_KOT_2018-04-16
S002392,MAH_MAN,7.921,81.101,Mahaweli,2021-08-20,2021-08-14,2021-08-26,0,none,dry_negative,,3.2,MAH_MAN_2021-08-20
S002393,GIN_NEL,6.423,80.293,Gin,2015-06-07,2015-06-01,2015-06-13,0,none,dry_negative,,3.2,GIN_NEL_2015-06-07
S002394,MHO_MOU,7.301,79.833,MahaOya,2019-08-10,2019-08-04,2019-08-16,0,none,dry_negative,,3.2,MHO_MOU_2019-08-10
S002395,GIN_NEL,6.423,80.293,Gin,2018-02-12,2018-02-06,2018-02-18,0,none,dry_negative,,3.2,GIN_NEL_2018-02-12
S002396,KAL_KLT,6.583,79.96,Kalu,2019-08-03,2019-07-28,2019-08-09,0,none,dry_negative,,3.2,KAL_KLT_2019-08-03
S002397,MAH_MHY,7.331,81.001,Mahaweli,2019-04-20,2019-04-14,2019-04-26,0,none,dry_negative,,3.2,MAH_MHY_2019-04-20
S002398,MAH_MHY,7.331,81.001,Mahaweli,2023-08-18,2023-08-12,2023-08-24,0,none,dry_negative,,3.2,MAH_MHY_2023-08-18
S002399,NIL_AKU,6.101,80.481,Nilwala,2017-10-06,2017-09-30,2017-10-12,0,none,dry_negative,,3.2,NIL_AKU_2017-10-06
S002400,KEL_HAN,6.902,80.082,Kelani,2024-12-31,2024-12-25,2025-01-06,0,none,dry_negative,,3.2,KEL_HAN_2024-12-31
S002401,KEL_UP,6.831,80.616,Kelani,2017-08-11,2017-08-05,2017-08-17,0,none,dry_negative,,3.2,KEL_UP_2017-08-11
S002402,BAT_BAT,7.717,81.7,Batticaloa,2015-05-22,2015-05-16,2015-05-28,0,none,dry_negative,,3.2,BAT_BAT_2015-05-22
S002403,WAL_UDA,6.441,80.881,Walawe,2021-08-18,2021-08-12,2021-08-24,0,none,dry_negative,,3.2,WAL_UDA_2021-08-18
S002404,YAN_HOR,8.551,80.881,YanOya,2022-07-19,2022-07-13,2022-07-25,0,none,dry_negative,,3.2,YAN_HOR_2022-07-19
S002405,GAL_AMP,7.291,81.671,GalOya,2016-09-14,2016-09-08,2016-09-20,0,none,dry_negative,,3.2,GAL_AMP_2016-09-14
S002406,GAL_AMP,7.291,81.671,GalOya,2022-08-19,2022-08-13,2022-08-25,0,none,dry_negative,,3.2,GAL_AMP_2022-08-19
S002407,WAL_UDA,6.441,80.881,Walawe,2018-02-24,2018-02-18,2018-03-02,0,none,dry_negative,,3.2,WAL_UDA_2018-02-24
S002408,GIN_BAD,6.171,80.19,Gin,2020-08-30,2020-08-24,2020-09-05,0,none,dry_negative,,3.2,GIN_BAD_2020-08-30
S002409,KIR_TIS,6.281,81.281,KirindiOya,2021-10-12,2021-10-06,2021-10-18,0,none,dry_negative,,3.2,KIR_TIS_2021-10-12
S002410,NIL_URA,6.231,80.601,Nilwala,2019-06-01,2019-05-26,2019-06-07,0,none,dry_negative,,3.2,NIL_URA_2019-06-01
S002411,BAT_BAT,7.717,81.7,Batticaloa,2017-07-19,2017-07-13,2017-07-25,0,none,dry_negative,,3.2,BAT_BAT_2017-07-19
S002412,COL_KOT,6.888,79.901,ColomboMetro,2019-05-18,2019-05-12,2019-05-24,0,none,dry_negative,,3.2,COL_KOT_2019-05-18
S002413,DED_WAR,7.621,80.231,DeduruOya,2019-01-15,2019-01-09,2019-01-21,0,none,dry_negative,,3.2,DED_WAR_2019-01-15
S002414,ATT_VEY,7.155,80.061,AttanagaluOya,2019-06-03,2019-05-28,2019-06-09,0,none,dry_negative,,3.2,ATT_VEY_2019-06-03
S002415,DED_WAR,7.621,80.231,DeduruOya,2016-02-26,2016-02-20,2016-03-03,0,none,dry_negative,,3.2,DED_WAR_2016-02-26
S002416,GAL_AMP,7.291,81.671,GalOya,2019-08-07,2019-08-01,2019-08-13,0,none,dry_negative,,3.2,GAL_AMP_2019-08-07
S002417,NIL_PIT,6.3,80.552,Nilwala,2016-08-23,2016-08-17,2016-08-29,0,none,dry_negative,,3.2,NIL_PIT_2016-08-23
S002418,KAL_AGA,6.535,80.15,Kalu,2015-03-10,2015-03-04,2015-03-16,0,none,dry_negative,,3.2,KAL_AGA_2015-03-10
S002419,KEL_KAD,6.933,79.983,Kelani,2017-07-10,2017-07-04,2017-07-16,0,none,dry_negative,,3.2,KEL_KAD_2017-07-10
S002420,KEL_HAN,6.902,80.082,Kelani,2019-08-04,2019-07-29,2019-08-10,0,none,dry_negative,,3.2,KEL_HAN_2019-08-04
S002421,DED_KUR,7.487,80.362,DeduruOya,2019-08-20,2019-08-14,2019-08-26,0,none,dry_negative,,3.2,DED_KUR_2019-08-20
S002422,KEL_RUW,7.041,80.251,Kelani,2024-04-11,2024-04-05,2024-04-17,0,none,dry_negative,,3.2,KEL_RUW_2024-04-11
S002423,MAH_MAN,7.921,81.101,Mahaweli,2022-10-03,2022-09-27,2022-10-09,0,none,dry_negative,,3.2,MAH_MAN_2022-10-03
S002424,KLA_ELA,8.151,79.851,KalaOya,2020-10-22,2020-10-16,2020-10-28,0,none,dry_negative,,3.2,KLA_ELA_2020-10-22
S002425,BAT_VAL,7.921,81.531,Batticaloa,2020-02-18,2020-02-12,2020-02-24,0,none,dry_negative,,3.2,BAT_VAL_2020-02-18
S002426,MAH_KAN,7.291,80.635,Mahaweli,2016-03-18,2016-03-12,2016-03-24,0,none,dry_negative,,3.2,MAH_KAN_2016-03-18
S002427,MAH_KAN,7.291,80.635,Mahaweli,2023-08-23,2023-08-17,2023-08-29,0,none,dry_negative,,3.2,MAH_KAN_2023-08-23
S002428,ATT_VEY,7.155,80.061,AttanagaluOya,2019-04-12,2019-04-06,2019-04-18,0,none,dry_negative,,3.2,ATT_VEY_2019-04-12
S002429,ATT_VEY,7.155,80.061,AttanagaluOya,2020-05-16,2020-05-10,2020-05-22,0,none,dry_negative,,3.2,ATT_VEY_2020-05-16
S002430,MHO_GIR,7.331,80.121,MahaOya,2018-04-16,2018-04-10,2018-04-22,0,none,dry_negative,,3.2,MHO_GIR_2018-04-16
S002431,GAL_ING,7.2,81.5,GalOya,2022-10-03,2022-09-27,2022-10-09,0,none,dry_negative,,3.2,GAL_ING_2022-10-03
S002432,DED_KUR,7.487,80.362,DeduruOya,2022-03-05,2022-02-27,2022-03-11,0,none,dry_negative,,3.2,DED_KUR_2022-03-05
S002433,WAL_UDA,6.441,80.881,Walawe,2022-07-15,2022-07-09,2022-07-21,0,none,dry_negative,,3.2,WAL_UDA_2022-07-15
S002434,MAL_MAN,8.951,79.951,MalwathuOya,2017-02-19,2017-02-13,2017-02-25,0,none,dry_negative,,3.2,MAL_MAN_2017-02-19
S002435,BAT_ERA,7.771,81.601,Batticaloa,2024-07-16,2024-07-10,2024-07-22,0,none,dry_negative,,3.2,BAT_ERA_2024-07-16
S002436,MAL_MAN,8.951,79.951,MalwathuOya,2024-07-26,2024-07-20,2024-08-01,0,none,dry_negative,,3.2,MAL_MAN_2024-07-26
S002437,GIN_BAD,6.171,80.19,Gin,2024-12-19,2024-12-13,2024-12-25,0,none,dry_negative,,3.2,GIN_BAD_2024-12-19
S002438,KAL_BAL,6.652,80.698,Kalu,2016-03-01,2016-02-24,2016-03-07,0,none,dry_negative,,3.2,KAL_BAL_2016-03-01
S002439,MAH_KAN,7.291,80.635,Mahaweli,2017-10-23,2017-10-17,2017-10-29,0,none,dry_negative,,3.2,MAH_KAN_2017-10-23
S002440,MAH_NUW,6.949,80.782,Mahaweli,2015-04-07,2015-04-01,2015-04-13,0,none,dry_negative,,3.2,MAH_NUW_2015-04-07
S002441,KEL_KAD,6.933,79.983,Kelani,2020-09-04,2020-08-29,2020-09-10,0,none,dry_negative,,3.2,KEL_KAD_2020-09-04
S002442,MAH_NUW,6.949,80.782,Mahaweli,2018-03-08,2018-03-02,2018-03-14,0,none,dry_negative,,3.2,MAH_NUW_2018-03-08
S002443,MHO_MOU,7.301,79.833,MahaOya,2016-12-19,2016-12-13,2016-12-25,0,none,dry_negative,,3.2,MHO_MOU_2016-12-19
S002444,WAL_UDA,6.441,80.881,Walawe,2022-03-24,2022-03-18,2022-03-30,0,none,dry_negative,,3.2,WAL_UDA_2022-03-24
S002445,MAH_KAN,7.291,80.635,Mahaweli,2024-04-20,2024-04-14,2024-04-26,0,none,dry_negative,,3.2,MAH_KAN_2024-04-20
S002446,ATT_VEY,7.155,80.061,AttanagaluOya,2019-07-04,2019-06-28,2019-07-10,0,none,dry_negative,,3.2,ATT_VEY_2019-07-04
S002447,KIR_TIS,6.281,81.281,KirindiOya,2016-09-24,2016-09-18,2016-09-30,0,none,dry_negative,,3.2,KIR_TIS_2016-09-24
S002448,COL_KOT,6.888,79.901,ColomboMetro,2018-03-02,2018-02-24,2018-03-08,0,none,dry_negative,,3.2,COL_KOT_2018-03-02
S002449,NIL_PIT,6.3,80.552,Nilwala,2024-02-24,2024-02-18,2024-03-01,0,none,dry_negative,,3.2,NIL_PIT_2024-02-24
S002450,DED_KUR,7.487,80.362,DeduruOya,2019-02-04,2019-01-29,2019-02-10,0,none,dry_negative,,3.2,DED_KUR_2019-02-04
S002451,BAT_BAT,7.717,81.7,Batticaloa,2021-09-17,2021-09-11,2021-09-23,0,none,dry_negative,,3.2,BAT_BAT_2021-09-17
S002452,BAT_ERA,7.771,81.601,Batticaloa,2019-08-09,2019-08-03,2019-08-15,0,none,dry_negative,,3.2,BAT_ERA_2019-08-09
S002453,KIR_TIS,6.281,81.281,KirindiOya,2016-09-30,2016-09-24,2016-10-06,0,none,dry_negative,,3.2,KIR_TIS_2016-09-30
S002454,KEL_COL,6.97,79.873,Kelani,2020-04-28,2020-04-22,2020-05-04,0,none,dry_negative,,3.2,KEL_COL_2020-04-28
S002455,KEL_COL,6.97,79.873,Kelani,2022-11-24,2022-11-18,2022-11-30,0,none,dry_negative,,3.2,KEL_COL_2022-11-24
S002456,WAL_EMB,6.343,80.851,Walawe,2016-02-07,2016-02-01,2016-02-13,0,none,dry_negative,,3.2,WAL_EMB_2016-02-07
S002457,ATT_JAE,7.074,79.892,AttanagaluOya,2018-02-03,2018-01-28,2018-02-09,0,none,dry_negative,,3.2,ATT_JAE_2018-02-03
S002458,NIL_MAT,5.949,80.55,Nilwala,2017-04-09,2017-04-03,2017-04-15,0,none,dry_negative,,3.2,NIL_MAT_2017-04-09
S002459,KAL_BUL,6.66,80.19,Kalu,2020-03-28,2020-03-22,2020-04-03,0,none,dry_negative,,3.2,KAL_BUL_2020-03-28
S002460,GIN_THA,6.331,80.331,Gin,2015-03-21,2015-03-15,2015-03-27,0,none,dry_negative,,3.2,GIN_THA_2015-03-21
S002461,ATT_NIT,7.141,80.098,AttanagaluOya,2022-12-29,2022-12-23,2023-01-04,0,none,dry_negative,,3.2,ATT_NIT_2022-12-29
S002462,KAL_KLT,6.583,79.96,Kalu,2017-09-30,2017-09-24,2017-10-06,0,none,dry_negative,,3.2,KAL_KLT_2017-09-30
S002463,KLA_ELA,8.151,79.851,KalaOya,2018-07-21,2018-07-15,2018-07-27,0,none,dry_negative,,3.2,KLA_ELA_2018-07-21
S002464,YAN_HOR,8.551,80.881,YanOya,2019-06-18,2019-06-12,2019-06-24,0,none,dry_negative,,3.2,YAN_HOR_2019-06-18
S002465,GAL_ING,7.2,81.5,GalOya,2023-04-10,2023-04-04,2023-04-16,0,none,dry_negative,,3.2,GAL_ING_2023-04-10
S002466,NIL_AKU,6.101,80.481,Nilwala,2017-05-17,2017-05-11,2017-05-23,0,none,dry_negative,,3.2,NIL_AKU_2017-05-17
S002467,NIL_PIT,6.3,80.552,Nilwala,2016-02-18,2016-02-12,2016-02-24,0,none,dry_negative,,3.2,NIL_PIT_2016-02-18
S002468,GAL_ING,7.2,81.5,GalOya,2017-05-11,2017-05-05,2017-05-17,0,none,dry_negative,,3.2,GAL_ING_2017-05-11
S002469,DED_KUR,7.487,80.362,DeduruOya,2019-09-17,2019-09-11,2019-09-23,0,none,dry_negative,,3.2,DED_KUR_2019-09-17
S002470,WAL_EMB,6.343,80.851,Walawe,2021-10-15,2021-10-09,2021-10-21,0,none,dry_negative,,3.2,WAL_EMB_2021-10-15
S002471,ATT_NIT,7.141,80.098,AttanagaluOya,2016-04-27,2016-04-21,2016-05-03,0,none,dry_negative,,3.2,ATT_NIT_2016-04-27
S002472,KEL_RUW,7.041,80.251,Kelani,2020-10-29,2020-10-23,2020-11-04,0,none,dry_negative,,3.2,KEL_RUW_2020-10-29
S002473,GIN_THA,6.331,80.331,Gin,2024-07-28,2024-07-22,2024-08-03,0,none,dry_negative,,3.2,GIN_THA_2024-07-28
S002474,COL_KOT,6.888,79.901,ColomboMetro,2016-04-16,2016-04-10,2016-04-22,0,none,dry_negative,,3.2,COL_KOT_2016-04-16
S002475,MAH_PER,7.271,80.598,Mahaweli,2023-07-29,2023-07-23,2023-08-04,0,none,dry_negative,,3.2,MAH_PER_2023-07-29
S002476,GIN_NEL,6.423,80.293,Gin,2016-04-04,2016-03-29,2016-04-10,0,none,dry_negative,,3.2,GIN_NEL_2016-04-04
S002477,ATT_VEY,7.155,80.061,AttanagaluOya,2024-04-10,2024-04-04,2024-04-16,0,none,dry_negative,,3.2,ATT_VEY_2024-04-10
S002478,YAN_HOR,8.551,80.881,YanOya,2020-10-27,2020-10-21,2020-11-02,0,none,dry_negative,,3.2,YAN_HOR_2020-10-27
S002479,ATT_JAE,7.074,79.892,AttanagaluOya,2021-03-13,2021-03-07,2021-03-19,0,none,dry_negative,,3.2,ATT_JAE_2021-03-13
S002480,GIN_NEL,6.423,80.293,Gin,2016-02-14,2016-02-08,2016-02-20,0,none,dry_negative,,3.2,GIN_NEL_2016-02-14
S002481,YAN_HOR,8.551,80.881,YanOya,2015-10-18,2015-10-12,2015-10-24,0,none,dry_negative,,3.2,YAN_HOR_2015-10-18
S002482,KAL_AGA,6.535,80.15,Kalu,2021-10-25,2021-10-19,2021-10-31,0,none,dry_negative,,3.2,KAL_AGA_2021-10-25
S002483,MAH_KAN,7.291,80.635,Mahaweli,2017-02-24,2017-02-18,2017-03-02,0,none,dry_negative,,3.2,MAH_KAN_2017-02-24
S002484,KAL_AGA,6.535,80.15,Kalu,2015-03-11,2015-03-05,2015-03-17,0,none,dry_negative,,3.2,KAL_AGA_2015-03-11
S002485,KAL_RAT,6.683,80.4,Kalu,2022-08-24,2022-08-18,2022-08-30,0,none,dry_negative,,3.2,KAL_RAT_2022-08-24
S002486,KIR_TIS,6.281,81.281,KirindiOya,2023-02-15,2023-02-09,2023-02-21,0,none,dry_negative,,3.2,KIR_TIS_2023-02-15
S002487,ATT_NIT,7.141,80.098,AttanagaluOya,2019-07-08,2019-07-02,2019-07-14,0,none,dry_negative,,3.2,ATT_NIT_2019-07-08
S002488,WAL_AMB,6.121,81.021,Walawe,2017-08-18,2017-08-12,2017-08-24,0,none,dry_negative,,3.2,WAL_AMB_2017-08-18
S002489,BAT_BAT,7.717,81.7,Batticaloa,2022-09-20,2022-09-14,2022-09-26,0,none,dry_negative,,3.2,BAT_BAT_2022-09-20
S002490,KAL_BAL,6.652,80.698,Kalu,2024-11-03,2024-10-28,2024-11-09,0,none,dry_negative,,3.2,KAL_BAL_2024-11-03
S002491,WAL_AMB,6.121,81.021,Walawe,2016-09-20,2016-09-14,2016-09-26,0,none,dry_negative,,3.2,WAL_AMB_2016-09-20
S002492,GAL_AMP,7.291,81.671,GalOya,2019-03-22,2019-03-16,2019-03-28,0,none,dry_negative,,3.2,GAL_AMP_2019-03-22
S002493,NIL_MAT,5.949,80.55,Nilwala,2023-01-19,2023-01-13,2023-01-25,0,none,dry_negative,,3.2,NIL_MAT_2023-01-19
S002494,YAN_HOR,8.551,80.881,YanOya,2020-08-09,2020-08-03,2020-08-15,0,none,dry_negative,,3.2,YAN_HOR_2020-08-09
S002495,GIN_GAL,6.089,80.221,Gin,2024-02-04,2024-01-29,2024-02-10,0,none,dry_negative,,3.2,GIN_GAL_2024-02-04
S002496,BAT_BAT,7.717,81.7,Batticaloa,2017-04-25,2017-04-19,2017-05-01,0,none,dry_negative,,3.2,BAT_BAT_2017-04-25
S002497,MAH_MHY,7.331,81.001,Mahaweli,2017-10-15,2017-10-09,2017-10-21,0,none,dry_negative,,3.2,MAH_MHY_2017-10-15
S002498,MAH_VIC,7.241,80.781,Mahaweli,2015-07-07,2015-07-01,2015-07-13,0,none,dry_negative,,3.2,MAH_VIC_2015-07-07
S002499,KEL_UP,6.831,80.616,Kelani,2019-01-04,2018-12-29,2019-01-10,0,none,dry_negative,,3.2,KEL_UP_2019-01-04
S002500,MAH_PER,7.271,80.598,Mahaweli,2022-03-13,2022-03-07,2022-03-19,0,none,dry_negative,,3.2,MAH_PER_2022-03-13
S002501,KEL_KAD,6.933,79.983,Kelani,2016-03-10,2016-03-04,2016-03-16,0,none,dry_negative,,3.2,KEL_KAD_2016-03-10
S002502,GIN_BAD,6.171,80.19,Gin,2019-07-19,2019-07-13,2019-07-25,0,none,dry_negative,,3.2,GIN_BAD_2019-07-19
S002503,GAL_AMP,7.291,81.671,GalOya,2016-10-05,2016-09-29,2016-10-11,0,none,dry_negative,,3.2,GAL_AMP_2016-10-05
S002504,KAL_RAT,6.683,80.4,Kalu,2016-10-11,2016-10-05,2016-10-17,0,none,dry_negative,,3.2,KAL_RAT_2016-10-11
S002505,ATT_VEY,7.155,80.061,AttanagaluOya,2022-04-09,2022-04-03,2022-04-15,0,none,dry_negative,,3.2,ATT_VEY_2022-04-09
S002506,NIL_MAT,5.949,80.55,Nilwala,2020-12-05,2020-11-29,2020-12-11,0,none,dry_negative,,3.2,NIL_MAT_2020-12-05
S002507,DED_KUR,7.487,80.362,DeduruOya,2019-04-05,2019-03-30,2019-04-11,0,none,dry_negative,,3.2,DED_KUR_2019-04-05
S002508,NIL_PIT,6.3,80.552,Nilwala,2020-03-18,2020-03-12,2020-03-24,0,none,dry_negative,,3.2,NIL_PIT_2020-03-18
S002509,GIN_NEL,6.423,80.293,Gin,2019-01-24,2019-01-18,2019-01-30,0,none,dry_negative,,3.2,GIN_NEL_2019-01-24
S002510,MAL_ANU,8.351,80.401,MalwathuOya,2017-09-26,2017-09-20,2017-10-02,0,none,dry_negative,,3.2,MAL_ANU_2017-09-26
S002511,MAH_NUW,6.949,80.782,Mahaweli,2016-09-22,2016-09-16,2016-09-28,0,none,dry_negative,,3.2,MAH_NUW_2016-09-22
S002512,KEL_HAN,6.902,80.082,Kelani,2016-09-25,2016-09-19,2016-10-01,0,none,dry_negative,,3.2,KEL_HAN_2016-09-25
S002513,MAH_PER,7.271,80.598,Mahaweli,2019-03-22,2019-03-16,2019-03-28,0,none,dry_negative,,3.2,MAH_PER_2019-03-22
S002514,NIL_URA,6.231,80.601,Nilwala,2019-03-21,2019-03-15,2019-03-27,0,none,dry_negative,,3.2,NIL_URA_2019-03-21
S002515,KEL_RUW,7.041,80.251,Kelani,2015-08-02,2015-07-27,2015-08-08,0,none,dry_negative,,3.2,KEL_RUW_2015-08-02
S002516,KLA_ELA,8.151,79.851,KalaOya,2017-07-06,2017-06-30,2017-07-12,0,none,dry_negative,,3.2,KLA_ELA_2017-07-06
S002517,ATT_JAE,7.074,79.892,AttanagaluOya,2022-03-10,2022-03-04,2022-03-16,0,none,dry_negative,,3.2,ATT_JAE_2022-03-10
S002518,KEL_AVI,6.954,80.211,Kelani,2021-09-15,2021-09-09,2021-09-21,0,none,dry_negative,,3.2,KEL_AVI_2021-09-15
S002519,MHO_GIR,7.331,80.121,MahaOya,2015-08-02,2015-07-27,2015-08-08,0,none,dry_negative,,3.2,MHO_GIR_2015-08-02
S002520,NIL_URA,6.231,80.601,Nilwala,2022-01-25,2022-01-19,2022-01-31,0,none,dry_negative,,3.2,NIL_URA_2022-01-25
S002521,GAL_ING,7.2,81.5,GalOya,2016-08-27,2016-08-21,2016-09-02,0,none,dry_negative,,3.2,GAL_ING_2016-08-27
S002522,KAL_RAT,6.683,80.4,Kalu,2024-07-21,2024-07-15,2024-07-27,0,none,dry_negative,,3.2,KAL_RAT_2024-07-21
S002523,NIL_AKU,6.101,80.481,Nilwala,2023-08-09,2023-08-03,2023-08-15,0,none,dry_negative,,3.2,NIL_AKU_2023-08-09
S002524,KEL_HAN,6.902,80.082,Kelani,2019-02-20,2019-02-14,2019-02-26,0,none,dry_negative,,3.2,KEL_HAN_2019-02-20
S002525,BAT_BAT,7.717,81.7,Batticaloa,2021-05-24,2021-05-18,2021-05-30,0,none,dry_negative,,3.2,BAT_BAT_2021-05-24
S002526,MAH_MHY,7.331,81.001,Mahaweli,2017-01-04,2016-12-29,2017-01-10,0,none,dry_negative,,3.2,MAH_MHY_2017-01-04
S002527,GIN_NEL,6.423,80.293,Gin,2022-04-20,2022-04-14,2022-04-26,0,none,dry_negative,,3.2,GIN_NEL_2022-04-20
S002528,GAL_ING,7.2,81.5,GalOya,2017-07-21,2017-07-15,2017-07-27,0,none,dry_negative,,3.2,GAL_ING_2017-07-21
S002529,KAL_KLT,6.583,79.96,Kalu,2023-04-06,2023-03-31,2023-04-12,0,none,dry_negative,,3.2,KAL_KLT_2023-04-06
S002530,KAL_KLT,6.583,79.96,Kalu,2015-07-13,2015-07-07,2015-07-19,0,none,dry_negative,,3.2,KAL_KLT_2015-07-13
S002531,ATT_NIT,7.141,80.098,AttanagaluOya,2018-05-13,2018-05-07,2018-05-19,0,none,dry_negative,,3.2,ATT_NIT_2018-05-13
S002532,KEL_UP,6.831,80.616,Kelani,2016-12-19,2016-12-13,2016-12-25,0,none,dry_negative,,3.2,KEL_UP_2016-12-19
S002533,KAL_RAT,6.683,80.4,Kalu,2017-10-15,2017-10-09,2017-10-21,0,none,dry_negative,,3.2,KAL_RAT_2017-10-15
S002534,MHO_GIR,7.331,80.121,MahaOya,2021-02-15,2021-02-09,2021-02-21,0,none,dry_negative,,3.2,MHO_GIR_2021-02-15
S002535,MAH_MAN,7.921,81.101,Mahaweli,2018-06-26,2018-06-20,2018-07-02,0,none,dry_negative,,3.2,MAH_MAN_2018-06-26
S002536,KEL_AVI,6.954,80.211,Kelani,2019-09-04,2019-08-29,2019-09-10,0,none,dry_negative,,3.2,KEL_AVI_2019-09-04
S002537,KEL_COL,6.97,79.873,Kelani,2016-03-12,2016-03-06,2016-03-18,0,none,dry_negative,,3.2,KEL_COL_2016-03-12
S002538,MAH_PER,7.271,80.598,Mahaweli,2022-01-07,2022-01-01,2022-01-13,0,none,dry_negative,,3.2,MAH_PER_2022-01-07
S002539,WAL_AMB,6.121,81.021,Walawe,2022-02-28,2022-02-22,2022-03-06,0,none,dry_negative,,3.2,WAL_AMB_2022-02-28
S002540,NIL_URA,6.231,80.601,Nilwala,2024-05-11,2024-05-05,2024-05-17,0,none,dry_negative,,3.2,NIL_URA_2024-05-11
S002541,MAL_ANU,8.351,80.401,MalwathuOya,2017-10-19,2017-10-13,2017-10-25,0,none,dry_negative,,3.2,MAL_ANU_2017-10-19
S002542,BAT_BAT,7.717,81.7,Batticaloa,2016-09-05,2016-08-30,2016-09-11,0,none,dry_negative,,3.2,BAT_BAT_2016-09-05
S002543,MHO_GIR,7.331,80.121,MahaOya,2020-07-19,2020-07-13,2020-07-25,0,none,dry_negative,,3.2,MHO_GIR_2020-07-19
S002544,MAH_NUW,6.949,80.782,Mahaweli,2022-01-20,2022-01-14,2022-01-26,0,none,dry_negative,,3.2,MAH_NUW_2022-01-20
S002545,KEL_COL,6.97,79.873,Kelani,2016-03-11,2016-03-05,2016-03-17,0,none,dry_negative,,3.2,KEL_COL_2016-03-11
S002546,ATT_VEY,7.155,80.061,AttanagaluOya,2016-04-06,2016-03-31,2016-04-12,0,none,dry_negative,,3.2,ATT_VEY_2016-04-06
S002547,MAL_MAN,8.951,79.951,MalwathuOya,2018-08-07,2018-08-01,2018-08-13,0,none,dry_negative,,3.2,MAL_MAN_2018-08-07
S002548,NIL_PIT,6.3,80.552,Nilwala,2021-09-14,2021-09-08,2021-09-20,0,none,dry_negative,,3.2,NIL_PIT_2021-09-14
S002549,YAN_HOR,8.551,80.881,YanOya,2020-07-13,2020-07-07,2020-07-19,0,none,dry_negative,,3.2,YAN_HOR_2020-07-13
S002550,KIR_TIS,6.281,81.281,KirindiOya,2019-06-30,2019-06-24,2019-07-06,0,none,dry_negative,,3.2,KIR_TIS_2019-06-30
S002551,BAT_ERA,7.771,81.601,Batticaloa,2022-08-11,2022-08-05,2022-08-17,0,none,dry_negative,,3.2,BAT_ERA_2022-08-11
S002552,WAL_AMB,6.121,81.021,Walawe,2019-04-03,2019-03-28,2019-04-09,0,none,dry_negative,,3.2,WAL_AMB_2019-04-03
S002553,MAH_POL,7.94,81.001,Mahaweli,2021-09-08,2021-09-02,2021-09-14,0,none,dry_negative,,3.2,MAH_POL_2021-09-08
S002554,NIL_PIT,6.3,80.552,Nilwala,2016-08-12,2016-08-06,2016-08-18,0,none,dry_negative,,3.2,NIL_PIT_2016-08-12
S002555,MHO_MOU,7.301,79.833,MahaOya,2018-03-03,2018-02-25,2018-03-09,0,none,dry_negative,,3.2,MHO_MOU_2018-03-03
S002556,GIN_GAL,6.089,80.221,Gin,2015-03-13,2015-03-07,2015-03-19,0,none,dry_negative,,3.2,GIN_GAL_2015-03-13
S002557,NIL_URA,6.231,80.601,Nilwala,2017-06-30,2017-06-24,2017-07-06,0,none,dry_negative,,3.2,NIL_URA_2017-06-30
S002558,ATT_JAE,7.074,79.892,AttanagaluOya,2017-07-20,2017-07-14,2017-07-26,0,none,dry_negative,,3.2,ATT_JAE_2017-07-20
S002559,MAH_VIC,7.241,80.781,Mahaweli,2017-04-21,2017-04-15,2017-04-27,0,none,dry_negative,,3.2,MAH_VIC_2017-04-21
S002560,WAL_UDA,6.441,80.881,Walawe,2017-02-09,2017-02-03,2017-02-15,0,none,dry_negative,,3.2,WAL_UDA_2017-02-09
S002561,NIL_URA,6.231,80.601,Nilwala,2018-12-18,2018-12-12,2018-12-24,0,none,dry_negative,,3.2,NIL_URA_2018-12-18
S002562,MAH_MHY,7.331,81.001,Mahaweli,2020-04-24,2020-04-18,2020-04-30,0,none,dry_negative,,3.2,MAH_MHY_2020-04-24
S002563,DED_KUR,7.487,80.362,DeduruOya,2018-03-07,2018-03-01,2018-03-13,0,none,dry_negative,,3.2,DED_KUR_2018-03-07
S002564,MAH_PER,7.271,80.598,Mahaweli,2019-07-18,2019-07-12,2019-07-24,0,none,dry_negative,,3.2,MAH_PER_2019-07-18
S002565,MAH_POL,7.94,81.001,Mahaweli,2019-05-21,2019-05-15,2019-05-27,0,none,dry_negative,,3.2,MAH_POL_2019-05-21
S002566,KAL_KLT,6.583,79.96,Kalu,2020-06-06,2020-05-31,2020-06-12,0,none,dry_negative,,3.2,KAL_KLT_2020-06-06
S002567,DED_KUR,7.487,80.362,DeduruOya,2020-10-07,2020-10-01,2020-10-13,0,none,dry_negative,,3.2,DED_KUR_2020-10-07
S002568,MAH_MHY,7.331,81.001,Mahaweli,2021-08-17,2021-08-11,2021-08-23,0,none,dry_negative,,3.2,MAH_MHY_2021-08-17
S002569,BAT_ERA,7.771,81.601,Batticaloa,2020-06-09,2020-06-03,2020-06-15,0,none,dry_negative,,3.2,BAT_ERA_2020-06-09
S002570,MAH_PER,7.271,80.598,Mahaweli,2022-02-16,2022-02-10,2022-02-22,0,none,dry_negative,,3.2,MAH_PER_2022-02-16
S002571,MAL_MAN,8.951,79.951,MalwathuOya,2018-08-01,2018-07-26,2018-08-07,0,none,dry_negative,,3.2,MAL_MAN_2018-08-01
S002572,MAL_MAN,8.951,79.951,MalwathuOya,2016-12-23,2016-12-17,2016-12-29,0,none,dry_negative,,3.2,MAL_MAN_2016-12-23
S002573,GIN_NEL,6.423,80.293,Gin,2018-04-02,2018-03-27,2018-04-08,0,none,dry_negative,,3.2,GIN_NEL_2018-04-02
S002574,WAL_UDA,6.441,80.881,Walawe,2017-08-21,2017-08-15,2017-08-27,0,none,dry_negative,,3.2,WAL_UDA_2017-08-21
S002575,WAL_UDA,6.441,80.881,Walawe,2020-10-16,2020-10-10,2020-10-22,0,none,dry_negative,,3.2,WAL_UDA_2020-10-16
S002576,GIN_BAD,6.171,80.19,Gin,2020-05-06,2020-04-30,2020-05-12,0,none,dry_negative,,3.2,GIN_BAD_2020-05-06
S002577,KAL_BAL,6.652,80.698,Kalu,2020-08-22,2020-08-16,2020-08-28,0,none,dry_negative,,3.2,KAL_BAL_2020-08-22
S002578,NIL_MAT,5.949,80.55,Nilwala,2022-01-25,2022-01-19,2022-01-31,0,none,dry_negative,,3.2,NIL_MAT_2022-01-25
S002579,MAH_KAN,7.291,80.635,Mahaweli,2024-04-21,2024-04-15,2024-04-27,0,none,dry_negative,,3.2,MAH_KAN_2024-04-21
S002580,NIL_MAT,5.949,80.55,Nilwala,2019-01-31,2019-01-25,2019-02-06,0,none,dry_negative,,3.2,NIL_MAT_2019-01-31
S002581,MHO_MOU,7.301,79.833,MahaOya,2023-06-19,2023-06-13,2023-06-25,0,none,dry_negative,,3.2,MHO_MOU_2023-06-19
S002582,KIR_TIS,6.281,81.281,KirindiOya,2018-03-21,2018-03-15,2018-03-27,0,none,dry_negative,,3.2,KIR_TIS_2018-03-21
S002583,MAL_ANU,8.351,80.401,MalwathuOya,2018-04-12,2018-04-06,2018-04-18,0,none,dry_negative,,3.2,MAL_ANU_2018-04-12
S002584,COL_KOL,6.933,79.891,ColomboMetro,2016-10-20,2016-10-14,2016-10-26,0,none,dry_negative,,3.2,COL_KOL_2016-10-20
S002585,KIR_TIS,6.281,81.281,KirindiOya,2020-07-28,2020-07-22,2020-08-03,0,none,dry_negative,,3.2,KIR_TIS_2020-07-28
S002586,ATT_NIT,7.141,80.098,AttanagaluOya,2019-07-24,2019-07-18,2019-07-30,0,none,dry_negative,,3.2,ATT_NIT_2019-07-24
S002587,DED_WAR,7.621,80.231,DeduruOya,2017-08-20,2017-08-14,2017-08-26,0,none,dry_negative,,3.2,DED_WAR_2017-08-20
S002588,NIL_MAT,5.949,80.55,Nilwala,2021-02-02,2021-01-27,2021-02-08,0,none,dry_negative,,3.2,NIL_MAT_2021-02-02
S002589,DED_KUR,7.487,80.362,DeduruOya,2020-02-08,2020-02-02,2020-02-14,0,none,dry_negative,,3.2,DED_KUR_2020-02-08
S002590,KAL_KLT,6.583,79.96,Kalu,2019-01-30,2019-01-24,2019-02-05,0,none,dry_negative,,3.2,KAL_KLT_2019-01-30
S002591,KEL_RUW,7.041,80.251,Kelani,2020-07-25,2020-07-19,2020-07-31,0,none,dry_negative,,3.2,KEL_RUW_2020-07-25
S002592,KEL_UP,6.831,80.616,Kelani,2019-01-28,2019-01-22,2019-02-03,0,none,dry_negative,,3.2,KEL_UP_2019-01-28
S002593,GAL_AMP,7.291,81.671,GalOya,2024-08-02,2024-07-27,2024-08-08,0,none,dry_negative,,3.2,GAL_AMP_2024-08-02
S002594,GIN_NEL,6.423,80.293,Gin,2018-03-19,2018-03-13,2018-03-25,0,none,dry_negative,,3.2,GIN_NEL_2018-03-19
S002595,KEL_HAN,6.902,80.082,Kelani,2021-10-25,2021-10-19,2021-10-31,0,none,dry_negative,,3.2,KEL_HAN_2021-10-25
S002596,NIL_MAT,5.949,80.55,Nilwala,2021-09-09,2021-09-03,2021-09-15,0,none,dry_negative,,3.2,NIL_MAT_2021-09-09
S002597,WAL_EMB,6.343,80.851,Walawe,2015-08-26,2015-08-20,2015-09-01,0,none,dry_negative,,3.2,WAL_EMB_2015-08-26
S002598,KEL_COL,6.97,79.873,Kelani,2017-04-10,2017-04-04,2017-04-16,0,none,dry_negative,,3.2,KEL_COL_2017-04-10
S002599,KAL_AGA,6.535,80.15,Kalu,2022-03-10,2022-03-04,2022-03-16,0,none,dry_negative,,3.2,KAL_AGA_2022-03-10
S002600,GIN_GAL,6.089,80.221,Gin,2019-02-06,2019-01-31,2019-02-12,0,none,dry_negative,,3.2,GIN_GAL_2019-02-06
S002601,KEL_KAD,6.933,79.983,Kelani,2020-05-03,2020-04-27,2020-05-09,0,none,dry_negative,,3.2,KEL_KAD_2020-05-03
S002602,KAL_KLT,6.583,79.96,Kalu,2018-08-14,2018-08-08,2018-08-20,0,none,dry_negative,,3.2,KAL_KLT_2018-08-14
S002603,GAL_AMP,7.291,81.671,GalOya,2019-04-22,2019-04-16,2019-04-28,0,none,dry_negative,,3.2,GAL_AMP_2019-04-22
S002604,KEL_KIT,6.989,80.412,Kelani,2023-09-05,2023-08-30,2023-09-11,0,none,dry_negative,,3.2,KEL_KIT_2023-09-05
S002605,KEL_RUW,7.041,80.251,Kelani,2024-04-04,2024-03-29,2024-04-10,0,none,dry_negative,,3.2,KEL_RUW_2024-04-04
S002606,WAL_AMB,6.121,81.021,Walawe,2023-08-10,2023-08-04,2023-08-16,0,none,dry_negative,,3.2,WAL_AMB_2023-08-10
S002607,DED_CHI,7.576,79.797,DeduruOya,2017-04-08,2017-04-02,2017-04-14,0,none,dry_negative,,3.2,DED_CHI_2017-04-08
S002608,MAH_PER,7.271,80.598,Mahaweli,2019-09-09,2019-09-03,2019-09-15,0,none,dry_negative,,3.2,MAH_PER_2019-09-09
S002609,MAH_VIC,7.241,80.781,Mahaweli,2020-07-10,2020-07-04,2020-07-16,0,none,dry_negative,,3.2,MAH_VIC_2020-07-10
S002610,KEL_UP,6.831,80.616,Kelani,2023-04-27,2023-04-21,2023-05-03,0,none,dry_negative,,3.2,KEL_UP_2023-04-27
S002611,KAL_BUL,6.66,80.19,Kalu,2017-07-28,2017-07-22,2017-08-03,0,none,dry_negative,,3.2,KAL_BUL_2017-07-28
S002612,MAH_VIC,7.241,80.781,Mahaweli,2016-04-08,2016-04-02,2016-04-14,0,none,dry_negative,,3.2,MAH_VIC_2016-04-08
S002613,MAH_KAN,7.291,80.635,Mahaweli,2022-02-23,2022-02-17,2022-03-01,0,none,dry_negative,,3.2,MAH_KAN_2022-02-23
S002614,MAH_MHY,7.331,81.001,Mahaweli,2020-04-02,2020-03-27,2020-04-08,0,none,dry_negative,,3.2,MAH_MHY_2020-04-02
S002615,KEL_KAD,6.933,79.983,Kelani,2017-04-02,2017-03-27,2017-04-08,0,none,dry_negative,,3.2,KEL_KAD_2017-04-02
S002616,DED_KUR,7.487,80.362,DeduruOya,2018-02-21,2018-02-15,2018-02-27,0,none,dry_negative,,3.2,DED_KUR_2018-02-21
S002617,WAL_UDA,6.441,80.881,Walawe,2021-08-07,2021-08-01,2021-08-13,0,none,dry_negative,,3.2,WAL_UDA_2021-08-07
S002618,WAL_AMB,6.121,81.021,Walawe,2021-07-04,2021-06-28,2021-07-10,0,none,dry_negative,,3.2,WAL_AMB_2021-07-04
S002619,KIR_TIS,6.281,81.281,KirindiOya,2017-09-18,2017-09-12,2017-09-24,0,none,dry_negative,,3.2,KIR_TIS_2017-09-18
S002620,KAL_AGA,6.535,80.15,Kalu,2016-10-10,2016-10-04,2016-10-16,0,none,dry_negative,,3.2,KAL_AGA_2016-10-10
S002621,MAH_KAN,7.291,80.635,Mahaweli,2016-02-06,2016-01-31,2016-02-12,0,none,dry_negative,,3.2,MAH_KAN_2016-02-06
S002622,MAH_MAN,7.921,81.101,Mahaweli,2023-07-26,2023-07-20,2023-08-01,0,none,dry_negative,,3.2,MAH_MAN_2023-07-26
S002623,MAH_PER,7.271,80.598,Mahaweli,2018-08-01,2018-07-26,2018-08-07,0,none,dry_negative,,3.2,MAH_PER_2018-08-01
S002624,GIN_THA,6.331,80.331,Gin,2015-06-18,2015-06-12,2015-06-24,0,none,dry_negative,,3.2,GIN_THA_2015-06-18
S002625,ATT_NIT,7.141,80.098,AttanagaluOya,2019-01-18,2019-01-12,2019-01-24,0,none,dry_negative,,3.2,ATT_NIT_2019-01-18
S002626,ATT_NIT,7.141,80.098,AttanagaluOya,2020-03-29,2020-03-23,2020-04-04,0,none,dry_negative,,3.2,ATT_NIT_2020-03-29
S002627,ATT_NIT,7.141,80.098,AttanagaluOya,2024-02-06,2024-01-31,2024-02-12,0,none,dry_negative,,3.2,ATT_NIT_2024-02-06
S002628,KAL_AGA,6.535,80.15,Kalu,2018-08-11,2018-08-05,2018-08-17,0,none,dry_negative,,3.2,KAL_AGA_2018-08-11
S002629,KEL_KAD,6.933,79.983,Kelani,2016-12-24,2016-12-18,2016-12-30,0,none,dry_negative,,3.2,KEL_KAD_2016-12-24
S002630,GIN_NEL,6.423,80.293,Gin,2017-07-23,2017-07-17,2017-07-29,0,none,dry_negative,,3.2,GIN_NEL_2017-07-23
S002631,KAL_BAL,6.652,80.698,Kalu,2016-04-19,2016-04-13,2016-04-25,0,none,dry_negative,,3.2,KAL_BAL_2016-04-19
S002632,KAL_BAL,6.652,80.698,Kalu,2023-09-17,2023-09-11,2023-09-23,0,none,dry_negative,,3.2,KAL_BAL_2023-09-17
S002633,BAT_BAT,7.717,81.7,Batticaloa,2017-07-10,2017-07-04,2017-07-16,0,none,dry_negative,,3.2,BAT_BAT_2017-07-10
S002634,ATT_NIT,7.141,80.098,AttanagaluOya,2022-01-20,2022-01-14,2022-01-26,0,none,dry_negative,,3.2,ATT_NIT_2022-01-20
S002635,KAL_BAL,6.652,80.698,Kalu,2020-04-17,2020-04-11,2020-04-23,0,none,dry_negative,,3.2,KAL_BAL_2020-04-17
S002636,ATT_JAE,7.074,79.892,AttanagaluOya,2019-05-20,2019-05-14,2019-05-26,0,none,dry_negative,,3.2,ATT_JAE_2019-05-20
S002637,MAH_POL,7.94,81.001,Mahaweli,2017-08-11,2017-08-05,2017-08-17,0,none,dry_negative,,3.2,MAH_POL_2017-08-11
S002638,GIN_THA,6.331,80.331,Gin,2016-01-28,2016-01-22,2016-02-03,0,none,dry_negative,,3.2,GIN_THA_2016-01-28
S002639,GIN_NEL,6.423,80.293,Gin,2017-10-01,2017-09-25,2017-10-07,0,none,dry_negative,,3.2,GIN_NEL_2017-10-01
S002640,GIN_NEL,6.423,80.293,Gin,2017-08-04,2017-07-29,2017-08-10,0,none,dry_negative,,3.2,GIN_NEL_2017-08-04
S002641,MAL_MAN,8.951,79.951,MalwathuOya,2016-11-29,2016-11-23,2016-12-05,0,none,dry_negative,,3.2,MAL_MAN_2016-11-29
S002642,BAT_VAL,7.921,81.531,Batticaloa,2016-07-10,2016-07-04,2016-07-16,0,none,dry_negative,,3.2,BAT_VAL_2016-07-10
S002643,KEL_UP,6.831,80.616,Kelani,2023-08-14,2023-08-08,2023-08-20,0,none,dry_negative,,3.2,KEL_UP_2023-08-14
S002644,MAH_POL,7.94,81.001,Mahaweli,2020-10-07,2020-10-01,2020-10-13,0,none,dry_negative,,3.2,MAH_POL_2020-10-07
S002645,KEL_AVI,6.954,80.211,Kelani,2021-12-24,2021-12-18,2021-12-30,0,none,dry_negative,,3.2,KEL_AVI_2021-12-24
S002646,KEL_KIT,6.989,80.412,Kelani,2021-07-22,2021-07-16,2021-07-28,0,none,dry_negative,,3.2,KEL_KIT_2021-07-22
S002647,MAH_VIC,7.241,80.781,Mahaweli,2018-01-21,2018-01-15,2018-01-27,0,none,dry_negative,,3.2,MAH_VIC_2018-01-21
S002648,ATT_NIT,7.141,80.098,AttanagaluOya,2020-04-11,2020-04-05,2020-04-17,0,none,dry_negative,,3.2,ATT_NIT_2020-04-11
S002649,GAL_AMP,7.291,81.671,GalOya,2016-08-15,2016-08-09,2016-08-21,0,none,dry_negative,,3.2,GAL_AMP_2016-08-15
S002650,KEL_KAD,6.933,79.983,Kelani,2016-03-21,2016-03-15,2016-03-27,0,none,dry_negative,,3.2,KEL_KAD_2016-03-21
S002651,KLA_ELA,8.151,79.851,KalaOya,2018-05-01,2018-04-25,2018-05-07,0,none,dry_negative,,3.2,KLA_ELA_2018-05-01
S002652,GIN_NEL,6.423,80.293,Gin,2020-08-31,2020-08-25,2020-09-06,0,none,dry_negative,,3.2,GIN_NEL_2020-08-31
S002653,NIL_MAT,5.949,80.55,Nilwala,2019-07-06,2019-06-30,2019-07-12,0,none,dry_negative,,3.2,NIL_MAT_2019-07-06
S002654,GAL_AMP,7.291,81.671,GalOya,2016-10-15,2016-10-09,2016-10-21,0,none,dry_negative,,3.2,GAL_AMP_2016-10-15
S002655,WAL_UDA,6.441,80.881,Walawe,2016-09-30,2016-09-24,2016-10-06,0,none,dry_negative,,3.2,WAL_UDA_2016-09-30
S002656,BAT_VAL,7.921,81.531,Batticaloa,2017-10-11,2017-10-05,2017-10-17,0,none,dry_negative,,3.2,BAT_VAL_2017-10-11
S002657,BAT_BAT,7.717,81.7,Batticaloa,2019-05-19,2019-05-13,2019-05-25,0,none,dry_negative,,3.2,BAT_BAT_2019-05-19
S002658,KEL_RUW,7.041,80.251,Kelani,2020-08-19,2020-08-13,2020-08-25,0,none,dry_negative,,3.2,KEL_RUW_2020-08-19
S002659,WAL_UDA,6.441,80.881,Walawe,2018-03-04,2018-02-26,2018-03-10,0,none,dry_negative,,3.2,WAL_UDA_2018-03-04
S002660,COL_KOT,6.888,79.901,ColomboMetro,2016-02-28,2016-02-22,2016-03-05,0,none,dry_negative,,3.2,COL_KOT_2016-02-28
S002661,NIL_AKU,6.101,80.481,Nilwala,2017-08-11,2017-08-05,2017-08-17,0,none,dry_negative,,3.2,NIL_AKU_2017-08-11
S002662,MHO_GIR,7.331,80.121,MahaOya,2017-01-15,2017-01-09,2017-01-21,0,none,dry_negative,,3.2,MHO_GIR_2017-01-15
S002663,MAH_PER,7.271,80.598,Mahaweli,2022-03-16,2022-03-10,2022-03-22,0,none,dry_negative,,3.2,MAH_PER_2022-03-16
S002664,ATT_NIT,7.141,80.098,AttanagaluOya,2021-04-21,2021-04-15,2021-04-27,0,none,dry_negative,,3.2,ATT_NIT_2021-04-21
S002665,MAH_NUW,6.949,80.782,Mahaweli,2017-07-22,2017-07-16,2017-07-28,0,none,dry_negative,,3.2,MAH_NUW_2017-07-22
S002666,MAH_POL,7.94,81.001,Mahaweli,2019-08-17,2019-08-11,2019-08-23,0,none,dry_negative,,3.2,MAH_POL_2019-08-17
S002667,KAL_AGA,6.535,80.15,Kalu,2023-03-03,2023-02-25,2023-03-09,0,none,dry_negative,,3.2,KAL_AGA_2023-03-03
S002668,NIL_URA,6.231,80.601,Nilwala,2016-07-03,2016-06-27,2016-07-09,0,none,dry_negative,,3.2,NIL_URA_2016-07-03
S002669,GIN_GAL,6.089,80.221,Gin,2017-05-21,2017-05-15,2017-05-27,0,none,dry_negative,,3.2,GIN_GAL_2017-05-21
S002670,NIL_URA,6.231,80.601,Nilwala,2016-04-26,2016-04-20,2016-05-02,0,none,dry_negative,,3.2,NIL_URA_2016-04-26
S002671,KAL_BAL,6.652,80.698,Kalu,2020-09-07,2020-09-01,2020-09-13,0,none,dry_negative,,3.2,KAL_BAL_2020-09-07
S002672,DED_CHI,7.576,79.797,DeduruOya,2019-05-14,2019-05-08,2019-05-20,0,none,dry_negative,,3.2,DED_CHI_2019-05-14
S002673,KEL_AVI,6.954,80.211,Kelani,2022-01-11,2022-01-05,2022-01-17,0,none,dry_negative,,3.2,KEL_AVI_2022-01-11
S002674,GIN_BAD,6.171,80.19,Gin,2023-05-29,2023-05-23,2023-06-04,0,none,dry_negative,,3.2,GIN_BAD_2023-05-29
S002675,ATT_GAM,7.092,79.994,AttanagaluOya,2020-11-11,2020-11-05,2020-11-17,0,none,dry_negative,,3.2,ATT_GAM_2020-11-11
S002676,KIR_TIS,6.281,81.281,KirindiOya,2018-02-23,2018-02-17,2018-03-01,0,none,dry_negative,,3.2,KIR_TIS_2018-02-23
S002677,KLA_ELA,8.151,79.851,KalaOya,2017-07-21,2017-07-15,2017-07-27,0,none,dry_negative,,3.2,KLA_ELA_2017-07-21
S002678,GAL_AMP,7.291,81.671,GalOya,2015-07-14,2015-07-08,2015-07-20,0,none,dry_negative,,3.2,GAL_AMP_2015-07-14
S002679,KAL_AGA,6.535,80.15,Kalu,2015-06-14,2015-06-08,2015-06-20,0,none,dry_negative,,3.2,KAL_AGA_2015-06-14
S002680,KAL_KLT,6.583,79.96,Kalu,2023-01-04,2022-12-29,2023-01-10,0,none,dry_negative,,3.2,KAL_KLT_2023-01-04
S002681,NIL_PIT,6.3,80.552,Nilwala,2018-08-08,2018-08-02,2018-08-14,0,none,dry_negative,,3.2,NIL_PIT_2018-08-08
S002682,ATT_NIT,7.141,80.098,AttanagaluOya,2020-01-30,2020-01-24,2020-02-05,0,none,dry_negative,,3.2,ATT_NIT_2020-01-30
S002683,KEL_AVI,6.954,80.211,Kelani,2018-02-08,2018-02-02,2018-02-14,0,none,dry_negative,,3.2,KEL_AVI_2018-02-08
S002684,MAH_POL,7.94,81.001,Mahaweli,2023-08-12,2023-08-06,2023-08-18,0,none,dry_negative,,3.2,MAH_POL_2023-08-12
S002685,KEL_HAN,6.902,80.082,Kelani,2019-03-31,2019-03-25,2019-04-06,0,none,dry_negative,,3.2,KEL_HAN_2019-03-31
S002686,MAH_KAN,7.291,80.635,Mahaweli,2017-04-25,2017-04-19,2017-05-01,0,none,dry_negative,,3.2,MAH_KAN_2017-04-25
S002687,KEL_UP,6.831,80.616,Kelani,2018-01-28,2018-01-22,2018-02-03,0,none,dry_negative,,3.2,KEL_UP_2018-01-28
S002688,KIR_TIS,6.281,81.281,KirindiOya,2019-08-30,2019-08-24,2019-09-05,0,none,dry_negative,,3.2,KIR_TIS_2019-08-30
S002689,KAL_AGA,6.535,80.15,Kalu,2020-02-06,2020-01-31,2020-02-12,0,none,dry_negative,,3.2,KAL_AGA_2020-02-06
S002690,KAL_AGA,6.535,80.15,Kalu,2018-03-04,2018-02-26,2018-03-10,0,none,dry_negative,,3.2,KAL_AGA_2018-03-04
S002691,KEL_KIT,6.989,80.412,Kelani,2024-03-20,2024-03-14,2024-03-26,0,none,dry_negative,,3.2,KEL_KIT_2024-03-20
S002692,ATT_GAM,7.092,79.994,AttanagaluOya,2023-08-24,2023-08-18,2023-08-30,0,none,dry_negative,,3.2,ATT_GAM_2023-08-24
S002693,GIN_THA,6.331,80.331,Gin,2023-06-09,2023-06-03,2023-06-15,0,none,dry_negative,,3.2,GIN_THA_2023-06-09
S002694,KIR_TIS,6.281,81.281,KirindiOya,2017-08-01,2017-07-26,2017-08-07,0,none,dry_negative,,3.2,KIR_TIS_2017-08-01
S002695,KEL_RUW,7.041,80.251,Kelani,2020-01-25,2020-01-19,2020-01-31,0,none,dry_negative,,3.2,KEL_RUW_2020-01-25
S002696,GIN_GAL,6.089,80.221,Gin,2018-04-13,2018-04-07,2018-04-19,0,none,dry_negative,,3.2,GIN_GAL_2018-04-13
S002697,BAT_VAL,7.921,81.531,Batticaloa,2023-08-27,2023-08-21,2023-09-02,0,none,dry_negative,,3.2,BAT_VAL_2023-08-27
S002698,GIN_BAD,6.171,80.19,Gin,2020-05-04,2020-04-28,2020-05-10,0,none,dry_negative,,3.2,GIN_BAD_2020-05-04
S002699,YAN_HOR,8.551,80.881,YanOya,2021-09-26,2021-09-20,2021-10-02,0,none,dry_negative,,3.2,YAN_HOR_2021-09-26
S002700,DED_KUR,7.487,80.362,DeduruOya,2020-04-11,2020-04-05,2020-04-17,0,none,dry_negative,,3.2,DED_KUR_2020-04-11
S002701,GIN_GAL,6.089,80.221,Gin,2015-01-24,2015-01-18,2015-01-30,0,none,dry_negative,,3.2,GIN_GAL_2015-01-24
S002702,KEL_KAD,6.933,79.983,Kelani,2016-08-10,2016-08-04,2016-08-16,0,none,dry_negative,,3.2,KEL_KAD_2016-08-10
S002703,GIN_THA,6.331,80.331,Gin,2023-07-26,2023-07-20,2023-08-01,0,none,dry_negative,,3.2,GIN_THA_2023-07-26
S002704,KAL_BAL,6.652,80.698,Kalu,2023-09-18,2023-09-12,2023-09-24,0,none,dry_negative,,3.2,KAL_BAL_2023-09-18
S002705,KLA_ELA,8.151,79.851,KalaOya,2019-09-29,2019-09-23,2019-10-05,0,none,dry_negative,,3.2,KLA_ELA_2019-09-29
S002706,MAH_VIC,7.241,80.781,Mahaweli,2023-07-22,2023-07-16,2023-07-28,0,none,dry_negative,,3.2,MAH_VIC_2023-07-22
S002707,KEL_COL,6.97,79.873,Kelani,2017-12-25,2017-12-19,2017-12-31,0,none,dry_negative,,3.2,KEL_COL_2017-12-25
S002708,NIL_URA,6.231,80.601,Nilwala,2016-03-02,2016-02-25,2016-03-08,0,none,dry_negative,,3.2,NIL_URA_2016-03-02
S002709,MAH_VIC,7.241,80.781,Mahaweli,2024-03-14,2024-03-08,2024-03-20,0,none,dry_negative,,3.2,MAH_VIC_2024-03-14
S002710,NIL_AKU,6.101,80.481,Nilwala,2022-07-04,2022-06-28,2022-07-10,0,none,dry_negative,,3.2,NIL_AKU_2022-07-04
S002711,MAH_KAN,7.291,80.635,Mahaweli,2016-01-21,2016-01-15,2016-01-27,0,none,dry_negative,,3.2,MAH_KAN_2016-01-21
S002712,KEL_RUW,7.041,80.251,Kelani,2019-06-04,2019-05-29,2019-06-10,0,none,dry_negative,,3.2,KEL_RUW_2019-06-04
S002713,YAN_HOR,8.551,80.881,YanOya,2021-10-19,2021-10-13,2021-10-25,0,none,dry_negative,,3.2,YAN_HOR_2021-10-19
S002714,KEL_KIT,6.989,80.412,Kelani,2024-08-08,2024-08-02,2024-08-14,0,none,dry_negative,,3.2,KEL_KIT_2024-08-08
S002715,KEL_COL,6.97,79.873,Kelani,2017-05-07,2017-05-01,2017-05-13,0,none,dry_negative,,3.2,KEL_COL_2017-05-07
S002716,MAH_NUW,6.949,80.782,Mahaweli,2017-04-26,2017-04-20,2017-05-02,0,none,dry_negative,,3.2,MAH_NUW_2017-04-26
S002717,GIN_GAL,6.089,80.221,Gin,2020-07-14,2020-07-08,2020-07-20,0,none,dry_negative,,3.2,GIN_GAL_2020-07-14
S002718,MAL_MAN,8.951,79.951,MalwathuOya,2020-09-24,2020-09-18,2020-09-30,0,none,dry_negative,,3.2,MAL_MAN_2020-09-24
S002719,COL_KOT,6.888,79.901,ColomboMetro,2018-02-01,2018-01-26,2018-02-07,0,none,dry_negative,,3.2,COL_KOT_2018-02-01
S002720,DED_CHI,7.576,79.797,DeduruOya,2023-01-10,2023-01-04,2023-01-16,0,none,dry_negative,,3.2,DED_CHI_2023-01-10
S002721,COL_KOL,6.933,79.891,ColomboMetro,2020-03-28,2020-03-22,2020-04-03,0,none,dry_negative,,3.2,COL_KOL_2020-03-28
S002722,MAH_POL,7.94,81.001,Mahaweli,2020-09-26,2020-09-20,2020-10-02,0,none,dry_negative,,3.2,MAH_POL_2020-09-26
S002723,NIL_PIT,6.3,80.552,Nilwala,2016-07-11,2016-07-05,2016-07-17,0,none,dry_negative,,3.2,NIL_PIT_2016-07-11
S002724,COL_KOL,6.933,79.891,ColomboMetro,2020-04-14,2020-04-08,2020-04-20,0,none,dry_negative,,3.2,COL_KOL_2020-04-14
S002725,MAL_MAN,8.951,79.951,MalwathuOya,2016-03-26,2016-03-20,2016-04-01,0,none,dry_negative,,3.2,MAL_MAN_2016-03-26
S002726,ATT_VEY,7.155,80.061,AttanagaluOya,2021-02-28,2021-02-22,2021-03-06,0,none,dry_negative,,3.2,ATT_VEY_2021-02-28
S002727,KEL_AVI,6.954,80.211,Kelani,2017-10-30,2017-10-24,2017-11-05,0,none,dry_negative,,3.2,KEL_AVI_2017-10-30
S002728,NIL_AKU,6.101,80.481,Nilwala,2020-08-27,2020-08-21,2020-09-02,0,none,dry_negative,,3.2,NIL_AKU_2020-08-27
S002729,MAL_ANU,8.351,80.401,MalwathuOya,2019-07-18,2019-07-12,2019-07-24,0,none,dry_negative,,3.2,MAL_ANU_2019-07-18
S002730,MAH_PER,7.271,80.598,Mahaweli,2021-09-07,2021-09-01,2021-09-13,0,none,dry_negative,,3.2,MAH_PER_2021-09-07
S002731,ATT_NIT,7.141,80.098,AttanagaluOya,2017-03-29,2017-03-23,2017-04-04,0,none,dry_negative,,3.2,ATT_NIT_2017-03-29
S002732,MAH_PER,7.271,80.598,Mahaweli,2024-02-13,2024-02-07,2024-02-19,0,none,dry_negative,,3.2,MAH_PER_2024-02-13
S002733,ATT_JAE,7.074,79.892,AttanagaluOya,2016-03-20,2016-03-14,2016-03-26,0,none,dry_negative,,3.2,ATT_JAE_2016-03-20
S002734,NIL_MAT,5.949,80.55,Nilwala,2023-01-20,2023-01-14,2023-01-26,0,none,dry_negative,,3.2,NIL_MAT_2023-01-20
S002735,KEL_UP,6.831,80.616,Kelani,2023-02-10,2023-02-04,2023-02-16,0,none,dry_negative,,3.2,KEL_UP_2023-02-10
S002736,MAL_MAN,8.951,79.951,MalwathuOya,2016-09-28,2016-09-22,2016-10-04,0,none,dry_negative,,3.2,MAL_MAN_2016-09-28
S002737,KIR_TIS,6.281,81.281,KirindiOya,2022-10-17,2022-10-11,2022-10-23,0,none,dry_negative,,3.2,KIR_TIS_2022-10-17
S002738,MAH_NUW,6.949,80.782,Mahaweli,2020-01-27,2020-01-21,2020-02-02,0,none,dry_negative,,3.2,MAH_NUW_2020-01-27
S002739,KEL_COL,6.97,79.873,Kelani,2019-01-20,2019-01-14,2019-01-26,0,none,dry_negative,,3.2,KEL_COL_2019-01-20
S002740,WAL_UDA,6.441,80.881,Walawe,2018-02-25,2018-02-19,2018-03-03,0,none,dry_negative,,3.2,WAL_UDA_2018-02-25
S002741,MAH_VIC,7.241,80.781,Mahaweli,2024-09-22,2024-09-16,2024-09-28,0,none,dry_negative,,3.2,MAH_VIC_2024-09-22
S002742,MAH_KAN,7.291,80.635,Mahaweli,2016-04-07,2016-04-01,2016-04-13,0,none,dry_negative,,3.2,MAH_KAN_2016-04-07
S002743,ATT_GAM,7.092,79.994,AttanagaluOya,2023-01-25,2023-01-19,2023-01-31,0,none,dry_negative,,3.2,ATT_GAM_2023-01-25
S002744,BAT_BAT,7.717,81.7,Batticaloa,2024-06-16,2024-06-10,2024-06-22,0,none,dry_negative,,3.2,BAT_BAT_2024-06-16
S002745,MAH_MHY,7.331,81.001,Mahaweli,2019-08-14,2019-08-08,2019-08-20,0,none,dry_negative,,3.2,MAH_MHY_2019-08-14
S002746,WAL_UDA,6.441,80.881,Walawe,2023-08-03,2023-07-28,2023-08-09,0,none,dry_negative,,3.2,WAL_UDA_2023-08-03
S002747,MAH_PER,7.271,80.598,Mahaweli,2022-01-11,2022-01-05,2022-01-17,0,none,dry_negative,,3.2,MAH_PER_2022-01-11
S002748,DED_CHI,7.576,79.797,DeduruOya,2019-05-09,2019-05-03,2019-05-15,0,none,dry_negative,,3.2,DED_CHI_2019-05-09
S002749,KIR_TIS,6.281,81.281,KirindiOya,2016-06-23,2016-06-17,2016-06-29,0,none,dry_negative,,3.2,KIR_TIS_2016-06-23
S002750,MAH_NUW,6.949,80.782,Mahaweli,2022-03-09,2022-03-03,2022-03-15,0,none,dry_negative,,3.2,MAH_NUW_2022-03-09
S002751,KAL_RAT,6.683,80.4,Kalu,2023-08-18,2023-08-12,2023-08-24,0,none,dry_negative,,3.2,KAL_RAT_2023-08-18
S002752,MAL_ANU,8.351,80.401,MalwathuOya,2018-02-24,2018-02-18,2018-03-02,0,none,dry_negative,,3.2,MAL_ANU_2018-02-24
S002753,GIN_BAD,6.171,80.19,Gin,2024-12-20,2024-12-14,2024-12-26,0,none,dry_negative,,3.2,GIN_BAD_2024-12-20
S002754,KEL_KIT,6.989,80.412,Kelani,2018-02-24,2018-02-18,2018-03-02,0,none,dry_negative,,3.2,KEL_KIT_2018-02-24
S002755,DED_WAR,7.621,80.231,DeduruOya,2015-06-11,2015-06-05,2015-06-17,0,none,dry_negative,,3.2,DED_WAR_2015-06-11
S002756,KEL_AVI,6.954,80.211,Kelani,2015-06-25,2015-06-19,2015-07-01,0,none,dry_negative,,3.2,KEL_AVI_2015-06-25
S002757,KEL_RUW,7.041,80.251,Kelani,2019-07-13,2019-07-07,2019-07-19,0,none,dry_negative,,3.2,KEL_RUW_2019-07-13
S002758,KEL_KAD,6.933,79.983,Kelani,2022-09-23,2022-09-17,2022-09-29,0,none,dry_negative,,3.2,KEL_KAD_2022-09-23
S002759,MAH_POL,7.94,81.001,Mahaweli,2024-10-19,2024-10-13,2024-10-25,0,none,dry_negative,,3.2,MAH_POL_2024-10-19
S002760,KLA_ELA,8.151,79.851,KalaOya,2017-04-25,2017-04-19,2017-05-01,0,none,dry_negative,,3.2,KLA_ELA_2017-04-25
S002761,MAH_POL,7.94,81.001,Mahaweli,2020-07-03,2020-06-27,2020-07-09,0,none,dry_negative,,3.2,MAH_POL_2020-07-03
S002762,BAT_ERA,7.771,81.601,Batticaloa,2017-10-09,2017-10-03,2017-10-15,0,none,dry_negative,,3.2,BAT_ERA_2017-10-09
S002763,GIN_BAD,6.171,80.19,Gin,2017-02-18,2017-02-12,2017-02-24,0,none,dry_negative,,3.2,GIN_BAD_2017-02-18
S002764,BAT_BAT,7.717,81.7,Batticaloa,2023-05-31,2023-05-25,2023-06-06,0,none,dry_negative,,3.2,BAT_BAT_2023-05-31
S002765,KAL_KLT,6.583,79.96,Kalu,2021-03-06,2021-02-28,2021-03-12,0,none,dry_negative,,3.2,KAL_KLT_2021-03-06
S002766,DED_KUR,7.487,80.362,DeduruOya,2016-10-12,2016-10-06,2016-10-18,0,none,dry_negative,,3.2,DED_KUR_2016-10-12
S002767,NIL_AKU,6.101,80.481,Nilwala,2024-05-16,2024-05-10,2024-05-22,0,none,dry_negative,,3.2,NIL_AKU_2024-05-16
S002768,KAL_KLT,6.583,79.96,Kalu,2023-08-10,2023-08-04,2023-08-16,0,none,dry_negative,,3.2,KAL_KLT_2023-08-10
S002769,NIL_AKU,6.101,80.481,Nilwala,2023-07-28,2023-07-22,2023-08-03,0,none,dry_negative,,3.2,NIL_AKU_2023-07-28
S002770,MAL_MAN,8.951,79.951,MalwathuOya,2024-05-12,2024-05-06,2024-05-18,0,none,dry_negative,,3.2,MAL_MAN_2024-05-12
S002771,NIL_AKU,6.101,80.481,Nilwala,2015-08-21,2015-08-15,2015-08-27,0,none,dry_negative,,3.2,NIL_AKU_2015-08-21
S002772,MAH_KAN,7.291,80.635,Mahaweli,2017-05-28,2017-05-22,2017-06-03,0,none,dry_negative,,3.2,MAH_KAN_2017-05-28
S002773,MAH_MHY,7.331,81.001,Mahaweli,2022-03-22,2022-03-16,2022-03-28,0,none,dry_negative,,3.2,MAH_MHY_2022-03-22
S002774,NIL_MAT,5.949,80.55,Nilwala,2022-02-09,2022-02-03,2022-02-15,0,none,dry_negative,,3.2,NIL_MAT_2022-02-09
S002775,KEL_HAN,6.902,80.082,Kelani,2022-01-30,2022-01-24,2022-02-05,0,none,dry_negative,,3.2,KEL_HAN_2022-01-30
S002776,KEL_RUW,7.041,80.251,Kelani,2021-07-01,2021-06-25,2021-07-07,0,none,dry_negative,,3.2,KEL_RUW_2021-07-01
S002777,WAL_UDA,6.441,80.881,Walawe,2019-05-13,2019-05-07,2019-05-19,0,none,dry_negative,,3.2,WAL_UDA_2019-05-13
S002778,KEL_KAD,6.933,79.983,Kelani,2019-03-08,2019-03-02,2019-03-14,0,none,dry_negative,,3.2,KEL_KAD_2019-03-08
S002779,KAL_RAT,6.683,80.4,Kalu,2022-07-02,2022-06-26,2022-07-08,0,none,dry_negative,,3.2,KAL_RAT_2022-07-02
S002780,DED_WAR,7.621,80.231,DeduruOya,2016-09-09,2016-09-03,2016-09-15,0,none,dry_negative,,3.2,DED_WAR_2016-09-09
S002781,KEL_KIT,6.989,80.412,Kelani,2017-08-14,2017-08-08,2017-08-20,0,none,dry_negative,,3.2,KEL_KIT_2017-08-14
S002782,WAL_EMB,6.343,80.851,Walawe,2022-02-27,2022-02-21,2022-03-05,0,none,dry_negative,,3.2,WAL_EMB_2022-02-27
S002783,KEL_AVI,6.954,80.211,Kelani,2021-08-22,2021-08-16,2021-08-28,0,none,dry_negative,,3.2,KEL_AVI_2021-08-22
S002784,DED_CHI,7.576,79.797,DeduruOya,2022-02-12,2022-02-06,2022-02-18,0,none,dry_negative,,3.2,DED_CHI_2022-02-12
S002785,MAL_MAN,8.951,79.951,MalwathuOya,2020-09-30,2020-09-24,2020-10-06,0,none,dry_negative,,3.2,MAL_MAN_2020-09-30
S002786,KAL_BUL,6.66,80.19,Kalu,2016-08-14,2016-08-08,2016-08-20,0,none,dry_negative,,3.2,KAL_BUL_2016-08-14
S002787,MAH_NUW,6.949,80.782,Mahaweli,2018-03-07,2018-03-01,2018-03-13,0,none,dry_negative,,3.2,MAH_NUW_2018-03-07
S002788,KEL_KAD,6.933,79.983,Kelani,2022-05-07,2022-05-01,2022-05-13,0,none,dry_negative,,3.2,KEL_KAD_2022-05-07
S002789,COL_KOL,6.933,79.891,ColomboMetro,2015-03-18,2015-03-12,2015-03-24,0,none,dry_negative,,3.2,COL_KOL_2015-03-18
S002790,DED_CHI,7.576,79.797,DeduruOya,2019-04-26,2019-04-20,2019-05-02,0,none,dry_negative,,3.2,DED_CHI_2019-04-26
S002791,ATT_JAE,7.074,79.892,AttanagaluOya,2017-01-22,2017-01-16,2017-01-28,0,none,dry_negative,,3.2,ATT_JAE_2017-01-22
S002792,DED_CHI,7.576,79.797,DeduruOya,2020-04-06,2020-03-31,2020-04-12,0,none,dry_negative,,3.2,DED_CHI_2020-04-06
S002793,NIL_MAT,5.949,80.55,Nilwala,2016-09-22,2016-09-16,2016-09-28,0,none,dry_negative,,3.2,NIL_MAT_2016-09-22
S002794,KLA_ELA,8.151,79.851,KalaOya,2019-07-31,2019-07-25,2019-08-06,0,none,dry_negative,,3.2,KLA_ELA_2019-07-31
S002795,KAL_BUL,6.66,80.19,Kalu,2019-03-25,2019-03-19,2019-03-31,0,none,dry_negative,,3.2,KAL_BUL_2019-03-25
S002796,KLA_ELA,8.151,79.851,KalaOya,2017-05-21,2017-05-15,2017-05-27,0,none,dry_negative,,3.2,KLA_ELA_2017-05-21
S002797,GIN_NEL,6.423,80.293,Gin,2020-02-28,2020-02-22,2020-03-05,0,none,dry_negative,,3.2,GIN_NEL_2020-02-28
S002798,KEL_HAN,6.902,80.082,Kelani,2018-02-11,2018-02-05,2018-02-17,0,none,dry_negative,,3.2,KEL_HAN_2018-02-11
S002799,ATT_JAE,7.074,79.892,AttanagaluOya,2023-07-30,2023-07-24,2023-08-05,0,none,dry_negative,,3.2,ATT_JAE_2023-07-30
S002800,KEL_UP,6.831,80.616,Kelani,2024-03-27,2024-03-21,2024-04-02,0,none,dry_negative,,3.2,KEL_UP_2024-03-27
S002801,MHO_MOU,7.301,79.833,MahaOya,2016-08-03,2016-07-28,2016-08-09,0,none,dry_negative,,3.2,MHO_MOU_2016-08-03
S002802,WAL_AMB,6.121,81.021,Walawe,2021-08-10,2021-08-04,2021-08-16,0,none,dry_negative,,3.2,WAL_AMB_2021-08-10
S002803,COL_KOL,6.933,79.891,ColomboMetro,2020-08-31,2020-08-25,2020-09-06,0,none,dry_negative,,3.2,COL_KOL_2020-08-31
S002804,KEL_HAN,6.902,80.082,Kelani,2022-02-11,2022-02-05,2022-02-17,0,none,dry_negative,,3.2,KEL_HAN_2022-02-11
S002805,BAT_ERA,7.771,81.601,Batticaloa,2024-10-07,2024-10-01,2024-10-13,0,none,dry_negative,,3.2,BAT_ERA_2024-10-07
S002806,MHO_GIR,7.331,80.121,MahaOya,2022-07-26,2022-07-20,2022-08-01,0,none,dry_negative,,3.2,MHO_GIR_2022-07-26
S002807,KAL_RAT,6.683,80.4,Kalu,2016-09-21,2016-09-15,2016-09-27,0,none,dry_negative,,3.2,KAL_RAT_2016-09-21
S002808,MAH_NUW,6.949,80.782,Mahaweli,2017-06-24,2017-06-18,2017-06-30,0,none,dry_negative,,3.2,MAH_NUW_2017-06-24
S002809,KAL_RAT,6.683,80.4,Kalu,2018-09-22,2018-09-16,2018-09-28,0,none,dry_negative,,3.2,KAL_RAT_2018-09-22
S002810,KAL_BUL,6.66,80.19,Kalu,2022-01-13,2022-01-07,2022-01-19,0,none,dry_negative,,3.2,KAL_BUL_2022-01-13
S002811,KAL_RAT,6.683,80.4,Kalu,2017-03-22,2017-03-16,2017-03-28,0,none,dry_negative,,3.2,KAL_RAT_2017-03-22
S002812,YAN_HOR,8.551,80.881,YanOya,2020-03-14,2020-03-08,2020-03-20,0,none,dry_negative,,3.2,YAN_HOR_2020-03-14
S002813,ATT_JAE,7.074,79.892,AttanagaluOya,2015-01-25,2015-01-19,2015-01-31,0,none,dry_negative,,3.2,ATT_JAE_2015-01-25
S002814,GIN_GAL,6.089,80.221,Gin,2015-04-25,2015-04-19,2015-05-01,0,none,dry_negative,,3.2,GIN_GAL_2015-04-25
S002815,MHO_GIR,7.331,80.121,MahaOya,2020-06-29,2020-06-23,2020-07-05,0,none,dry_negative,,3.2,MHO_GIR_2020-06-29
S002816,KEL_KAD,6.933,79.983,Kelani,2023-01-21,2023-01-15,2023-01-27,0,none,dry_negative,,3.2,KEL_KAD_2023-01-21
S002817,KLA_ELA,8.151,79.851,KalaOya,2018-05-07,2018-05-01,2018-05-13,0,none,dry_negative,,3.2,KLA_ELA_2018-05-07
S002818,WAL_EMB,6.343,80.851,Walawe,2022-10-12,2022-10-06,2022-10-18,0,none,dry_negative,,3.2,WAL_EMB_2022-10-12
S002819,MHO_MOU,7.301,79.833,MahaOya,2023-04-20,2023-04-14,2023-04-26,0,none,dry_negative,,3.2,MHO_MOU_2023-04-20
S002820,KAL_AGA,6.535,80.15,Kalu,2016-02-20,2016-02-14,2016-02-26,0,none,dry_negative,,3.2,KAL_AGA_2016-02-20
S002821,DED_CHI,7.576,79.797,DeduruOya,2022-03-06,2022-02-28,2022-03-12,0,none,dry_negative,,3.2,DED_CHI_2022-03-06
S002822,KEL_AVI,6.954,80.211,Kelani,2022-01-15,2022-01-09,2022-01-21,0,none,dry_negative,,3.2,KEL_AVI_2022-01-15
S002823,COL_KOL,6.933,79.891,ColomboMetro,2022-09-23,2022-09-17,2022-09-29,0,none,dry_negative,,3.2,COL_KOL_2022-09-23
S002824,KAL_BAL,6.652,80.698,Kalu,2023-06-08,2023-06-02,2023-06-14,0,none,dry_negative,,3.2,KAL_BAL_2023-06-08
S002825,KAL_BUL,6.66,80.19,Kalu,2021-12-22,2021-12-16,2021-12-28,0,none,dry_negative,,3.2,KAL_BUL_2021-12-22
S002826,GIN_BAD,6.171,80.19,Gin,2021-09-12,2021-09-06,2021-09-18,0,none,dry_negative,,3.2,GIN_BAD_2021-09-12
S002827,KAL_BAL,6.652,80.698,Kalu,2017-08-08,2017-08-02,2017-08-14,0,none,dry_negative,,3.2,KAL_BAL_2017-08-08
S002828,WAL_EMB,6.343,80.851,Walawe,2020-06-10,2020-06-04,2020-06-16,0,none,dry_negative,,3.2,WAL_EMB_2020-06-10
S002829,KAL_KLT,6.583,79.96,Kalu,2016-04-25,2016-04-19,2016-05-01,0,none,dry_negative,,3.2,KAL_KLT_2016-04-25
S002830,GAL_ING,7.2,81.5,GalOya,2022-03-06,2022-02-28,2022-03-12,0,none,dry_negative,,3.2,GAL_ING_2022-03-06
S002831,COL_KOT,6.888,79.901,ColomboMetro,2018-12-16,2018-12-10,2018-12-22,0,none,dry_negative,,3.2,COL_KOT_2018-12-16
S002832,COL_KOL,6.933,79.891,ColomboMetro,2023-05-27,2023-05-21,2023-06-02,0,none,dry_negative,,3.2,COL_KOL_2023-05-27
S002833,KEL_COL,6.97,79.873,Kelani,2015-05-01,2015-04-25,2015-05-07,0,none,dry_negative,,3.2,KEL_COL_2015-05-01
S002834,NIL_AKU,6.101,80.481,Nilwala,2022-10-06,2022-09-30,2022-10-12,0,none,dry_negative,,3.2,NIL_AKU_2022-10-06
S002835,KEL_KAD,6.933,79.983,Kelani,2020-01-30,2020-01-24,2020-02-05,0,none,dry_negative,,3.2,KEL_KAD_2020-01-30
S002836,MAL_ANU,8.351,80.401,MalwathuOya,2017-04-03,2017-03-28,2017-04-09,0,none,dry_negative,,3.2,MAL_ANU_2017-04-03
S002837,MAH_MAN,7.921,81.101,Mahaweli,2016-07-13,2016-07-07,2016-07-19,0,none,dry_negative,,3.2,MAH_MAN_2016-07-13
S002838,MHO_GIR,7.331,80.121,MahaOya,2022-04-07,2022-04-01,2022-04-13,0,none,dry_negative,,3.2,MHO_GIR_2022-04-07
S002839,MAL_ANU,8.351,80.401,MalwathuOya,2017-06-14,2017-06-08,2017-06-20,0,none,dry_negative,,3.2,MAL_ANU_2017-06-14
S002840,BAT_VAL,7.921,81.531,Batticaloa,2021-07-30,2021-07-24,2021-08-05,0,none,dry_negative,,3.2,BAT_VAL_2021-07-30
S002841,KEL_RUW,7.041,80.251,Kelani,2016-12-20,2016-12-14,2016-12-26,0,none,dry_negative,,3.2,KEL_RUW_2016-12-20
S002842,GIN_THA,6.331,80.331,Gin,2022-10-13,2022-10-07,2022-10-19,0,none,dry_negative,,3.2,GIN_THA_2022-10-13
S002843,KEL_AVI,6.954,80.211,Kelani,2017-10-21,2017-10-15,2017-10-27,0,none,dry_negative,,3.2,KEL_AVI_2017-10-21
S002844,ATT_JAE,7.074,79.892,AttanagaluOya,2020-05-26,2020-05-20,2020-06-01,0,none,dry_negative,,3.2,ATT_JAE_2020-05-26
S002845,KEL_RUW,7.041,80.251,Kelani,2024-10-09,2024-10-03,2024-10-15,0,none,dry_negative,,3.2,KEL_RUW_2024-10-09
S002846,COL_KOT,6.888,79.901,ColomboMetro,2015-05-06,2015-04-30,2015-05-12,0,none,dry_negative,,3.2,COL_KOT_2015-05-06
S002847,DED_KUR,7.487,80.362,DeduruOya,2020-07-19,2020-07-13,2020-07-25,0,none,dry_negative,,3.2,DED_KUR_2020-07-19
S002848,ATT_NIT,7.141,80.098,AttanagaluOya,2017-01-29,2017-01-23,2017-02-04,0,none,dry_negative,,3.2,ATT_NIT_2017-01-29
S002849,GIN_BAD,6.171,80.19,Gin,2018-09-27,2018-09-21,2018-10-03,0,none,dry_negative,,3.2,GIN_BAD_2018-09-27
S002850,MAH_POL,7.94,81.001,Mahaweli,2017-10-19,2017-10-13,2017-10-25,0,none,dry_negative,,3.2,MAH_POL_2017-10-19
S002851,KEL_KAD,6.933,79.983,Kelani,2019-08-09,2019-08-03,2019-08-15,0,none,dry_negative,,3.2,KEL_KAD_2019-08-09
S002852,DED_KUR,7.487,80.362,DeduruOya,2015-08-06,2015-07-31,2015-08-12,0,none,dry_negative,,3.2,DED_KUR_2015-08-06
S002853,MHO_MOU,7.301,79.833,MahaOya,2016-03-11,2016-03-05,2016-03-17,0,none,dry_negative,,3.2,MHO_MOU_2016-03-11
S002854,GIN_THA,6.331,80.331,Gin,2019-06-01,2019-05-26,2019-06-07,0,none,dry_negative,,3.2,GIN_THA_2019-06-01
S002855,MAL_ANU,8.351,80.401,MalwathuOya,2019-06-21,2019-06-15,2019-06-27,0,none,dry_negative,,3.2,MAL_ANU_2019-06-21
S002856,DED_WAR,7.621,80.231,DeduruOya,2016-05-04,2016-04-28,2016-05-10,0,none,dry_negative,,3.2,DED_WAR_2016-05-04
S002857,ATT_JAE,7.074,79.892,AttanagaluOya,2016-10-18,2016-10-12,2016-10-24,0,none,dry_negative,,3.2,ATT_JAE_2016-10-18
S002858,KAL_RAT,6.683,80.4,Kalu,2019-09-21,2019-09-15,2019-09-27,0,none,dry_negative,,3.2,KAL_RAT_2019-09-21
S002859,BAT_VAL,7.921,81.531,Batticaloa,2018-06-27,2018-06-21,2018-07-03,0,none,dry_negative,,3.2,BAT_VAL_2018-06-27
S002860,KEL_COL,6.97,79.873,Kelani,2015-03-04,2015-02-26,2015-03-10,0,none,dry_negative,,3.2,KEL_COL_2015-03-04
S002861,WAL_AMB,6.121,81.021,Walawe,2017-08-27,2017-08-21,2017-09-02,0,none,dry_negative,,3.2,WAL_AMB_2017-08-27
S002862,BAT_ERA,7.771,81.601,Batticaloa,2021-06-25,2021-06-19,2021-07-01,0,none,dry_negative,,3.2,BAT_ERA_2021-06-25
S002863,KIR_TIS,6.281,81.281,KirindiOya,2022-05-20,2022-05-14,2022-05-26,0,none,dry_negative,,3.2,KIR_TIS_2022-05-20
S002864,ATT_GAM,7.092,79.994,AttanagaluOya,2022-03-22,2022-03-16,2022-03-28,0,none,dry_negative,,3.2,ATT_GAM_2022-03-22
S002865,MAH_PER,7.271,80.598,Mahaweli,2017-07-26,2017-07-20,2017-08-01,0,none,dry_negative,,3.2,MAH_PER_2017-07-26
S002866,KAL_BAL,6.652,80.698,Kalu,2019-08-12,2019-08-06,2019-08-18,0,none,dry_negative,,3.2,KAL_BAL_2019-08-12
S002867,WAL_EMB,6.343,80.851,Walawe,2017-06-09,2017-06-03,2017-06-15,0,none,dry_negative,,3.2,WAL_EMB_2017-06-09
S002868,MHO_GIR,7.331,80.121,MahaOya,2022-08-24,2022-08-18,2022-08-30,0,none,dry_negative,,3.2,MHO_GIR_2022-08-24
S002869,GIN_NEL,6.423,80.293,Gin,2015-01-28,2015-01-22,2015-02-03,0,none,dry_negative,,3.2,GIN_NEL_2015-01-28
S002870,MAH_MAN,7.921,81.101,Mahaweli,2016-10-29,2016-10-23,2016-11-04,0,none,dry_negative,,3.2,MAH_MAN_2016-10-29
S002871,MAH_MHY,7.331,81.001,Mahaweli,2022-08-21,2022-08-15,2022-08-27,0,none,dry_negative,,3.2,MAH_MHY_2022-08-21
S002872,ATT_JAE,7.074,79.892,AttanagaluOya,2015-08-20,2015-08-14,2015-08-26,0,none,dry_negative,,3.2,ATT_JAE_2015-08-20
S002873,KEL_KAD,6.933,79.983,Kelani,2019-02-15,2019-02-09,2019-02-21,0,none,dry_negative,,3.2,KEL_KAD_2019-02-15
S002874,KAL_KLT,6.583,79.96,Kalu,2015-02-27,2015-02-21,2015-03-05,0,none,dry_negative,,3.2,KAL_KLT_2015-02-27
S002875,WAL_UDA,6.441,80.881,Walawe,2019-10-05,2019-09-29,2019-10-11,0,none,dry_negative,,3.2,WAL_UDA_2019-10-05
S002876,KAL_KLT,6.583,79.96,Kalu,2020-05-11,2020-05-05,2020-05-17,0,none,dry_negative,,3.2,KAL_KLT_2020-05-11
S002877,MAH_MAN,7.921,81.101,Mahaweli,2016-12-07,2016-12-01,2016-12-13,0,none,dry_negative,,3.2,MAH_MAN_2016-12-07
S002878,GIN_BAD,6.171,80.19,Gin,2024-10-04,2024-09-28,2024-10-10,0,none,dry_negative,,3.2,GIN_BAD_2024-10-04
S002879,MAH_KAN,7.291,80.635,Mahaweli,2022-02-16,2022-02-10,2022-02-22,0,none,dry_negative,,3.2,MAH_KAN_2022-02-16
S002880,BAT_VAL,7.921,81.531,Batticaloa,2019-05-06,2019-04-30,2019-05-12,0,none,dry_negative,,3.2,BAT_VAL_2019-05-06
S002881,BAT_ERA,7.771,81.601,Batticaloa,2021-05-04,2021-04-28,2021-05-10,0,none,dry_negative,,3.2,BAT_ERA_2021-05-04
S002882,GIN_NEL,6.423,80.293,Gin,2022-01-03,2021-12-28,2022-01-09,0,none,dry_negative,,3.2,GIN_NEL_2022-01-03
S002883,KAL_KLT,6.583,79.96,Kalu,2022-03-04,2022-02-26,2022-03-10,0,none,dry_negative,,3.2,KAL_KLT_2022-03-04
S002884,ATT_GAM,7.092,79.994,AttanagaluOya,2015-06-07,2015-06-01,2015-06-13,0,none,dry_negative,,3.2,ATT_GAM_2015-06-07
S002885,WAL_EMB,6.343,80.851,Walawe,2020-10-03,2020-09-27,2020-10-09,0,none,dry_negative,,3.2,WAL_EMB_2020-10-03
S002886,NIL_PIT,6.3,80.552,Nilwala,2022-02-12,2022-02-06,2022-02-18,0,none,dry_negative,,3.2,NIL_PIT_2022-02-12
S002887,DED_WAR,7.621,80.231,DeduruOya,2020-04-17,2020-04-11,2020-04-23,0,none,dry_negative,,3.2,DED_WAR_2020-04-17
S002888,GIN_GAL,6.089,80.221,Gin,2024-05-11,2024-05-05,2024-05-17,0,none,dry_negative,,3.2,GIN_GAL_2024-05-11
S002889,KLA_ELA,8.151,79.851,KalaOya,2018-09-25,2018-09-19,2018-10-01,0,none,dry_negative,,3.2,KLA_ELA_2018-09-25
S002890,WAL_AMB,6.121,81.021,Walawe,2020-07-04,2020-06-28,2020-07-10,0,none,dry_negative,,3.2,WAL_AMB_2020-07-04
S002891,COL_KOL,6.933,79.891,ColomboMetro,2015-08-12,2015-08-06,2015-08-18,0,none,dry_negative,,3.2,COL_KOL_2015-08-12
S002892,KEL_KAD,6.933,79.983,Kelani,2021-09-21,2021-09-15,2021-09-27,0,none,dry_negative,,3.2,KEL_KAD_2021-09-21
S002893,MAL_ANU,8.351,80.401,MalwathuOya,2017-05-07,2017-05-01,2017-05-13,0,none,dry_negative,,3.2,MAL_ANU_2017-05-07
S002894,MAH_MAN,7.921,81.101,Mahaweli,2016-09-27,2016-09-21,2016-10-03,0,none,dry_negative,,3.2,MAH_MAN_2016-09-27
S002895,KLA_ELA,8.151,79.851,KalaOya,2017-10-11,2017-10-05,2017-10-17,0,none,dry_negative,,3.2,KLA_ELA_2017-10-11
S002896,MHO_GIR,7.331,80.121,MahaOya,2022-04-02,2022-03-27,2022-04-08,0,none,dry_negative,,3.2,MHO_GIR_2022-04-02
S002897,MAL_MAN,8.951,79.951,MalwathuOya,2020-03-17,2020-03-11,2020-03-23,0,none,dry_negative,,3.2,MAL_MAN_2020-03-17
S002898,GIN_GAL,6.089,80.221,Gin,2018-08-04,2018-07-29,2018-08-10,0,none,dry_negative,,3.2,GIN_GAL_2018-08-04
S002899,COL_KOL,6.933,79.891,ColomboMetro,2017-12-31,2017-12-25,2018-01-06,0,none,dry_negative,,3.2,COL_KOL_2017-12-31
S002900,KEL_KIT,6.989,80.412,Kelani,2018-01-27,2018-01-21,2018-02-02,0,none,dry_negative,,3.2,KEL_KIT_2018-01-27
S002901,GAL_ING,7.2,81.5,GalOya,2015-08-07,2015-08-01,2015-08-13,0,none,dry_negative,,3.2,GAL_ING_2015-08-07
S002902,WAL_AMB,6.121,81.021,Walawe,2018-08-30,2018-08-24,2018-09-05,0,none,dry_negative,,3.2,WAL_AMB_2018-08-30
S002903,GIN_BAD,6.171,80.19,Gin,2019-03-04,2019-02-26,2019-03-10,0,none,dry_negative,,3.2,GIN_BAD_2019-03-04
S002904,KEL_AVI,6.954,80.211,Kelani,2019-07-08,2019-07-02,2019-07-14,0,none,dry_negative,,3.2,KEL_AVI_2019-07-08
S002905,COL_KOT,6.888,79.901,ColomboMetro,2022-11-23,2022-11-17,2022-11-29,0,none,dry_negative,,3.2,COL_KOT_2022-11-23
S002906,MAH_NUW,6.949,80.782,Mahaweli,2023-01-26,2023-01-20,2023-02-01,0,none,dry_negative,,3.2,MAH_NUW_2023-01-26
S002907,MHO_GIR,7.331,80.121,MahaOya,2020-03-30,2020-03-24,2020-04-05,0,none,dry_negative,,3.2,MHO_GIR_2020-03-30
S002908,MAH_MAN,7.921,81.101,Mahaweli,2019-06-19,2019-06-13,2019-06-25,0,none,dry_negative,,3.2,MAH_MAN_2019-06-19
S002909,NIL_URA,6.231,80.601,Nilwala,2016-08-22,2016-08-16,2016-08-28,0,none,dry_negative,,3.2,NIL_URA_2016-08-22
S002910,MHO_GIR,7.331,80.121,MahaOya,2019-01-07,2019-01-01,2019-01-13,0,none,dry_negative,,3.2,MHO_GIR_2019-01-07
S002911,GIN_THA,6.331,80.331,Gin,2020-03-15,2020-03-09,2020-03-21,0,none,dry_negative,,3.2,GIN_THA_2020-03-15
S002912,KLA_ELA,8.151,79.851,KalaOya,2017-10-29,2017-10-23,2017-11-04,0,none,dry_negative,,3.2,KLA_ELA_2017-10-29
S002913,ATT_JAE,7.074,79.892,AttanagaluOya,2019-01-10,2019-01-04,2019-01-16,0,none,dry_negative,,3.2,ATT_JAE_2019-01-10
S002914,YAN_HOR,8.551,80.881,YanOya,2024-04-28,2024-04-22,2024-05-04,0,none,dry_negative,,3.2,YAN_HOR_2024-04-28
S002915,DED_KUR,7.487,80.362,DeduruOya,2023-06-04,2023-05-29,2023-06-10,0,none,dry_negative,,3.2,DED_KUR_2023-06-04
S002916,KEL_HAN,6.902,80.082,Kelani,2015-05-20,2015-05-14,2015-05-26,0,none,dry_negative,,3.2,KEL_HAN_2015-05-20
S002917,YAN_HOR,8.551,80.881,YanOya,2018-09-28,2018-09-22,2018-10-04,0,none,dry_negative,,3.2,YAN_HOR_2018-09-28
S002918,MAH_NUW,6.949,80.782,Mahaweli,2022-09-27,2022-09-21,2022-10-03,0,none,dry_negative,,3.2,MAH_NUW_2022-09-27
S002919,COL_KOL,6.933,79.891,ColomboMetro,2020-10-20,2020-10-14,2020-10-26,0,none,dry_negative,,3.2,COL_KOL_2020-10-20
S002920,MAH_VIC,7.241,80.781,Mahaweli,2018-05-02,2018-04-26,2018-05-08,0,none,dry_negative,,3.2,MAH_VIC_2018-05-02
S002921,MAL_ANU,8.351,80.401,MalwathuOya,2020-05-25,2020-05-19,2020-05-31,0,none,dry_negative,,3.2,MAL_ANU_2020-05-25
S002922,NIL_PIT,6.3,80.552,Nilwala,2019-01-23,2019-01-17,2019-01-29,0,none,dry_negative,,3.2,NIL_PIT_2019-01-23
S002923,ATT_NIT,7.141,80.098,AttanagaluOya,2024-05-07,2024-05-01,2024-05-13,0,none,dry_negative,,3.2,ATT_NIT_2024-05-07
S002924,GIN_GAL,6.089,80.221,Gin,2017-03-28,2017-03-22,2017-04-03,0,none,dry_negative,,3.2,GIN_GAL_2017-03-28
S002925,DED_WAR,7.621,80.231,DeduruOya,2020-02-16,2020-02-10,2020-02-22,0,none,dry_negative,,3.2,DED_WAR_2020-02-16
S002926,ATT_VEY,7.155,80.061,AttanagaluOya,2020-02-21,2020-02-15,2020-02-27,0,none,dry_negative,,3.2,ATT_VEY_2020-02-21
S002927,GAL_AMP,7.291,81.671,GalOya,2020-09-04,2020-08-29,2020-09-10,0,none,dry_negative,,3.2,GAL_AMP_2020-09-04
S002928,KEL_KIT,6.989,80.412,Kelani,2017-05-27,2017-05-21,2017-06-02,0,none,dry_negative,,3.2,KEL_KIT_2017-05-27
S002929,GIN_BAD,6.171,80.19,Gin,2018-03-12,2018-03-06,2018-03-18,0,none,dry_negative,,3.2,GIN_BAD_2018-03-12
S002930,KEL_AVI,6.954,80.211,Kelani,2015-02-09,2015-02-03,2015-02-15,0,none,dry_negative,,3.2,KEL_AVI_2015-02-09
S002931,COL_KOT,6.888,79.901,ColomboMetro,2017-03-03,2017-02-25,2017-03-09,0,none,dry_negative,,3.2,COL_KOT_2017-03-03
S002932,GAL_ING,7.2,81.5,GalOya,2024-10-04,2024-09-28,2024-10-10,0,none,dry_negative,,3.2,GAL_ING_2024-10-04
S002933,GAL_ING,7.2,81.5,GalOya,2019-08-02,2019-07-27,2019-08-08,0,none,dry_negative,,3.2,GAL_ING_2019-08-02
S002934,DED_WAR,7.621,80.231,DeduruOya,2024-04-23,2024-04-17,2024-04-29,0,none,dry_negative,,3.2,DED_WAR_2024-04-23
S002935,MAH_POL,7.94,81.001,Mahaweli,2017-03-10,2017-03-04,2017-03-16,0,none,dry_negative,,3.2,MAH_POL_2017-03-10
S002936,GIN_THA,6.331,80.331,Gin,2024-09-23,2024-09-17,2024-09-29,0,none,dry_negative,,3.2,GIN_THA_2024-09-23
S002937,KIR_TIS,6.281,81.281,KirindiOya,2022-06-11,2022-06-05,2022-06-17,0,none,dry_negative,,3.2,KIR_TIS_2022-06-11
S002938,NIL_PIT,6.3,80.552,Nilwala,2017-03-09,2017-03-03,2017-03-15,0,none,dry_negative,,3.2,NIL_PIT_2017-03-09
S002939,KAL_BUL,6.66,80.19,Kalu,2016-11-08,2016-11-02,2016-11-14,0,none,dry_negative,,3.2,KAL_BUL_2016-11-08
S002940,MAH_POL,7.94,81.001,Mahaweli,2019-03-30,2019-03-24,2019-04-05,0,none,dry_negative,,3.2,MAH_POL_2019-03-30
S002941,KLA_ELA,8.151,79.851,KalaOya,2018-07-04,2018-06-28,2018-07-10,0,none,dry_negative,,3.2,KLA_ELA_2018-07-04
S002942,MAH_NUW,6.949,80.782,Mahaweli,2024-10-03,2024-09-27,2024-10-09,0,none,dry_negative,,3.2,MAH_NUW_2024-10-03
S002943,ATT_VEY,7.155,80.061,AttanagaluOya,2017-04-07,2017-04-01,2017-04-13,0,none,dry_negative,,3.2,ATT_VEY_2017-04-07
S002944,KEL_KIT,6.989,80.412,Kelani,2022-02-26,2022-02-20,2022-03-04,0,none,dry_negative,,3.2,KEL_KIT_2022-02-26
S002945,MHO_GIR,7.331,80.121,MahaOya,2018-12-20,2018-12-14,2018-12-26,0,none,dry_negative,,3.2,MHO_GIR_2018-12-20
S002946,DED_KUR,7.487,80.362,DeduruOya,2019-04-16,2019-04-10,2019-04-22,0,none,dry_negative,,3.2,DED_KUR_2019-04-16
S002947,NIL_MAT,5.949,80.55,Nilwala,2016-01-26,2016-01-20,2016-02-01,0,none,dry_negative,,3.2,NIL_MAT_2016-01-26
S002948,KAL_AGA,6.535,80.15,Kalu,2018-01-07,2018-01-01,2018-01-13,0,none,dry_negative,,3.2,KAL_AGA_2018-01-07
S002949,KEL_UP,6.831,80.616,Kelani,2017-05-05,2017-04-29,2017-05-11,0,none,dry_negative,,3.2,KEL_UP_2017-05-05
S002950,MHO_MOU,7.301,79.833,MahaOya,2016-10-21,2016-10-15,2016-10-27,0,none,dry_negative,,3.2,MHO_MOU_2016-10-21
S002951,BAT_ERA,7.771,81.601,Batticaloa,2017-07-12,2017-07-06,2017-07-18,0,none,dry_negative,,3.2,BAT_ERA_2017-07-12
S002952,ATT_GAM,7.092,79.994,AttanagaluOya,2022-01-31,2022-01-25,2022-02-06,0,none,dry_negative,,3.2,ATT_GAM_2022-01-31
S002953,MAH_MHY,7.331,81.001,Mahaweli,2023-08-07,2023-08-01,2023-08-13,0,none,dry_negative,,3.2,MAH_MHY_2023-08-07
S002954,GIN_NEL,6.423,80.293,Gin,2022-03-05,2022-02-27,2022-03-11,0,none,dry_negative,,3.2,GIN_NEL_2022-03-05
S002955,GAL_ING,7.2,81.5,GalOya,2018-08-13,2018-08-07,2018-08-19,0,none,dry_negative,,3.2,GAL_ING_2018-08-13
S002956,GAL_ING,7.2,81.5,GalOya,2020-02-03,2020-01-28,2020-02-09,0,none,dry_negative,,3.2,GAL_ING_2020-02-03
S002957,NIL_AKU,6.101,80.481,Nilwala,2020-05-21,2020-05-15,2020-05-27,0,none,dry_negative,,3.2,NIL_AKU_2020-05-21
S002958,MAH_NUW,6.949,80.782,Mahaweli,2018-03-21,2018-03-15,2018-03-27,0,none,dry_negative,,3.2,MAH_NUW_2018-03-21
S002959,NIL_PIT,6.3,80.552,Nilwala,2017-07-28,2017-07-22,2017-08-03,0,none,dry_negative,,3.2,NIL_PIT_2017-07-28
S002960,MHO_GIR,7.331,80.121,MahaOya,2018-01-15,2018-01-09,2018-01-21,0,none,dry_negative,,3.2,MHO_GIR_2018-01-15
S002961,KLA_ELA,8.151,79.851,KalaOya,2020-10-20,2020-10-14,2020-10-26,0,none,dry_negative,,3.2,KLA_ELA_2020-10-20
S002962,BAT_ERA,7.771,81.601,Batticaloa,2023-08-22,2023-08-16,2023-08-28,0,none,dry_negative,,3.2,BAT_ERA_2023-08-22
S002963,GIN_GAL,6.089,80.221,Gin,2020-03-30,2020-03-24,2020-04-05,0,none,dry_negative,,3.2,GIN_GAL_2020-03-30
S002964,KEL_KIT,6.989,80.412,Kelani,2016-03-20,2016-03-14,2016-03-26,0,none,dry_negative,,3.2,KEL_KIT_2016-03-20
S002965,KAL_RAT,6.683,80.4,Kalu,2023-06-24,2023-06-18,2023-06-30,0,none,dry_negative,,3.2,KAL_RAT_2023-06-24
S002966,KEL_KAD,6.933,79.983,Kelani,2019-06-19,2019-06-13,2019-06-25,0,none,dry_negative,,3.2,KEL_KAD_2019-06-19
S002967,MAH_VIC,7.241,80.781,Mahaweli,2023-06-06,2023-05-31,2023-06-12,0,none,dry_negative,,3.2,MAH_VIC_2023-06-06
S002968,KEL_COL,6.97,79.873,Kelani,2024-02-04,2024-01-29,2024-02-10,0,none,dry_negative,,3.2,KEL_COL_2024-02-04
S002969,MHO_MOU,7.301,79.833,MahaOya,2015-03-22,2015-03-16,2015-03-28,0,none,dry_negative,,3.2,MHO_MOU_2015-03-22
S002970,GIN_BAD,6.171,80.19,Gin,2016-02-08,2016-02-02,2016-02-14,0,none,dry_negative,,3.2,GIN_BAD_2016-02-08
S002971,KAL_KLT,6.583,79.96,Kalu,2024-07-22,2024-07-16,2024-07-28,0,none,dry_negative,,3.2,KAL_KLT_2024-07-22
S002972,NIL_PIT,6.3,80.552,Nilwala,2020-10-05,2020-09-29,2020-10-11,0,none,dry_negative,,3.2,NIL_PIT_2020-10-05
S002973,KIR_TIS,6.281,81.281,KirindiOya,2017-06-21,2017-06-15,2017-06-27,0,none,dry_negative,,3.2,KIR_TIS_2017-06-21
S002974,GIN_NEL,6.423,80.293,Gin,2022-01-14,2022-01-08,2022-01-20,0,none,dry_negative,,3.2,GIN_NEL_2022-01-14
S002975,KEL_UP,6.831,80.616,Kelani,2022-03-13,2022-03-07,2022-03-19,0,none,dry_negative,,3.2,KEL_UP_2022-03-13
S002976,WAL_AMB,6.121,81.021,Walawe,2019-04-15,2019-04-09,2019-04-21,0,none,dry_negative,,3.2,WAL_AMB_2019-04-15
S002977,MAH_MAN,7.921,81.101,Mahaweli,2020-10-26,2020-10-20,2020-11-01,0,none,dry_negative,,3.2,MAH_MAN_2020-10-26
S002978,GAL_ING,7.2,81.5,GalOya,2017-05-02,2017-04-26,2017-05-08,0,none,dry_negative,,3.2,GAL_ING_2017-05-02
S002979,BAT_BAT,7.717,81.7,Batticaloa,2020-04-02,2020-03-27,2020-04-08,0,none,dry_negative,,3.2,BAT_BAT_2020-04-02
S002980,GAL_AMP,7.291,81.671,GalOya,2016-02-07,2016-02-01,2016-02-13,0,none,dry_negative,,3.2,GAL_AMP_2016-02-07
S002981,MAH_PER,7.271,80.598,Mahaweli,2016-10-16,2016-10-10,2016-10-22,0,none,dry_negative,,3.2,MAH_PER_2016-10-16
S002982,BAT_ERA,7.771,81.601,Batticaloa,2015-04-26,2015-04-20,2015-05-02,0,none,dry_negative,,3.2,BAT_ERA_2015-04-26
S002983,MHO_MOU,7.301,79.833,MahaOya,2015-04-17,2015-04-11,2015-04-23,0,none,dry_negative,,3.2,MHO_MOU_2015-04-17
S002984,DED_WAR,7.621,80.231,DeduruOya,2020-06-08,2020-06-02,2020-06-14,0,none,dry_negative,,3.2,DED_WAR_2020-06-08
S002985,MAH_NUW,6.949,80.782,Mahaweli,2023-04-22,2023-04-16,2023-04-28,0,none,dry_negative,,3.2,MAH_NUW_2023-04-22
S002986,MAH_VIC,7.241,80.781,Mahaweli,2019-08-14,2019-08-08,2019-08-20,0,none,dry_negative,,3.2,MAH_VIC_2019-08-14
S002987,NIL_AKU,6.101,80.481,Nilwala,2022-05-12,2022-05-06,2022-05-18,0,none,dry_negative,,3.2,NIL_AKU_2022-05-12
S002988,MHO_MOU,7.301,79.833,MahaOya,2019-04-02,2019-03-27,2019-04-08,0,none,dry_negative,,3.2,MHO_MOU_2019-04-02
S002989,DED_WAR,7.621,80.231,DeduruOya,2024-05-08,2024-05-02,2024-05-14,0,none,dry_negative,,3.2,DED_WAR_2024-05-08
S002990,MAL_MAN,8.951,79.951,MalwathuOya,2024-04-11,2024-04-05,2024-04-17,0,none,dry_negative,,3.2,MAL_MAN_2024-04-11
S002991,KAL_RAT,6.683,80.4,Kalu,2020-06-13,2020-06-07,2020-06-19,0,none,dry_negative,,3.2,KAL_RAT_2020-06-13
S002992,COL_KOL,6.933,79.891,ColomboMetro,2022-01-25,2022-01-19,2022-01-31,0,none,dry_negative,,3.2,COL_KOL_2022-01-25
S002993,COL_KOT,6.888,79.901,ColomboMetro,2022-10-01,2022-09-25,2022-10-07,0,none,dry_negative,,3.2,COL_KOT_2022-10-01
S002994,BAT_ERA,7.771,81.601,Batticaloa,2018-07-13,2018-07-07,2018-07-19,0,none,dry_negative,,3.2,BAT_ERA_2018-07-13
S002995,KEL_AVI,6.954,80.211,Kelani,2023-02-18,2023-02-12,2023-02-24,0,none,dry_negative,,3.2,KEL_AVI_2023-02-18
S002996,BAT_BAT,7.717,81.7,Batticaloa,2022-05-31,2022-05-25,2022-06-06,0,none,dry_negative,,3.2,BAT_BAT_2022-05-31
S002997,KEL_UP,6.831,80.616,Kelani,2018-08-24,2018-08-18,2018-08-30,0,none,dry_negative,,3.2,KEL_UP_2018-08-24
S002998,KEL_RUW,7.041,80.251,Kelani,2023-01-30,2023-01-24,2023-02-05,0,none,dry_negative,,3.2,KEL_RUW_2023-01-30
S002999,MAH_VIC,7.241,80.781,Mahaweli,2018-02-24,2018-02-18,2018-03-02,0,none,dry_negative,,3.2,MAH_VIC_2018-02-24
S003000,DED_WAR,7.621,80.231,DeduruOya,2021-09-12,2021-09-06,2021-09-18,0,none,dry_negative,,3.2,DED_WAR_2021-09-12
S003001,KAL_KLT,6.583,79.96,Kalu,2022-02-06,2022-01-31,2022-02-12,0,none,dry_negative,,3.2,KAL_KLT_2022-02-06
S003002,ATT_VEY,7.155,80.061,AttanagaluOya,2021-04-28,2021-04-22,2021-05-04,0,none,dry_negative,,3.2,ATT_VEY_2021-04-28
S003003,KAL_RAT,6.683,80.4,Kalu,2017-03-24,2017-03-18,2017-03-30,0,none,dry_negative,,3.2,KAL_RAT_2017-03-24
S003004,MAH_MAN,7.921,81.101,Mahaweli,2016-06-27,2016-06-21,2016-07-03,0,none,dry_negative,,3.2,MAH_MAN_2016-06-27
S003005,MAH_MHY,7.331,81.001,Mahaweli,2017-05-15,2017-05-09,2017-05-21,0,none,dry_negative,,3.2,MAH_MHY_2017-05-15
S003006,MHO_GIR,7.331,80.121,MahaOya,2023-06-19,2023-06-13,2023-06-25,0,none,dry_negative,,3.2,MHO_GIR_2023-06-19
S003007,DED_CHI,7.576,79.797,DeduruOya,2022-08-29,2022-08-23,2022-09-04,0,none,dry_negative,,3.2,DED_CHI_2022-08-29
S003008,DED_WAR,7.621,80.231,DeduruOya,2024-02-14,2024-02-08,2024-02-20,0,none,dry_negative,,3.2,DED_WAR_2024-02-14
S003009,WAL_AMB,6.121,81.021,Walawe,2017-02-14,2017-02-08,2017-02-20,0,none,dry_negative,,3.2,WAL_AMB_2017-02-14
S003010,GAL_ING,7.2,81.5,GalOya,2020-10-29,2020-10-23,2020-11-04,0,none,dry_negative,,3.2,GAL_ING_2020-10-29
S003011,MHO_GIR,7.331,80.121,MahaOya,2016-05-08,2016-05-02,2016-05-14,0,none,dry_negative,,3.2,MHO_GIR_2016-05-08
S003012,GIN_BAD,6.171,80.19,Gin,2019-01-21,2019-01-15,2019-01-27,0,none,dry_negative,,3.2,GIN_BAD_2019-01-21
S003013,ATT_JAE,7.074,79.892,AttanagaluOya,2016-04-13,2016-04-07,2016-04-19,0,none,dry_negative,,3.2,ATT_JAE_2016-04-13
S003014,DED_CHI,7.576,79.797,DeduruOya,2016-03-09,2016-03-03,2016-03-15,0,none,dry_negative,,3.2,DED_CHI_2016-03-09
S003015,KLA_ELA,8.151,79.851,KalaOya,2017-08-28,2017-08-22,2017-09-03,0,none,dry_negative,,3.2,KLA_ELA_2017-08-28
S003016,KEL_HAN,6.902,80.082,Kelani,2020-11-04,2020-10-29,2020-11-10,0,none,dry_negative,,3.2,KEL_HAN_2020-11-04
S003017,WAL_UDA,6.441,80.881,Walawe,2017-08-13,2017-08-07,2017-08-19,0,none,dry_negative,,3.2,WAL_UDA_2017-08-13
S003018,DED_CHI,7.576,79.797,DeduruOya,2015-02-22,2015-02-16,2015-02-28,0,none,dry_negative,,3.2,DED_CHI_2015-02-22
S003019,GIN_GAL,6.089,80.221,Gin,2022-04-21,2022-04-15,2022-04-27,0,none,dry_negative,,3.2,GIN_GAL_2022-04-21
S003020,KEL_COL,6.97,79.873,Kelani,2020-02-08,2020-02-02,2020-02-14,0,none,dry_negative,,3.2,KEL_COL_2020-02-08
S003021,MAH_MAN,7.921,81.101,Mahaweli,2018-08-03,2018-07-28,2018-08-09,0,none,dry_negative,,3.2,MAH_MAN_2018-08-03
S003022,KEL_AVI,6.954,80.211,Kelani,2024-04-06,2024-03-31,2024-04-12,0,none,dry_negative,,3.2,KEL_AVI_2024-04-06
S003023,BAT_VAL,7.921,81.531,Batticaloa,2022-09-26,2022-09-20,2022-10-02,0,none,dry_negative,,3.2,BAT_VAL_2022-09-26
S003024,GIN_BAD,6.171,80.19,Gin,2022-12-17,2022-12-11,2022-12-23,0,none,dry_negative,,3.2,GIN_BAD_2022-12-17
S003025,KAL_KLT,6.583,79.96,Kalu,2022-08-29,2022-08-23,2022-09-04,0,none,dry_negative,,3.2,KAL_KLT_2022-08-29
S003026,KAL_AGA,6.535,80.15,Kalu,2022-05-07,2022-05-01,2022-05-13,0,none,dry_negative,,3.2,KAL_AGA_2022-05-07
S003027,KEL_RUW,7.041,80.251,Kelani,2016-01-28,2016-01-22,2016-02-03,0,none,dry_negative,,3.2,KEL_RUW_2016-01-28
S003028,WAL_EMB,6.343,80.851,Walawe,2023-07-21,2023-07-15,2023-07-27,0,none,dry_negative,,3.2,WAL_EMB_2023-07-21
S003029,KAL_KLT,6.583,79.96,Kalu,2016-11-12,2016-11-06,2016-11-18,0,none,dry_negative,,3.2,KAL_KLT_2016-11-12
S003030,COL_KOL,6.933,79.891,ColomboMetro,2020-06-20,2020-06-14,2020-06-26,0,none,dry_negative,,3.2,COL_KOL_2020-06-20
S003031,DED_CHI,7.576,79.797,DeduruOya,2016-09-27,2016-09-21,2016-10-03,0,none,dry_negative,,3.2,DED_CHI_2016-09-27
S003032,MHO_MOU,7.301,79.833,MahaOya,2017-01-31,2017-01-25,2017-02-06,0,none,dry_negative,,3.2,MHO_MOU_2017-01-31
S003033,KEL_HAN,6.902,80.082,Kelani,2018-04-27,2018-04-21,2018-05-03,0,none,dry_negative,,3.2,KEL_HAN_2018-04-27
S003034,NIL_PIT,6.3,80.552,Nilwala,2015-08-04,2015-07-29,2015-08-10,0,none,dry_negative,,3.2,NIL_PIT_2015-08-04
S003035,KEL_RUW,7.041,80.251,Kelani,2021-08-17,2021-08-11,2021-08-23,0,none,dry_negative,,3.2,KEL_RUW_2021-08-17
S003036,NIL_URA,6.231,80.601,Nilwala,2020-02-06,2020-01-31,2020-02-12,0,none,dry_negative,,3.2,NIL_URA_2020-02-06
S003037,ATT_VEY,7.155,80.061,AttanagaluOya,2015-03-28,2015-03-22,2015-04-03,0,none,dry_negative,,3.2,ATT_VEY_2015-03-28
S003038,MAH_PER,7.271,80.598,Mahaweli,2023-01-19,2023-01-13,2023-01-25,0,none,dry_negative,,3.2,MAH_PER_2023-01-19
S003039,KEL_KIT,6.989,80.412,Kelani,2021-09-29,2021-09-23,2021-10-05,0,none,dry_negative,,3.2,KEL_KIT_2021-09-29
S003040,DED_CHI,7.576,79.797,DeduruOya,2023-08-16,2023-08-10,2023-08-22,0,none,dry_negative,,3.2,DED_CHI_2023-08-16
S003041,WAL_EMB,6.343,80.851,Walawe,2016-09-30,2016-09-24,2016-10-06,0,none,dry_negative,,3.2,WAL_EMB_2016-09-30
S003042,MAH_VIC,7.241,80.781,Mahaweli,2017-08-15,2017-08-09,2017-08-21,0,none,dry_negative,,3.2,MAH_VIC_2017-08-15
S003043,MAH_MAN,7.921,81.101,Mahaweli,2022-05-28,2022-05-22,2022-06-03,0,none,dry_negative,,3.2,MAH_MAN_2022-05-28
S003044,BAT_BAT,7.717,81.7,Batticaloa,2019-05-17,2019-05-11,2019-05-23,0,none,dry_negative,,3.2,BAT_BAT_2019-05-17
S003045,GAL_ING,7.2,81.5,GalOya,2023-06-09,2023-06-03,2023-06-15,0,none,dry_negative,,3.2,GAL_ING_2023-06-09
S003046,GIN_THA,6.331,80.331,Gin,2018-07-29,2018-07-23,2018-08-04,0,none,dry_negative,,3.2,GIN_THA_2018-07-29
S003047,MAH_MAN,7.921,81.101,Mahaweli,2021-07-19,2021-07-13,2021-07-25,0,none,dry_negative,,3.2,MAH_MAN_2021-07-19
S003048,MHO_GIR,7.331,80.121,MahaOya,2018-05-17,2018-05-11,2018-05-23,0,none,dry_negative,,3.2,MHO_GIR_2018-05-17
S003049,KAL_RAT,6.683,80.4,Kalu,2020-08-15,2020-08-09,2020-08-21,0,none,dry_negative,,3.2,KAL_RAT_2020-08-15
S003050,MAL_MAN,8.951,79.951,MalwathuOya,2020-10-14,2020-10-08,2020-10-20,0,none,dry_negative,,3.2,MAL_MAN_2020-10-14
S003051,KAL_BAL,6.652,80.698,Kalu,2019-07-16,2019-07-10,2019-07-22,0,none,dry_negative,,3.2,KAL_BAL_2019-07-16
S003052,ATT_NIT,7.141,80.098,AttanagaluOya,2020-08-31,2020-08-25,2020-09-06,0,none,dry_negative,,3.2,ATT_NIT_2020-08-31
S003053,ATT_NIT,7.141,80.098,AttanagaluOya,2022-09-25,2022-09-19,2022-10-01,0,none,dry_negative,,3.2,ATT_NIT_2022-09-25
S003054,BAT_ERA,7.771,81.601,Batticaloa,2020-09-22,2020-09-16,2020-09-28,0,none,dry_negative,,3.2,BAT_ERA_2020-09-22
S003055,GIN_BAD,6.171,80.19,Gin,2022-04-30,2022-04-24,2022-05-06,0,none,dry_negative,,3.2,GIN_BAD_2022-04-30
S003056,MAH_KAN,7.291,80.635,Mahaweli,2020-03-20,2020-03-14,2020-03-26,0,none,dry_negative,,3.2,MAH_KAN_2020-03-20
S003057,MAH_MHY,7.331,81.001,Mahaweli,2020-11-13,2020-11-07,2020-11-19,0,none,dry_negative,,3.2,MAH_MHY_2020-11-13
S003058,MAH_NUW,6.949,80.782,Mahaweli,2016-12-25,2016-12-19,2016-12-31,0,none,dry_negative,,3.2,MAH_NUW_2016-12-25
S003059,GAL_ING,7.2,81.5,GalOya,2019-04-17,2019-04-11,2019-04-23,0,none,dry_negative,,3.2,GAL_ING_2019-04-17
S003060,GIN_GAL,6.089,80.221,Gin,2022-10-07,2022-10-01,2022-10-13,0,none,dry_negative,,3.2,GIN_GAL_2022-10-07
S003061,MHO_MOU,7.301,79.833,MahaOya,2017-04-26,2017-04-20,2017-05-02,0,none,dry_negative,,3.2,MHO_MOU_2017-04-26
S003062,COL_KOT,6.888,79.901,ColomboMetro,2021-12-19,2021-12-13,2021-12-25,0,none,dry_negative,,3.2,COL_KOT_2021-12-19
S003063,KEL_KIT,6.989,80.412,Kelani,2017-05-13,2017-05-07,2017-05-19,0,none,dry_negative,,3.2,KEL_KIT_2017-05-13
S003064,NIL_PIT,6.3,80.552,Nilwala,2020-06-21,2020-06-15,2020-06-27,0,none,dry_negative,,3.2,NIL_PIT_2020-06-21
S003065,WAL_AMB,6.121,81.021,Walawe,2015-09-21,2015-09-15,2015-09-27,0,none,dry_negative,,3.2,WAL_AMB_2015-09-21
S003066,GAL_AMP,7.291,81.671,GalOya,2023-05-29,2023-05-23,2023-06-04,0,none,dry_negative,,3.2,GAL_AMP_2023-05-29
S003067,KAL_AGA,6.535,80.15,Kalu,2015-02-20,2015-02-14,2015-02-26,0,none,dry_negative,,3.2,KAL_AGA_2015-02-20
S003068,BAT_ERA,7.771,81.601,Batticaloa,2016-04-11,2016-04-05,2016-04-17,0,none,dry_negative,,3.2,BAT_ERA_2016-04-11
S003069,KEL_KAD,6.933,79.983,Kelani,2016-10-19,2016-10-13,2016-10-25,0,none,dry_negative,,3.2,KEL_KAD_2016-10-19
S003070,COL_KOT,6.888,79.901,ColomboMetro,2021-07-16,2021-07-10,2021-07-22,0,none,dry_negative,,3.2,COL_KOT_2021-07-16
S003071,KEL_UP,6.831,80.616,Kelani,2021-04-05,2021-03-30,2021-04-11,0,none,dry_negative,,3.2,KEL_UP_2021-04-05
S003072,WAL_AMB,6.121,81.021,Walawe,2024-03-15,2024-03-09,2024-03-21,0,none,dry_negative,,3.2,WAL_AMB_2024-03-15
S003073,MAL_ANU,8.351,80.401,MalwathuOya,2017-06-28,2017-06-22,2017-07-04,0,none,dry_negative,,3.2,MAL_ANU_2017-06-28
S003074,YAN_HOR,8.551,80.881,YanOya,2017-01-22,2017-01-16,2017-01-28,0,none,dry_negative,,3.2,YAN_HOR_2017-01-22
S003075,MAH_MAN,7.921,81.101,Mahaweli,2020-09-30,2020-09-24,2020-10-06,0,none,dry_negative,,3.2,MAH_MAN_2020-09-30
S003076,WAL_UDA,6.441,80.881,Walawe,2020-07-05,2020-06-29,2020-07-11,0,none,dry_negative,,3.2,WAL_UDA_2020-07-05
S003077,COL_KOT,6.888,79.901,ColomboMetro,2018-02-07,2018-02-01,2018-02-13,0,none,dry_negative,,3.2,COL_KOT_2018-02-07
S003078,MHO_MOU,7.301,79.833,MahaOya,2017-03-29,2017-03-23,2017-04-04,0,none,dry_negative,,3.2,MHO_MOU_2017-03-29
S003079,BAT_ERA,7.771,81.601,Batticaloa,2015-07-04,2015-06-28,2015-07-10,0,none,dry_negative,,3.2,BAT_ERA_2015-07-04
S003080,YAN_HOR,8.551,80.881,YanOya,2021-09-27,2021-09-21,2021-10-03,0,none,dry_negative,,3.2,YAN_HOR_2021-09-27
S003081,NIL_PIT,6.3,80.552,Nilwala,2019-03-02,2019-02-24,2019-03-08,0,none,dry_negative,,3.2,NIL_PIT_2019-03-02
S003082,KEL_COL,6.97,79.873,Kelani,2018-02-04,2018-01-29,2018-02-10,0,none,dry_negative,,3.2,KEL_COL_2018-02-04
S003083,KEL_KAD,6.933,79.983,Kelani,2018-02-23,2018-02-17,2018-03-01,0,none,dry_negative,,3.2,KEL_KAD_2018-02-23
S003084,ATT_JAE,7.074,79.892,AttanagaluOya,2020-01-22,2020-01-16,2020-01-28,0,none,dry_negative,,3.2,ATT_JAE_2020-01-22
S003085,ATT_NIT,7.141,80.098,AttanagaluOya,2017-03-20,2017-03-14,2017-03-26,0,none,dry_negative,,3.2,ATT_NIT_2017-03-20
S003086,WAL_EMB,6.343,80.851,Walawe,2017-10-02,2017-09-26,2017-10-08,0,none,dry_negative,,3.2,WAL_EMB_2017-10-02
S003087,DED_WAR,7.621,80.231,DeduruOya,2016-10-28,2016-10-22,2016-11-03,0,none,dry_negative,,3.2,DED_WAR_2016-10-28
S003088,GAL_ING,7.2,81.5,GalOya,2018-09-12,2018-09-06,2018-09-18,0,none,dry_negative,,3.2,GAL_ING_2018-09-12
S003089,MAH_VIC,7.241,80.781,Mahaweli,2022-07-04,2022-06-28,2022-07-10,0,none,dry_negative,,3.2,MAH_VIC_2022-07-04
S003090,MHO_GIR,7.331,80.121,MahaOya,2018-04-10,2018-04-04,2018-04-16,0,none,dry_negative,,3.2,MHO_GIR_2018-04-10
S003091,MHO_MOU,7.301,79.833,MahaOya,2016-01-26,2016-01-20,2016-02-01,0,none,dry_negative,,3.2,MHO_MOU_2016-01-26
S003092,MHO_GIR,7.331,80.121,MahaOya,2017-02-26,2017-02-20,2017-03-04,0,none,dry_negative,,3.2,MHO_GIR_2017-02-26
S003093,DED_KUR,7.487,80.362,DeduruOya,2020-05-19,2020-05-13,2020-05-25,0,none,dry_negative,,3.2,DED_KUR_2020-05-19
S003094,KAL_RAT,6.683,80.4,Kalu,2019-09-01,2019-08-26,2019-09-07,0,none,dry_negative,,3.2,KAL_RAT_2019-09-01
S003095,GIN_NEL,6.423,80.293,Gin,2019-03-03,2019-02-25,2019-03-09,0,none,dry_negative,,3.2,GIN_NEL_2019-03-03
S003096,ATT_VEY,7.155,80.061,AttanagaluOya,2023-04-27,2023-04-21,2023-05-03,0,none,dry_negative,,3.2,ATT_VEY_2023-04-27
S003097,COL_KOL,6.933,79.891,ColomboMetro,2016-12-12,2016-12-06,2016-12-18,0,none,dry_negative,,3.2,COL_KOL_2016-12-12
S003098,ATT_VEY,7.155,80.061,AttanagaluOya,2017-04-12,2017-04-06,2017-04-18,0,none,dry_negative,,3.2,ATT_VEY_2017-04-12
S003099,KEL_RUW,7.041,80.251,Kelani,2018-02-06,2018-01-31,2018-02-12,0,none,dry_negative,,3.2,KEL_RUW_2018-02-06
S003100,MAL_ANU,8.351,80.401,MalwathuOya,2020-03-28,2020-03-22,2020-04-03,0,none,dry_negative,,3.2,MAL_ANU_2020-03-28
S003101,KAL_BUL,6.66,80.19,Kalu,2019-05-03,2019-04-27,2019-05-09,0,none,dry_negative,,3.2,KAL_BUL_2019-05-03
S003102,NIL_AKU,6.101,80.481,Nilwala,2020-03-12,2020-03-06,2020-03-18,0,none,dry_negative,,3.2,NIL_AKU_2020-03-12
S003103,NIL_URA,6.231,80.601,Nilwala,2021-07-26,2021-07-20,2021-08-01,0,none,dry_negative,,3.2,NIL_URA_2021-07-26
S003104,KIR_TIS,6.281,81.281,KirindiOya,2024-09-25,2024-09-19,2024-10-01,0,none,dry_negative,,3.2,KIR_TIS_2024-09-25
S003105,COL_KOL,6.933,79.891,ColomboMetro,2023-01-08,2023-01-02,2023-01-14,0,none,dry_negative,,3.2,COL_KOL_2023-01-08
S003106,MHO_GIR,7.331,80.121,MahaOya,2019-04-03,2019-03-28,2019-04-09,0,none,dry_negative,,3.2,MHO_GIR_2019-04-03
S003107,MAH_VIC,7.241,80.781,Mahaweli,2016-01-31,2016-01-25,2016-02-06,0,none,dry_negative,,3.2,MAH_VIC_2016-01-31
S003108,KAL_AGA,6.535,80.15,Kalu,2022-01-18,2022-01-12,2022-01-24,0,none,dry_negative,,3.2,KAL_AGA_2022-01-18
S003109,WAL_AMB,6.121,81.021,Walawe,2018-01-22,2018-01-16,2018-01-28,0,none,dry_negative,,3.2,WAL_AMB_2018-01-22
S003110,KAL_AGA,6.535,80.15,Kalu,2016-05-08,2016-05-02,2016-05-14,0,none,dry_negative,,3.2,KAL_AGA_2016-05-08
S003111,GAL_ING,7.2,81.5,GalOya,2015-07-20,2015-07-14,2015-07-26,0,none,dry_negative,,3.2,GAL_ING_2015-07-20
S003112,KEL_UP,6.831,80.616,Kelani,2015-08-02,2015-07-27,2015-08-08,0,none,dry_negative,,3.2,KEL_UP_2015-08-02
S003113,GAL_AMP,7.291,81.671,GalOya,2021-04-10,2021-04-04,2021-04-16,0,none,dry_negative,,3.2,GAL_AMP_2021-04-10
S003114,MHO_MOU,7.301,79.833,MahaOya,2019-02-22,2019-02-16,2019-02-28,0,none,dry_negative,,3.2,MHO_MOU_2019-02-22
S003115,MAL_MAN,8.951,79.951,MalwathuOya,2019-07-05,2019-06-29,2019-07-11,0,none,dry_negative,,3.2,MAL_MAN_2019-07-05
S003116,MAL_MAN,8.951,79.951,MalwathuOya,2018-08-06,2018-07-31,2018-08-12,0,none,dry_negative,,3.2,MAL_MAN_2018-08-06
S003117,DED_WAR,7.621,80.231,DeduruOya,2019-01-18,2019-01-12,2019-01-24,0,none,dry_negative,,3.2,DED_WAR_2019-01-18
S003118,KLA_ELA,8.151,79.851,KalaOya,2020-10-07,2020-10-01,2020-10-13,0,none,dry_negative,,3.2,KLA_ELA_2020-10-07
S003119,ATT_JAE,7.074,79.892,AttanagaluOya,2024-02-05,2024-01-30,2024-02-11,0,none,dry_negative,,3.2,ATT_JAE_2024-02-05
S003120,MAH_NUW,6.949,80.782,Mahaweli,2017-06-10,2017-06-04,2017-06-16,0,none,dry_negative,,3.2,MAH_NUW_2017-06-10
S003121,KEL_HAN,6.902,80.082,Kelani,2016-03-03,2016-02-26,2016-03-09,0,none,dry_negative,,3.2,KEL_HAN_2016-03-03
S003122,MAH_VIC,7.241,80.781,Mahaweli,2017-08-26,2017-08-20,2017-09-01,0,none,dry_negative,,3.2,MAH_VIC_2017-08-26
S003123,ATT_VEY,7.155,80.061,AttanagaluOya,2023-03-02,2023-02-24,2023-03-08,0,none,dry_negative,,3.2,ATT_VEY_2023-03-02
S003124,MHO_GIR,7.331,80.121,MahaOya,2022-02-19,2022-02-13,2022-02-25,0,none,dry_negative,,3.2,MHO_GIR_2022-02-19
S003125,ATT_NIT,7.141,80.098,AttanagaluOya,2016-08-06,2016-07-31,2016-08-12,0,none,dry_negative,,3.2,ATT_NIT_2016-08-06
S003126,KEL_KAD,6.933,79.983,Kelani,2022-05-08,2022-05-02,2022-05-14,0,none,dry_negative,,3.2,KEL_KAD_2022-05-08
S003127,BAT_ERA,7.771,81.601,Batticaloa,2017-05-09,2017-05-03,2017-05-15,0,none,dry_negative,,3.2,BAT_ERA_2017-05-09
S003128,MAL_ANU,8.351,80.401,MalwathuOya,2019-06-02,2019-05-27,2019-06-08,0,none,dry_negative,,3.2,MAL_ANU_2019-06-02
S003129,DED_KUR,7.487,80.362,DeduruOya,2020-07-10,2020-07-04,2020-07-16,0,none,dry_negative,,3.2,DED_KUR_2020-07-10
S003130,GIN_BAD,6.171,80.19,Gin,2022-11-27,2022-11-21,2022-12-03,0,none,dry_negative,,3.2,GIN_BAD_2022-11-27
S003131,DED_KUR,7.487,80.362,DeduruOya,2018-01-07,2018-01-01,2018-01-13,0,none,dry_negative,,3.2,DED_KUR_2018-01-07
S003132,WAL_EMB,6.343,80.851,Walawe,2021-08-09,2021-08-03,2021-08-15,0,none,dry_negative,,3.2,WAL_EMB_2021-08-09
S003133,GIN_NEL,6.423,80.293,Gin,2020-09-15,2020-09-09,2020-09-21,0,none,dry_negative,,3.2,GIN_NEL_2020-09-15
S003134,KEL_RUW,7.041,80.251,Kelani,2024-07-14,2024-07-08,2024-07-20,0,none,dry_negative,,3.2,KEL_RUW_2024-07-14
S003135,BAT_ERA,7.771,81.601,Batticaloa,2015-05-10,2015-05-04,2015-05-16,0,none,dry_negative,,3.2,BAT_ERA_2015-05-10
S003136,MAH_PER,7.271,80.598,Mahaweli,2020-10-27,2020-10-21,2020-11-02,0,none,dry_negative,,3.2,MAH_PER_2020-10-27
S003137,NIL_PIT,6.3,80.552,Nilwala,2020-02-19,2020-02-13,2020-02-25,0,none,dry_negative,,3.2,NIL_PIT_2020-02-19
S003138,MHO_MOU,7.301,79.833,MahaOya,2016-03-05,2016-02-28,2016-03-11,0,none,dry_negative,,3.2,MHO_MOU_2016-03-05
S003139,MAH_PER,7.271,80.598,Mahaweli,2017-04-18,2017-04-12,2017-04-24,0,none,dry_negative,,3.2,MAH_PER_2017-04-18
S003140,WAL_EMB,6.343,80.851,Walawe,2021-09-04,2021-08-29,2021-09-10,0,none,dry_negative,,3.2,WAL_EMB_2021-09-04
S003141,WAL_UDA,6.441,80.881,Walawe,2021-04-29,2021-04-23,2021-05-05,0,none,dry_negative,,3.2,WAL_UDA_2021-04-29
S003142,KAL_AGA,6.535,80.15,Kalu,2023-06-27,2023-06-21,2023-07-03,0,none,dry_negative,,3.2,KAL_AGA_2023-06-27
S003143,MAH_MHY,7.331,81.001,Mahaweli,2018-04-25,2018-04-19,2018-05-01,0,none,dry_negative,,3.2,MAH_MHY_2018-04-25
S003144,NIL_URA,6.231,80.601,Nilwala,2020-06-26,2020-06-20,2020-07-02,0,none,dry_negative,,3.2,NIL_URA_2020-06-26
S003145,ATT_NIT,7.141,80.098,AttanagaluOya,2022-10-02,2022-09-26,2022-10-08,0,none,dry_negative,,3.2,ATT_NIT_2022-10-02
S003146,ATT_VEY,7.155,80.061,AttanagaluOya,2020-01-25,2020-01-19,2020-01-31,0,none,dry_negative,,3.2,ATT_VEY_2020-01-25
S003147,ATT_NIT,7.141,80.098,AttanagaluOya,2017-02-22,2017-02-16,2017-02-28,0,none,dry_negative,,3.2,ATT_NIT_2017-02-22
S003148,BAT_ERA,7.771,81.601,Batticaloa,2024-03-09,2024-03-03,2024-03-15,0,none,dry_negative,,3.2,BAT_ERA_2024-03-09
S003149,MAH_PER,7.271,80.598,Mahaweli,2017-01-21,2017-01-15,2017-01-27,0,none,dry_negative,,3.2,MAH_PER_2017-01-21
S003150,KAL_AGA,6.535,80.15,Kalu,2021-10-02,2021-09-26,2021-10-08,0,none,dry_negative,,3.2,KAL_AGA_2021-10-02
S003151,GIN_GAL,6.089,80.221,Gin,2019-05-25,2019-05-19,2019-05-31,0,none,dry_negative,,3.2,GIN_GAL_2019-05-25
S003152,MAL_MAN,8.951,79.951,MalwathuOya,2017-04-25,2017-04-19,2017-05-01,0,none,dry_negative,,3.2,MAL_MAN_2017-04-25
S003153,MAL_ANU,8.351,80.401,MalwathuOya,2017-10-02,2017-09-26,2017-10-08,0,none,dry_negative,,3.2,MAL_ANU_2017-10-02
S003154,WAL_AMB,6.121,81.021,Walawe,2018-09-25,2018-09-19,2018-10-01,0,none,dry_negative,,3.2,WAL_AMB_2018-09-25
S003155,KAL_BUL,6.66,80.19,Kalu,2020-01-16,2020-01-10,2020-01-22,0,none,dry_negative,,3.2,KAL_BUL_2020-01-16
S003156,COL_KOT,6.888,79.901,ColomboMetro,2016-02-10,2016-02-04,2016-02-16,0,none,dry_negative,,3.2,COL_KOT_2016-02-10
S003157,KEL_KIT,6.989,80.412,Kelani,2016-03-16,2016-03-10,2016-03-22,0,none,dry_negative,,3.2,KEL_KIT_2016-03-16
S003158,ATT_JAE,7.074,79.892,AttanagaluOya,2017-04-29,2017-04-23,2017-05-05,0,none,dry_negative,,3.2,ATT_JAE_2017-04-29
S003159,KAL_KLT,6.583,79.96,Kalu,2022-01-18,2022-01-12,2022-01-24,0,none,dry_negative,,3.2,KAL_KLT_2022-01-18
S003160,MAH_PER,7.271,80.598,Mahaweli,2019-05-16,2019-05-10,2019-05-22,0,none,dry_negative,,3.2,MAH_PER_2019-05-16
S003161,COL_KOT,6.888,79.901,ColomboMetro,2017-12-25,2017-12-19,2017-12-31,0,none,dry_negative,,3.2,COL_KOT_2017-12-25
S003162,MAL_MAN,8.951,79.951,MalwathuOya,2017-07-13,2017-07-07,2017-07-19,0,none,dry_negative,,3.2,MAL_MAN_2017-07-13
S003163,WAL_AMB,6.121,81.021,Walawe,2017-07-28,2017-07-22,2017-08-03,0,none,dry_negative,,3.2,WAL_AMB_2017-07-28
S003164,KLA_ELA,8.151,79.851,KalaOya,2020-07-04,2020-06-28,2020-07-10,0,none,dry_negative,,3.2,KLA_ELA_2020-07-04
S003165,MAH_PER,7.271,80.598,Mahaweli,2022-01-04,2021-12-29,2022-01-10,0,none,dry_negative,,3.2,MAH_PER_2022-01-04
S003166,YAN_HOR,8.551,80.881,YanOya,2020-04-15,2020-04-09,2020-04-21,0,none,dry_negative,,3.2,YAN_HOR_2020-04-15
S003167,COL_KOT,6.888,79.901,ColomboMetro,2022-11-25,2022-11-19,2022-12-01,0,none,dry_negative,,3.2,COL_KOT_2022-11-25
S003168,MAH_NUW,6.949,80.782,Mahaweli,2024-09-15,2024-09-09,2024-09-21,0,none,dry_negative,,3.2,MAH_NUW_2024-09-15
S003169,KAL_AGA,6.535,80.15,Kalu,2016-04-06,2016-03-31,2016-04-12,0,none,dry_negative,,3.2,KAL_AGA_2016-04-06
S003170,GIN_BAD,6.171,80.19,Gin,2018-04-12,2018-04-06,2018-04-18,0,none,dry_negative,,3.2,GIN_BAD_2018-04-12
S003171,GAL_AMP,7.291,81.671,GalOya,2019-04-15,2019-04-09,2019-04-21,0,none,dry_negative,,3.2,GAL_AMP_2019-04-15
S003172,WAL_EMB,6.343,80.851,Walawe,2016-07-27,2016-07-21,2016-08-02,0,none,dry_negative,,3.2,WAL_EMB_2016-07-27
S003173,GIN_THA,6.331,80.331,Gin,2023-06-10,2023-06-04,2023-06-16,0,none,dry_negative,,3.2,GIN_THA_2023-06-10
S003174,KEL_KIT,6.989,80.412,Kelani,2019-01-19,2019-01-13,2019-01-25,0,none,dry_negative,,3.2,KEL_KIT_2019-01-19
S003175,GAL_AMP,7.291,81.671,GalOya,2022-02-10,2022-02-04,2022-02-16,0,none,dry_negative,,3.2,GAL_AMP_2022-02-10
S003176,GAL_ING,7.2,81.5,GalOya,2024-05-12,2024-05-06,2024-05-18,0,none,dry_negative,,3.2,GAL_ING_2024-05-12
S003177,KEL_HAN,6.902,80.082,Kelani,2023-05-29,2023-05-23,2023-06-04,0,none,dry_negative,,3.2,KEL_HAN_2023-05-29
S003178,NIL_MAT,5.949,80.55,Nilwala,2018-07-24,2018-07-18,2018-07-30,0,none,dry_negative,,3.2,NIL_MAT_2018-07-24
S003179,KAL_BUL,6.66,80.19,Kalu,2016-04-17,2016-04-11,2016-04-23,0,none,dry_negative,,3.2,KAL_BUL_2016-04-17
S003180,DED_CHI,7.576,79.797,DeduruOya,2024-04-16,2024-04-10,2024-04-22,0,none,dry_negative,,3.2,DED_CHI_2024-04-16
S003181,GIN_BAD,6.171,80.19,Gin,2019-02-13,2019-02-07,2019-02-19,0,none,dry_negative,,3.2,GIN_BAD_2019-02-13
S003182,KAL_AGA,6.535,80.15,Kalu,2019-05-28,2019-05-22,2019-06-03,0,none,dry_negative,,3.2,KAL_AGA_2019-05-28
S003183,GIN_NEL,6.423,80.293,Gin,2015-02-19,2015-02-13,2015-02-25,0,none,dry_negative,,3.2,GIN_NEL_2015-02-19
S003184,KEL_COL,6.97,79.873,Kelani,2015-02-15,2015-02-09,2015-02-21,0,none,dry_negative,,3.2,KEL_COL_2015-02-15
S003185,MAH_POL,7.94,81.001,Mahaweli,2017-05-26,2017-05-20,2017-06-01,0,none,dry_negative,,3.2,MAH_POL_2017-05-26
S003186,KEL_KAD,6.933,79.983,Kelani,2017-03-25,2017-03-19,2017-03-31,0,none,dry_negative,,3.2,KEL_KAD_2017-03-25
S003187,MAH_NUW,6.949,80.782,Mahaweli,2016-10-25,2016-10-19,2016-10-31,0,none,dry_negative,,3.2,MAH_NUW_2016-10-25
S003188,WAL_AMB,6.121,81.021,Walawe,2024-08-09,2024-08-03,2024-08-15,0,none,dry_negative,,3.2,WAL_AMB_2024-08-09
S003189,NIL_URA,6.231,80.601,Nilwala,2024-08-05,2024-07-30,2024-08-11,0,none,dry_negative,,3.2,NIL_URA_2024-08-05
S003190,MAL_MAN,8.951,79.951,MalwathuOya,2017-07-16,2017-07-10,2017-07-22,0,none,dry_negative,,3.2,MAL_MAN_2017-07-16
S003191,KEL_UP,6.831,80.616,Kelani,2016-01-31,2016-01-25,2016-02-06,0,none,dry_negative,,3.2,KEL_UP_2016-01-31
S003192,MAH_MAN,7.921,81.101,Mahaweli,2021-07-10,2021-07-04,2021-07-16,0,none,dry_negative,,3.2,MAH_MAN_2021-07-10
S003193,MAH_MAN,7.921,81.101,Mahaweli,2022-05-12,2022-05-06,2022-05-18,0,none,dry_negative,,3.2,MAH_MAN_2022-05-12
S003194,KEL_KAD,6.933,79.983,Kelani,2015-02-22,2015-02-16,2015-02-28,0,none,dry_negative,,3.2,KEL_KAD_2015-02-22
S003195,KEL_RUW,7.041,80.251,Kelani,2018-09-01,2018-08-26,2018-09-07,0,none,dry_negative,,3.2,KEL_RUW_2018-09-01
S003196,GAL_AMP,7.291,81.671,GalOya,2020-08-31,2020-08-25,2020-09-06,0,none,dry_negative,,3.2,GAL_AMP_2020-08-31
S003197,GAL_ING,7.2,81.5,GalOya,2020-11-07,2020-11-01,2020-11-13,0,none,dry_negative,,3.2,GAL_ING_2020-11-07
S003198,MAH_KAN,7.291,80.635,Mahaweli,2024-04-27,2024-04-21,2024-05-03,0,none,dry_negative,,3.2,MAH_KAN_2024-04-27
S003199,MHO_MOU,7.301,79.833,MahaOya,2020-05-05,2020-04-29,2020-05-11,0,none,dry_negative,,3.2,MHO_MOU_2020-05-05
S003200,KEL_UP,6.831,80.616,Kelani,2020-10-20,2020-10-14,2020-10-26,0,none,dry_negative,,3.2,KEL_UP_2020-10-20
S003201,WAL_AMB,6.121,81.021,Walawe,2020-03-03,2020-02-26,2020-03-09,0,none,dry_negative,,3.2,WAL_AMB_2020-03-03
S003202,MAL_MAN,8.951,79.951,MalwathuOya,2019-10-12,2019-10-06,2019-10-18,0,none,dry_negative,,3.2,MAL_MAN_2019-10-12
S003203,ATT_GAM,7.092,79.994,AttanagaluOya,2020-01-12,2020-01-06,2020-01-18,0,none,dry_negative,,3.2,ATT_GAM_2020-01-12
S003204,NIL_AKU,6.101,80.481,Nilwala,2022-03-29,2022-03-23,2022-04-04,0,none,dry_negative,,3.2,NIL_AKU_2022-03-29
S003205,GIN_GAL,6.089,80.221,Gin,2021-10-21,2021-10-15,2021-10-27,0,none,dry_negative,,3.2,GIN_GAL_2021-10-21
S003206,ATT_JAE,7.074,79.892,AttanagaluOya,2020-04-10,2020-04-04,2020-04-16,0,none,dry_negative,,3.2,ATT_JAE_2020-04-10
S003207,WAL_EMB,6.343,80.851,Walawe,2022-03-04,2022-02-26,2022-03-10,0,none,dry_negative,,3.2,WAL_EMB_2022-03-04
S003208,GIN_THA,6.331,80.331,Gin,2019-08-13,2019-08-07,2019-08-19,0,none,dry_negative,,3.2,GIN_THA_2019-08-13
S003209,NIL_PIT,6.3,80.552,Nilwala,2020-07-20,2020-07-14,2020-07-26,0,none,dry_negative,,3.2,NIL_PIT_2020-07-20
S003210,DED_WAR,7.621,80.231,DeduruOya,2017-08-18,2017-08-12,2017-08-24,0,none,dry_negative,,3.2,DED_WAR_2017-08-18
S003211,ATT_NIT,7.141,80.098,AttanagaluOya,2018-04-24,2018-04-18,2018-04-30,0,none,dry_negative,,3.2,ATT_NIT_2018-04-24
S003212,NIL_AKU,6.101,80.481,Nilwala,2021-10-20,2021-10-14,2021-10-26,0,none,dry_negative,,3.2,NIL_AKU_2021-10-20
S003213,MAH_KAN,7.291,80.635,Mahaweli,2016-07-05,2016-06-29,2016-07-11,0,none,dry_negative,,3.2,MAH_KAN_2016-07-05
S003214,WAL_AMB,6.121,81.021,Walawe,2016-03-13,2016-03-07,2016-03-19,0,none,dry_negative,,3.2,WAL_AMB_2016-03-13
S003215,KEL_RUW,7.041,80.251,Kelani,2019-01-16,2019-01-10,2019-01-22,0,none,dry_negative,,3.2,KEL_RUW_2019-01-16
S003216,NIL_PIT,6.3,80.552,Nilwala,2021-08-16,2021-08-10,2021-08-22,0,none,dry_negative,,3.2,NIL_PIT_2021-08-16
S003217,GAL_AMP,7.291,81.671,GalOya,2021-08-08,2021-08-02,2021-08-14,0,none,dry_negative,,3.2,GAL_AMP_2021-08-08
S003218,ATT_JAE,7.074,79.892,AttanagaluOya,2017-08-12,2017-08-06,2017-08-18,0,none,dry_negative,,3.2,ATT_JAE_2017-08-12
S003219,DED_WAR,7.621,80.231,DeduruOya,2023-02-19,2023-02-13,2023-02-25,0,none,dry_negative,,3.2,DED_WAR_2023-02-19
S003220,KIR_TIS,6.281,81.281,KirindiOya,2017-01-13,2017-01-07,2017-01-19,0,none,dry_negative,,3.2,KIR_TIS_2017-01-13
S003221,KEL_RUW,7.041,80.251,Kelani,2015-03-12,2015-03-06,2015-03-18,0,none,dry_negative,,3.2,KEL_RUW_2015-03-12
S003222,DED_CHI,7.576,79.797,DeduruOya,2024-03-20,2024-03-14,2024-03-26,0,none,dry_negative,,3.2,DED_CHI_2024-03-20
S003223,DED_CHI,7.576,79.797,DeduruOya,2018-01-09,2018-01-03,2018-01-15,0,none,dry_negative,,3.2,DED_CHI_2018-01-09
S003224,KEL_KIT,6.989,80.412,Kelani,2016-04-17,2016-04-11,2016-04-23,0,none,dry_negative,,3.2,KEL_KIT_2016-04-17
S003225,NIL_URA,6.231,80.601,Nilwala,2024-04-30,2024-04-24,2024-05-06,0,none,dry_negative,,3.2,NIL_URA_2024-04-30
S003226,WAL_UDA,6.441,80.881,Walawe,2015-08-03,2015-07-28,2015-08-09,0,none,dry_negative,,3.2,WAL_UDA_2015-08-03
S003227,ATT_NIT,7.141,80.098,AttanagaluOya,2018-04-13,2018-04-07,2018-04-19,0,none,dry_negative,,3.2,ATT_NIT_2018-04-13
S003228,GAL_ING,7.2,81.5,GalOya,2016-04-23,2016-04-17,2016-04-29,0,none,dry_negative,,3.2,GAL_ING_2016-04-23
S003229,KEL_RUW,7.041,80.251,Kelani,2016-03-10,2016-03-04,2016-03-16,0,none,dry_negative,,3.2,KEL_RUW_2016-03-10
S003230,MAH_MHY,7.331,81.001,Mahaweli,2021-09-28,2021-09-22,2021-10-04,0,none,dry_negative,,3.2,MAH_MHY_2021-09-28
S003231,KEL_AVI,6.954,80.211,Kelani,2023-09-07,2023-09-01,2023-09-13,0,none,dry_negative,,3.2,KEL_AVI_2023-09-07
S003232,MAH_POL,7.94,81.001,Mahaweli,2017-06-18,2017-06-12,2017-06-24,0,none,dry_negative,,3.2,MAH_POL_2017-06-18
S003233,BAT_BAT,7.717,81.7,Batticaloa,2021-04-11,2021-04-05,2021-04-17,0,none,dry_negative,,3.2,BAT_BAT_2021-04-11
S003234,BAT_ERA,7.771,81.601,Batticaloa,2018-08-04,2018-07-29,2018-08-10,0,none,dry_negative,,3.2,BAT_ERA_2018-08-04
S003235,ATT_VEY,7.155,80.061,AttanagaluOya,2016-09-13,2016-09-07,2016-09-19,0,none,dry_negative,,3.2,ATT_VEY_2016-09-13
S003236,WAL_EMB,6.343,80.851,Walawe,2015-08-11,2015-08-05,2015-08-17,0,none,dry_negative,,3.2,WAL_EMB_2015-08-11
S003237,GIN_THA,6.331,80.331,Gin,2024-03-25,2024-03-19,2024-03-31,0,none,dry_negative,,3.2,GIN_THA_2024-03-25
S003238,KEL_RUW,7.041,80.251,Kelani,2024-07-22,2024-07-16,2024-07-28,0,none,dry_negative,,3.2,KEL_RUW_2024-07-22
S003239,KEL_RUW,7.041,80.251,Kelani,2016-10-15,2016-10-09,2016-10-21,0,none,dry_negative,,3.2,KEL_RUW_2016-10-15
S003240,GIN_NEL,6.423,80.293,Gin,2022-07-11,2022-07-05,2022-07-17,0,none,dry_negative,,3.2,GIN_NEL_2022-07-11
S003241,KEL_KIT,6.989,80.412,Kelani,2017-07-18,2017-07-12,2017-07-24,0,none,dry_negative,,3.2,KEL_KIT_2017-07-18
S003242,MAL_MAN,8.951,79.951,MalwathuOya,2020-07-22,2020-07-16,2020-07-28,0,none,dry_negative,,3.2,MAL_MAN_2020-07-22
S003243,MAH_KAN,7.291,80.635,Mahaweli,2019-04-12,2019-04-06,2019-04-18,0,none,dry_negative,,3.2,MAH_KAN_2019-04-12
S003244,WAL_UDA,6.441,80.881,Walawe,2020-09-04,2020-08-29,2020-09-10,0,none,dry_negative,,3.2,WAL_UDA_2020-09-04
S003245,KEL_KAD,6.933,79.983,Kelani,2017-01-03,2016-12-28,2017-01-09,0,none,dry_negative,,3.2,KEL_KAD_2017-01-03
S003246,WAL_UDA,6.441,80.881,Walawe,2018-03-09,2018-03-03,2018-03-15,0,none,dry_negative,,3.2,WAL_UDA_2018-03-09
S003247,BAT_VAL,7.921,81.531,Batticaloa,2019-03-12,2019-03-06,2019-03-18,0,none,dry_negative,,3.2,BAT_VAL_2019-03-12
S003248,MAH_KAN,7.291,80.635,Mahaweli,2020-01-28,2020-01-22,2020-02-03,0,none,dry_negative,,3.2,MAH_KAN_2020-01-28
S003249,COL_KOL,6.933,79.891,ColomboMetro,2023-07-16,2023-07-10,2023-07-22,0,none,dry_negative,,3.2,COL_KOL_2023-07-16
S003250,MAH_VIC,7.241,80.781,Mahaweli,2020-03-10,2020-03-04,2020-03-16,0,none,dry_negative,,3.2,MAH_VIC_2020-03-10
S003251,NIL_MAT,5.949,80.55,Nilwala,2024-10-08,2024-10-02,2024-10-14,0,none,dry_negative,,3.2,NIL_MAT_2024-10-08
S003252,GIN_THA,6.331,80.331,Gin,2022-08-30,2022-08-24,2022-09-05,0,none,dry_negative,,3.2,GIN_THA_2022-08-30
S003253,NIL_MAT,5.949,80.55,Nilwala,2018-04-23,2018-04-17,2018-04-29,0,none,dry_negative,,3.2,NIL_MAT_2018-04-23
S003254,DED_WAR,7.621,80.231,DeduruOya,2016-04-14,2016-04-08,2016-04-20,0,none,dry_negative,,3.2,DED_WAR_2016-04-14
S003255,WAL_AMB,6.121,81.021,Walawe,2024-09-14,2024-09-08,2024-09-20,0,none,dry_negative,,3.2,WAL_AMB_2024-09-14
S003256,KAL_BUL,6.66,80.19,Kalu,2024-04-18,2024-04-12,2024-04-24,0,none,dry_negative,,3.2,KAL_BUL_2024-04-18
S003257,KAL_KLT,6.583,79.96,Kalu,2019-02-17,2019-02-11,2019-02-23,0,none,dry_negative,,3.2,KAL_KLT_2019-02-17
S003258,BAT_BAT,7.717,81.7,Batticaloa,2016-04-14,2016-04-08,2016-04-20,0,none,dry_negative,,3.2,BAT_BAT_2016-04-14
S003259,MAH_MHY,7.331,81.001,Mahaweli,2017-10-01,2017-09-25,2017-10-07,0,none,dry_negative,,3.2,MAH_MHY_2017-10-01
S003260,MAL_MAN,8.951,79.951,MalwathuOya,2019-05-16,2019-05-10,2019-05-22,0,none,dry_negative,,3.2,MAL_MAN_2019-05-16
S003261,GIN_THA,6.331,80.331,Gin,2018-03-17,2018-03-11,2018-03-23,0,none,dry_negative,,3.2,GIN_THA_2018-03-17
S003262,COL_KOL,6.933,79.891,ColomboMetro,2015-01-23,2015-01-17,2015-01-29,0,none,dry_negative,,3.2,COL_KOL_2015-01-23
S003263,MAH_NUW,6.949,80.782,Mahaweli,2020-04-09,2020-04-03,2020-04-15,0,none,dry_negative,,3.2,MAH_NUW_2020-04-09
S003264,WAL_UDA,6.441,80.881,Walawe,2017-07-02,2017-06-26,2017-07-08,0,none,dry_negative,,3.2,WAL_UDA_2017-07-02
S003265,MHO_MOU,7.301,79.833,MahaOya,2018-01-29,2018-01-23,2018-02-04,0,none,dry_negative,,3.2,MHO_MOU_2018-01-29
S003266,KEL_HAN,6.902,80.082,Kelani,2021-12-14,2021-12-08,2021-12-20,0,none,dry_negative,,3.2,KEL_HAN_2021-12-14
S003267,DED_WAR,7.621,80.231,DeduruOya,2019-09-05,2019-08-30,2019-09-11,0,none,dry_negative,,3.2,DED_WAR_2019-09-05
S003268,NIL_AKU,6.101,80.481,Nilwala,2020-10-09,2020-10-03,2020-10-15,0,none,dry_negative,,3.2,NIL_AKU_2020-10-09
S003269,NIL_PIT,6.3,80.552,Nilwala,2022-10-13,2022-10-07,2022-10-19,0,none,dry_negative,,3.2,NIL_PIT_2022-10-13
S003270,WAL_EMB,6.343,80.851,Walawe,2015-08-28,2015-08-22,2015-09-03,0,none,dry_negative,,3.2,WAL_EMB_2015-08-28
S003271,KIR_TIS,6.281,81.281,KirindiOya,2016-11-01,2016-10-26,2016-11-07,0,none,dry_negative,,3.2,KIR_TIS_2016-11-01
S003272,MAH_MHY,7.331,81.001,Mahaweli,2018-09-26,2018-09-20,2018-10-02,0,none,dry_negative,,3.2,MAH_MHY_2018-09-26
S003273,NIL_URA,6.231,80.601,Nilwala,2019-04-30,2019-04-24,2019-05-06,0,none,dry_negative,,3.2,NIL_URA_2019-04-30
S003274,KEL_KIT,6.989,80.412,Kelani,2020-03-04,2020-02-27,2020-03-10,0,none,dry_negative,,3.2,KEL_KIT_2020-03-04
S003275,ATT_NIT,7.141,80.098,AttanagaluOya,2018-05-06,2018-04-30,2018-05-12,0,none,dry_negative,,3.2,ATT_NIT_2018-05-06
S003276,NIL_AKU,6.101,80.481,Nilwala,2019-07-08,2019-07-02,2019-07-14,0,none,dry_negative,,3.2,NIL_AKU_2019-07-08
S003277,NIL_PIT,6.3,80.552,Nilwala,2015-07-10,2015-07-04,2015-07-16,0,none,dry_negative,,3.2,NIL_PIT_2015-07-10
S003278,YAN_HOR,8.551,80.881,YanOya,2020-05-31,2020-05-25,2020-06-06,0,none,dry_negative,,3.2,YAN_HOR_2020-05-31
S003279,GAL_ING,7.2,81.5,GalOya,2018-01-19,2018-01-13,2018-01-25,0,none,dry_negative,,3.2,GAL_ING_2018-01-19
S003280,MAL_MAN,8.951,79.951,MalwathuOya,2017-08-05,2017-07-30,2017-08-11,0,none,dry_negative,,3.2,MAL_MAN_2017-08-05
S003281,KEL_COL,6.97,79.873,Kelani,2022-01-02,2021-12-27,2022-01-08,0,none,dry_negative,,3.2,KEL_COL_2022-01-02
S003282,KAL_KLT,6.583,79.96,Kalu,2023-09-03,2023-08-28,2023-09-09,0,none,dry_negative,,3.2,KAL_KLT_2023-09-03
S003283,MHO_GIR,7.331,80.121,MahaOya,2016-02-20,2016-02-14,2016-02-26,0,none,dry_negative,,3.2,MHO_GIR_2016-02-20
S003284,KAL_BUL,6.66,80.19,Kalu,2018-02-24,2018-02-18,2018-03-02,0,none,dry_negative,,3.2,KAL_BUL_2018-02-24
S003285,DED_WAR,7.621,80.231,DeduruOya,2019-02-04,2019-01-29,2019-02-10,0,none,dry_negative,,3.2,DED_WAR_2019-02-04
S003286,NIL_PIT,6.3,80.552,Nilwala,2019-06-30,2019-06-24,2019-07-06,0,none,dry_negative,,3.2,NIL_PIT_2019-06-30
S003287,GAL_AMP,7.291,81.671,GalOya,2020-08-25,2020-08-19,2020-08-31,0,none,dry_negative,,3.2,GAL_AMP_2020-08-25
S003288,GAL_ING,7.2,81.5,GalOya,2021-04-23,2021-04-17,2021-04-29,0,none,dry_negative,,3.2,GAL_ING_2021-04-23
S003289,KAL_RAT,6.683,80.4,Kalu,2015-07-10,2015-07-04,2015-07-16,0,none,dry_negative,,3.2,KAL_RAT_2015-07-10
S003290,ATT_VEY,7.155,80.061,AttanagaluOya,2017-05-01,2017-04-25,2017-05-07,0,none,dry_negative,,3.2,ATT_VEY_2017-05-01
S003291,BAT_ERA,7.771,81.601,Batticaloa,2019-08-31,2019-08-25,2019-09-06,0,none,dry_negative,,3.2,BAT_ERA_2019-08-31
S003292,KEL_COL,6.97,79.873,Kelani,2016-04-04,2016-03-29,2016-04-10,0,none,dry_negative,,3.2,KEL_COL_2016-04-04
S003293,KAL_BAL,6.652,80.698,Kalu,2019-06-14,2019-06-08,2019-06-20,0,none,dry_negative,,3.2,KAL_BAL_2019-06-14
S003294,DED_KUR,7.487,80.362,DeduruOya,2017-02-14,2017-02-08,2017-02-20,0,none,dry_negative,,3.2,DED_KUR_2017-02-14
S003295,GIN_THA,6.331,80.331,Gin,2017-02-07,2017-02-01,2017-02-13,0,none,dry_negative,,3.2,GIN_THA_2017-02-07
S003296,MHO_MOU,7.301,79.833,MahaOya,2019-06-12,2019-06-06,2019-06-18,0,none,dry_negative,,3.2,MHO_MOU_2019-06-12
S003297,DED_WAR,7.621,80.231,DeduruOya,2020-07-24,2020-07-18,2020-07-30,0,none,dry_negative,,3.2,DED_WAR_2020-07-24
S003298,BAT_BAT,7.717,81.7,Batticaloa,2023-06-09,2023-06-03,2023-06-15,0,none,dry_negative,,3.2,BAT_BAT_2023-06-09
S003299,GIN_NEL,6.423,80.293,Gin,2023-04-29,2023-04-23,2023-05-05,0,none,dry_negative,,3.2,GIN_NEL_2023-04-29
S003300,KAL_AGA,6.535,80.15,Kalu,2018-08-17,2018-08-11,2018-08-23,0,none,dry_negative,,3.2,KAL_AGA_2018-08-17
S003301,GIN_THA,6.331,80.331,Gin,2019-05-06,2019-04-30,2019-05-12,0,none,dry_negative,,3.2,GIN_THA_2019-05-06
S003302,MAH_POL,7.94,81.001,Mahaweli,2022-09-29,2022-09-23,2022-10-05,0,none,dry_negative,,3.2,MAH_POL_2022-09-29
S003303,MAL_ANU,8.351,80.401,MalwathuOya,2019-03-13,2019-03-07,2019-03-19,0,none,dry_negative,,3.2,MAL_ANU_2019-03-13
S003304,MAH_MAN,7.921,81.101,Mahaweli,2017-04-17,2017-04-11,2017-04-23,0,none,dry_negative,,3.2,MAH_MAN_2017-04-17
S003305,NIL_MAT,5.949,80.55,Nilwala,2020-12-06,2020-11-30,2020-12-12,0,none,dry_negative,,3.2,NIL_MAT_2020-12-06
S003306,MAH_POL,7.94,81.001,Mahaweli,2016-02-15,2016-02-09,2016-02-21,0,none,dry_negative,,3.2,MAH_POL_2016-02-15
S003307,ATT_GAM,7.092,79.994,AttanagaluOya,2018-04-02,2018-03-27,2018-04-08,0,none,dry_negative,,3.2,ATT_GAM_2018-04-02
S003308,MAH_PER,7.271,80.598,Mahaweli,2018-03-05,2018-02-27,2018-03-11,0,none,dry_negative,,3.2,MAH_PER_2018-03-05
S003309,ATT_GAM,7.092,79.994,AttanagaluOya,2022-02-22,2022-02-16,2022-02-28,0,none,dry_negative,,3.2,ATT_GAM_2022-02-22
S003310,MAH_NUW,6.949,80.782,Mahaweli,2020-06-17,2020-06-11,2020-06-23,0,none,dry_negative,,3.2,MAH_NUW_2020-06-17
S003311,MAL_ANU,8.351,80.401,MalwathuOya,2017-02-27,2017-02-21,2017-03-05,0,none,dry_negative,,3.2,MAL_ANU_2017-02-27
S003312,KLA_ELA,8.151,79.851,KalaOya,2018-07-16,2018-07-10,2018-07-22,0,none,dry_negative,,3.2,KLA_ELA_2018-07-16
S003313,NIL_MAT,5.949,80.55,Nilwala,2021-09-20,2021-09-14,2021-09-26,0,none,dry_negative,,3.2,NIL_MAT_2021-09-20
S003314,MAH_KAN,7.291,80.635,Mahaweli,2023-09-03,2023-08-28,2023-09-09,0,none,dry_negative,,3.2,MAH_KAN_2023-09-03
S003315,KEL_COL,6.97,79.873,Kelani,2021-02-09,2021-02-03,2021-02-15,0,none,dry_negative,,3.2,KEL_COL_2021-02-09
S003316,WAL_UDA,6.441,80.881,Walawe,2022-02-05,2022-01-30,2022-02-11,0,none,dry_negative,,3.2,WAL_UDA_2022-02-05
S003317,KEL_UP,6.831,80.616,Kelani,2024-09-24,2024-09-18,2024-09-30,0,none,dry_negative,,3.2,KEL_UP_2024-09-24
S003318,ATT_GAM,7.092,79.994,AttanagaluOya,2021-06-30,2021-06-24,2021-07-06,0,none,dry_negative,,3.2,ATT_GAM_2021-06-30
S003319,KAL_BAL,6.652,80.698,Kalu,2019-02-25,2019-02-19,2019-03-03,0,none,dry_negative,,3.2,KAL_BAL_2019-02-25
S003320,MAH_PER,7.271,80.598,Mahaweli,2017-05-21,2017-05-15,2017-05-27,0,none,dry_negative,,3.2,MAH_PER_2017-05-21
S003321,DED_CHI,7.576,79.797,DeduruOya,2021-03-05,2021-02-27,2021-03-11,0,none,dry_negative,,3.2,DED_CHI_2021-03-05
S003322,KIR_TIS,6.281,81.281,KirindiOya,2022-03-13,2022-03-07,2022-03-19,0,none,dry_negative,,3.2,KIR_TIS_2022-03-13
S003323,DED_WAR,7.621,80.231,DeduruOya,2021-04-22,2021-04-16,2021-04-28,0,none,dry_negative,,3.2,DED_WAR_2021-04-22
S003324,GIN_BAD,6.171,80.19,Gin,2020-03-17,2020-03-11,2020-03-23,0,none,dry_negative,,3.2,GIN_BAD_2020-03-17
S003325,GIN_THA,6.331,80.331,Gin,2016-12-15,2016-12-09,2016-12-21,0,none,dry_negative,,3.2,GIN_THA_2016-12-15
S003326,MAH_KAN,7.291,80.635,Mahaweli,2020-04-02,2020-03-27,2020-04-08,0,none,dry_negative,,3.2,MAH_KAN_2020-04-02
S003327,KAL_BUL,6.66,80.19,Kalu,2022-02-15,2022-02-09,2022-02-21,0,none,dry_negative,,3.2,KAL_BUL_2022-02-15
S003328,ATT_GAM,7.092,79.994,AttanagaluOya,2016-09-24,2016-09-18,2016-09-30,0,none,dry_negative,,3.2,ATT_GAM_2016-09-24
S003329,MAH_NUW,6.949,80.782,Mahaweli,2018-08-27,2018-08-21,2018-09-02,0,none,dry_negative,,3.2,MAH_NUW_2018-08-27
S003330,ATT_VEY,7.155,80.061,AttanagaluOya,2021-12-29,2021-12-23,2022-01-04,0,none,dry_negative,,3.2,ATT_VEY_2021-12-29
S003331,KEL_HAN,6.902,80.082,Kelani,2022-03-06,2022-02-28,2022-03-12,0,none,dry_negative,,3.2,KEL_HAN_2022-03-06
S003332,KAL_BAL,6.652,80.698,Kalu,2016-03-03,2016-02-26,2016-03-09,0,none,dry_negative,,3.2,KAL_BAL_2016-03-03
S003333,GAL_AMP,7.291,81.671,GalOya,2019-07-23,2019-07-17,2019-07-29,0,none,dry_negative,,3.2,GAL_AMP_2019-07-23
S003334,WAL_EMB,6.343,80.851,Walawe,2016-08-26,2016-08-20,2016-09-01,0,none,dry_negative,,3.2,WAL_EMB_2016-08-26
S003335,GAL_ING,7.2,81.5,GalOya,2016-02-21,2016-02-15,2016-02-27,0,none,dry_negative,,3.2,GAL_ING_2016-02-21
S003336,KIR_TIS,6.281,81.281,KirindiOya,2017-02-07,2017-02-01,2017-02-13,0,none,dry_negative,,3.2,KIR_TIS_2017-02-07
S003337,ATT_GAM,7.092,79.994,AttanagaluOya,2017-05-20,2017-05-14,2017-05-26,0,none,dry_negative,,3.2,ATT_GAM_2017-05-20
S003338,YAN_HOR,8.551,80.881,YanOya,2016-05-07,2016-05-01,2016-05-13,0,none,dry_negative,,3.2,YAN_HOR_2016-05-07
S003339,NIL_PIT,6.3,80.552,Nilwala,2024-09-27,2024-09-21,2024-10-03,0,none,dry_negative,,3.2,NIL_PIT_2024-09-27
S003340,KEL_RUW,7.041,80.251,Kelani,2017-09-30,2017-09-24,2017-10-06,0,none,dry_negative,,3.2,KEL_RUW_2017-09-30
S003341,GIN_GAL,6.089,80.221,Gin,2023-02-27,2023-02-21,2023-03-05,0,none,dry_negative,,3.2,GIN_GAL_2023-02-27
S003342,ATT_JAE,7.074,79.892,AttanagaluOya,2024-02-08,2024-02-02,2024-02-14,0,none,dry_negative,,3.2,ATT_JAE_2024-02-08
S003343,KIR_TIS,6.281,81.281,KirindiOya,2020-03-30,2020-03-24,2020-04-05,0,none,dry_negative,,3.2,KIR_TIS_2020-03-30
S003344,MAH_POL,7.94,81.001,Mahaweli,2016-03-20,2016-03-14,2016-03-26,0,none,dry_negative,,3.2,MAH_POL_2016-03-20
S003345,NIL_URA,6.231,80.601,Nilwala,2020-01-30,2020-01-24,2020-02-05,0,none,dry_negative,,3.2,NIL_URA_2020-01-30
S003346,MAH_NUW,6.949,80.782,Mahaweli,2019-03-19,2019-03-13,2019-03-25,0,none,dry_negative,,3.2,MAH_NUW_2019-03-19
S003347,NIL_URA,6.231,80.601,Nilwala,2016-03-08,2016-03-02,2016-03-14,0,none,dry_negative,,3.2,NIL_URA_2016-03-08
S003348,MAH_VIC,7.241,80.781,Mahaweli,2015-07-29,2015-07-23,2015-08-04,0,none,dry_negative,,3.2,MAH_VIC_2015-07-29
S003349,GIN_GAL,6.089,80.221,Gin,2016-08-08,2016-08-02,2016-08-14,0,none,dry_negative,,3.2,GIN_GAL_2016-08-08
S003350,KIR_TIS,6.281,81.281,KirindiOya,2017-07-07,2017-07-01,2017-07-13,0,none,dry_negative,,3.2,KIR_TIS_2017-07-07
S003351,ATT_VEY,7.155,80.061,AttanagaluOya,2020-07-21,2020-07-15,2020-07-27,0,none,dry_negative,,3.2,ATT_VEY_2020-07-21
S003352,KAL_BUL,6.66,80.19,Kalu,2023-01-30,2023-01-24,2023-02-05,0,none,dry_negative,,3.2,KAL_BUL_2023-01-30
S003353,NIL_URA,6.231,80.601,Nilwala,2016-02-20,2016-02-14,2016-02-26,0,none,dry_negative,,3.2,NIL_URA_2016-02-20
S003354,KAL_BUL,6.66,80.19,Kalu,2019-08-09,2019-08-03,2019-08-15,0,none,dry_negative,,3.2,KAL_BUL_2019-08-09
S003355,NIL_URA,6.231,80.601,Nilwala,2024-02-08,2024-02-02,2024-02-14,0,none,dry_negative,,3.2,NIL_URA_2024-02-08
S003356,MAH_MHY,7.331,81.001,Mahaweli,2019-08-13,2019-08-07,2019-08-19,0,none,dry_negative,,3.2,MAH_MHY_2019-08-13
S003357,BAT_ERA,7.771,81.601,Batticaloa,2020-03-29,2020-03-23,2020-04-04,0,none,dry_negative,,3.2,BAT_ERA_2020-03-29
S003358,COL_KOT,6.888,79.901,ColomboMetro,2021-05-18,2021-05-12,2021-05-24,0,none,dry_negative,,3.2,COL_KOT_2021-05-18
S003359,KAL_KLT,6.583,79.96,Kalu,2017-08-03,2017-07-28,2017-08-09,0,none,dry_negative,,3.2,KAL_KLT_2017-08-03
S003360,KEL_RUW,7.041,80.251,Kelani,2019-08-17,2019-08-11,2019-08-23,0,none,dry_negative,,3.2,KEL_RUW_2019-08-17
S003361,MAL_ANU,8.351,80.401,MalwathuOya,2020-10-24,2020-10-18,2020-10-30,0,none,dry_negative,,3.2,MAL_ANU_2020-10-24
S003362,COL_KOT,6.888,79.901,ColomboMetro,2023-04-03,2023-03-28,2023-04-09,0,none,dry_negative,,3.2,COL_KOT_2023-04-03
S003363,WAL_UDA,6.441,80.881,Walawe,2020-08-26,2020-08-20,2020-09-01,0,none,dry_negative,,3.2,WAL_UDA_2020-08-26
S003364,DED_CHI,7.576,79.797,DeduruOya,2023-01-17,2023-01-11,2023-01-23,0,none,dry_negative,,3.2,DED_CHI_2023-01-17
S003365,NIL_URA,6.231,80.601,Nilwala,2024-03-14,2024-03-08,2024-03-20,0,none,dry_negative,,3.2,NIL_URA_2024-03-14
S003366,GAL_AMP,7.291,81.671,GalOya,2020-05-10,2020-05-04,2020-05-16,0,none,dry_negative,,3.2,GAL_AMP_2020-05-10
S003367,MAH_POL,7.94,81.001,Mahaweli,2019-01-19,2019-01-13,2019-01-25,0,none,dry_negative,,3.2,MAH_POL_2019-01-19
S003368,DED_CHI,7.576,79.797,DeduruOya,2019-06-14,2019-06-08,2019-06-20,0,none,dry_negative,,3.2,DED_CHI_2019-06-14
S003369,ATT_GAM,7.092,79.994,AttanagaluOya,2023-08-30,2023-08-24,2023-09-05,0,none,dry_negative,,3.2,ATT_GAM_2023-08-30
S003370,KEL_KIT,6.989,80.412,Kelani,2022-03-06,2022-02-28,2022-03-12,0,none,dry_negative,,3.2,KEL_KIT_2022-03-06
S003371,MAH_VIC,7.241,80.781,Mahaweli,2016-02-28,2016-02-22,2016-03-05,0,none,dry_negative,,3.2,MAH_VIC_2016-02-28
S003372,KEL_COL,6.97,79.873,Kelani,2018-02-23,2018-02-17,2018-03-01,0,none,dry_negative,,3.2,KEL_COL_2018-02-23
S003373,KAL_BAL,6.652,80.698,Kalu,2017-10-03,2017-09-27,2017-10-09,0,none,dry_negative,,3.2,KAL_BAL_2017-10-03
S003374,NIL_AKU,6.101,80.481,Nilwala,2018-04-04,2018-03-29,2018-04-10,0,none,dry_negative,,3.2,NIL_AKU_2018-04-04
S003375,NIL_AKU,6.101,80.481,Nilwala,2018-08-24,2018-08-18,2018-08-30,0,none,dry_negative,,3.2,NIL_AKU_2018-08-24
S003376,KEL_KIT,6.989,80.412,Kelani,2016-07-13,2016-07-07,2016-07-19,0,none,dry_negative,,3.2,KEL_KIT_2016-07-13
S003377,KEL_KAD,6.933,79.983,Kelani,2015-08-01,2015-07-26,2015-08-07,0,none,dry_negative,,3.2,KEL_KAD_2015-08-01
S003378,KEL_KAD,6.933,79.983,Kelani,2024-12-24,2024-12-18,2024-12-30,0,none,dry_negative,,3.2,KEL_KAD_2024-12-24
S003379,BAT_VAL,7.921,81.531,Batticaloa,2019-04-28,2019-04-22,2019-05-04,0,none,dry_negative,,3.2,BAT_VAL_2019-04-28
S003380,MAH_POL,7.94,81.001,Mahaweli,2019-02-28,2019-02-22,2019-03-06,0,none,dry_negative,,3.2,MAH_POL_2019-02-28
S003381,KEL_UP,6.831,80.616,Kelani,2024-04-17,2024-04-11,2024-04-23,0,none,dry_negative,,3.2,KEL_UP_2024-04-17
S003382,COL_KOT,6.888,79.901,ColomboMetro,2022-03-13,2022-03-07,2022-03-19,0,none,dry_negative,,3.2,COL_KOT_2022-03-13
S003383,KAL_AGA,6.535,80.15,Kalu,2023-02-20,2023-02-14,2023-02-26,0,none,dry_negative,,3.2,KAL_AGA_2023-02-20
S003384,MAH_PER,7.271,80.598,Mahaweli,2016-10-02,2016-09-26,2016-10-08,0,none,dry_negative,,3.2,MAH_PER_2016-10-02
S003385,DED_CHI,7.576,79.797,DeduruOya,2018-08-01,2018-07-26,2018-08-07,0,none,dry_negative,,3.2,DED_CHI_2018-08-01
S003386,MHO_MOU,7.301,79.833,MahaOya,2017-07-20,2017-07-14,2017-07-26,0,none,dry_negative,,3.2,MHO_MOU_2017-07-20
S003387,KAL_AGA,6.535,80.15,Kalu,2020-11-02,2020-10-27,2020-11-08,0,none,dry_negative,,3.2,KAL_AGA_2020-11-02
S003388,GIN_GAL,6.089,80.221,Gin,2023-08-07,2023-08-01,2023-08-13,0,none,dry_negative,,3.2,GIN_GAL_2023-08-07
S003389,NIL_URA,6.231,80.601,Nilwala,2019-05-30,2019-05-24,2019-06-05,0,none,dry_negative,,3.2,NIL_URA_2019-05-30
S003390,MAH_MHY,7.331,81.001,Mahaweli,2016-08-18,2016-08-12,2016-08-24,0,none,dry_negative,,3.2,MAH_MHY_2016-08-18
S003391,KAL_AGA,6.535,80.15,Kalu,2021-04-21,2021-04-15,2021-04-27,0,none,dry_negative,,3.2,KAL_AGA_2021-04-21
S003392,KEL_UP,6.831,80.616,Kelani,2024-05-14,2024-05-08,2024-05-20,0,none,dry_negative,,3.2,KEL_UP_2024-05-14
S003393,KAL_RAT,6.683,80.4,Kalu,2018-09-21,2018-09-15,2018-09-27,0,none,dry_negative,,3.2,KAL_RAT_2018-09-21
S003394,DED_CHI,7.576,79.797,DeduruOya,2018-08-25,2018-08-19,2018-08-31,0,none,dry_negative,,3.2,DED_CHI_2018-08-25
S003395,MAH_MAN,7.921,81.101,Mahaweli,2015-05-01,2015-04-25,2015-05-07,0,none,dry_negative,,3.2,MAH_MAN_2015-05-01
S003396,KEL_HAN,6.902,80.082,Kelani,2015-06-07,2015-06-01,2015-06-13,0,none,dry_negative,,3.2,KEL_HAN_2015-06-07
S003397,MHO_MOU,7.301,79.833,MahaOya,2016-07-12,2016-07-06,2016-07-18,0,none,dry_negative,,3.2,MHO_MOU_2016-07-12
S003398,GIN_THA,6.331,80.331,Gin,2023-06-04,2023-05-29,2023-06-10,0,none,dry_negative,,3.2,GIN_THA_2023-06-04
S003399,BAT_VAL,7.921,81.531,Batticaloa,2016-07-16,2016-07-10,2016-07-22,0,none,dry_negative,,3.2,BAT_VAL_2016-07-16
S003400,ATT_NIT,7.141,80.098,AttanagaluOya,2020-11-06,2020-10-31,2020-11-12,0,none,dry_negative,,3.2,ATT_NIT_2020-11-06
S003401,COL_KOL,6.933,79.891,ColomboMetro,2020-05-10,2020-05-04,2020-05-16,0,none,dry_negative,,3.2,COL_KOL_2020-05-10
S003402,BAT_VAL,7.921,81.531,Batticaloa,2017-09-29,2017-09-23,2017-10-05,0,none,dry_negative,,3.2,BAT_VAL_2017-09-29
S003403,NIL_MAT,5.949,80.55,Nilwala,2016-01-05,2015-12-30,2016-01-11,0,none,dry_negative,,3.2,NIL_MAT_2016-01-05
S003404,BAT_BAT,7.717,81.7,Batticaloa,2024-03-20,2024-03-14,2024-03-26,0,none,dry_negative,,3.2,BAT_BAT_2024-03-20
S003405,BAT_VAL,7.921,81.531,Batticaloa,2023-08-07,2023-08-01,2023-08-13,0,none,dry_negative,,3.2,BAT_VAL_2023-08-07
S003406,GIN_GAL,6.089,80.221,Gin,2019-04-15,2019-04-09,2019-04-21,0,none,dry_negative,,3.2,GIN_GAL_2019-04-15
S003407,ATT_GAM,7.092,79.994,AttanagaluOya,2016-04-13,2016-04-07,2016-04-19,0,none,dry_negative,,3.2,ATT_GAM_2016-04-13
S003408,KEL_AVI,6.954,80.211,Kelani,2019-08-21,2019-08-15,2019-08-27,0,none,dry_negative,,3.2,KEL_AVI_2019-08-21
S003409,KIR_TIS,6.281,81.281,KirindiOya,2017-05-22,2017-05-16,2017-05-28,0,none,dry_negative,,3.2,KIR_TIS_2017-05-22
S003410,MAH_POL,7.94,81.001,Mahaweli,2016-12-18,2016-12-12,2016-12-24,0,none,dry_negative,,3.2,MAH_POL_2016-12-18
S003411,MAL_ANU,8.351,80.401,MalwathuOya,2017-07-26,2017-07-20,2017-08-01,0,none,dry_negative,,3.2,MAL_ANU_2017-07-26
S003412,KEL_KIT,6.989,80.412,Kelani,2022-01-09,2022-01-03,2022-01-15,0,none,dry_negative,,3.2,KEL_KIT_2022-01-09
S003413,KEL_HAN,6.902,80.082,Kelani,2023-03-07,2023-03-01,2023-03-13,0,none,dry_negative,,3.2,KEL_HAN_2023-03-07
S003414,KAL_BUL,6.66,80.19,Kalu,2017-08-16,2017-08-10,2017-08-22,0,none,dry_negative,,3.2,KAL_BUL_2017-08-16
S003415,BAT_BAT,7.717,81.7,Batticaloa,2018-08-27,2018-08-21,2018-09-02,0,none,dry_negative,,3.2,BAT_BAT_2018-08-27
S003416,ATT_GAM,7.092,79.994,AttanagaluOya,2016-03-05,2016-02-28,2016-03-11,0,none,dry_negative,,3.2,ATT_GAM_2016-03-05
S003417,GIN_BAD,6.171,80.19,Gin,2016-08-28,2016-08-22,2016-09-03,0,none,dry_negative,,3.2,GIN_BAD_2016-08-28
S003418,NIL_MAT,5.949,80.55,Nilwala,2017-12-30,2017-12-24,2018-01-05,0,none,dry_negative,,3.2,NIL_MAT_2017-12-30
S003419,MAH_MAN,7.921,81.101,Mahaweli,2016-08-15,2016-08-09,2016-08-21,0,none,dry_negative,,3.2,MAH_MAN_2016-08-15
S003420,MAL_ANU,8.351,80.401,MalwathuOya,2018-02-11,2018-02-05,2018-02-17,0,none,dry_negative,,3.2,MAL_ANU_2018-02-11
S003421,MAH_MHY,7.331,81.001,Mahaweli,2018-09-18,2018-09-12,2018-09-24,0,none,dry_negative,,3.2,MAH_MHY_2018-09-18
S003422,GIN_THA,6.331,80.331,Gin,2021-02-13,2021-02-07,2021-02-19,0,none,dry_negative,,3.2,GIN_THA_2021-02-13
S003423,MAH_KAN,7.291,80.635,Mahaweli,2019-08-12,2019-08-06,2019-08-18,0,none,dry_negative,,3.2,MAH_KAN_2019-08-12
S003424,NIL_URA,6.231,80.601,Nilwala,2017-05-24,2017-05-18,2017-05-30,0,none,dry_negative,,3.2,NIL_URA_2017-05-24
S003425,MHO_GIR,7.331,80.121,MahaOya,2016-03-28,2016-03-22,2016-04-03,0,none,dry_negative,,3.2,MHO_GIR_2016-03-28
S003426,KEL_AVI,6.954,80.211,Kelani,2024-08-12,2024-08-06,2024-08-18,0,none,dry_negative,,3.2,KEL_AVI_2024-08-12
S003427,ATT_NIT,7.141,80.098,AttanagaluOya,2019-05-12,2019-05-06,2019-05-18,0,none,dry_negative,,3.2,ATT_NIT_2019-05-12
S003428,MAH_VIC,7.241,80.781,Mahaweli,2017-05-16,2017-05-10,2017-05-22,0,none,dry_negative,,3.2,MAH_VIC_2017-05-16
S003429,DED_KUR,7.487,80.362,DeduruOya,2019-09-08,2019-09-02,2019-09-14,0,none,dry_negative,,3.2,DED_KUR_2019-09-08
S003430,GIN_BAD,6.171,80.19,Gin,2015-08-14,2015-08-08,2015-08-20,0,none,dry_negative,,3.2,GIN_BAD_2015-08-14
S003431,KLA_ELA,8.151,79.851,KalaOya,2018-09-17,2018-09-11,2018-09-23,0,none,dry_negative,,3.2,KLA_ELA_2018-09-17
S003432,MAH_KAN,7.291,80.635,Mahaweli,2020-07-28,2020-07-22,2020-08-03,0,none,dry_negative,,3.2,MAH_KAN_2020-07-28
S003433,BAT_ERA,7.771,81.601,Batticaloa,2021-07-22,2021-07-16,2021-07-28,0,none,dry_negative,,3.2,BAT_ERA_2021-07-22
S003434,COL_KOT,6.888,79.901,ColomboMetro,2024-07-01,2024-06-25,2024-07-07,0,none,dry_negative,,3.2,COL_KOT_2024-07-01
S003435,KIR_TIS,6.281,81.281,KirindiOya,2023-05-31,2023-05-25,2023-06-06,0,none,dry_negative,,3.2,KIR_TIS_2023-05-31
S003436,MAH_MAN,7.921,81.101,Mahaweli,2016-05-09,2016-05-03,2016-05-15,0,none,dry_negative,,3.2,MAH_MAN_2016-05-09
S003437,KAL_KLT,6.583,79.96,Kalu,2019-07-15,2019-07-09,2019-07-21,0,none,dry_negative,,3.2,KAL_KLT_2019-07-15
S003438,NIL_AKU,6.101,80.481,Nilwala,2023-06-26,2023-06-20,2023-07-02,0,none,dry_negative,,3.2,NIL_AKU_2023-06-26
S003439,DED_CHI,7.576,79.797,DeduruOya,2022-02-24,2022-02-18,2022-03-02,0,none,dry_negative,,3.2,DED_CHI_2022-02-24
S003440,MHO_MOU,7.301,79.833,MahaOya,2022-04-02,2022-03-27,2022-04-08,0,none,dry_negative,,3.2,MHO_MOU_2022-04-02
S003441,YAN_HOR,8.551,80.881,YanOya,2020-07-01,2020-06-25,2020-07-07,0,none,dry_negative,,3.2,YAN_HOR_2020-07-01
S003442,KAL_RAT,6.683,80.4,Kalu,2018-07-05,2018-06-29,2018-07-11,0,none,dry_negative,,3.2,KAL_RAT_2018-07-05
S003443,DED_KUR,7.487,80.362,DeduruOya,2017-05-08,2017-05-02,2017-05-14,0,none,dry_negative,,3.2,DED_KUR_2017-05-08
S003444,DED_KUR,7.487,80.362,DeduruOya,2020-06-02,2020-05-27,2020-06-08,0,none,dry_negative,,3.2,DED_KUR_2020-06-02
S003445,BAT_VAL,7.921,81.531,Batticaloa,2017-07-20,2017-07-14,2017-07-26,0,none,dry_negative,,3.2,BAT_VAL_2017-07-20
S003446,MAH_MHY,7.331,81.001,Mahaweli,2019-07-24,2019-07-18,2019-07-30,0,none,dry_negative,,3.2,MAH_MHY_2019-07-24
S003447,MAH_MHY,7.331,81.001,Mahaweli,2017-09-18,2017-09-12,2017-09-24,0,none,dry_negative,,3.2,MAH_MHY_2017-09-18
S003448,MAH_KAN,7.291,80.635,Mahaweli,2020-03-26,2020-03-20,2020-04-01,0,none,dry_negative,,3.2,MAH_KAN_2020-03-26
S003449,MAH_PER,7.271,80.598,Mahaweli,2017-07-02,2017-06-26,2017-07-08,0,none,dry_negative,,3.2,MAH_PER_2017-07-02
S003450,NIL_MAT,5.949,80.55,Nilwala,2023-06-20,2023-06-14,2023-06-26,0,none,dry_negative,,3.2,NIL_MAT_2023-06-20
S003451,GAL_AMP,7.291,81.671,GalOya,2024-10-06,2024-09-30,2024-10-12,0,none,dry_negative,,3.2,GAL_AMP_2024-10-06
S003452,GIN_GAL,6.089,80.221,Gin,2017-02-23,2017-02-17,2017-03-01,0,none,dry_negative,,3.2,GIN_GAL_2017-02-23
S003453,MAH_NUW,6.949,80.782,Mahaweli,2017-03-26,2017-03-20,2017-04-01,0,none,dry_negative,,3.2,MAH_NUW_2017-03-26
S003454,WAL_EMB,6.343,80.851,Walawe,2018-09-26,2018-09-20,2018-10-02,0,none,dry_negative,,3.2,WAL_EMB_2018-09-26
S003455,WAL_UDA,6.441,80.881,Walawe,2020-08-19,2020-08-13,2020-08-25,0,none,dry_negative,,3.2,WAL_UDA_2020-08-19
S003456,GIN_NEL,6.423,80.293,Gin,2022-05-05,2022-04-29,2022-05-11,0,none,dry_negative,,3.2,GIN_NEL_2022-05-05
S003457,NIL_AKU,6.101,80.481,Nilwala,2016-03-25,2016-03-19,2016-03-31,0,none,dry_negative,,3.2,NIL_AKU_2016-03-25
S003458,NIL_MAT,5.949,80.55,Nilwala,2019-02-15,2019-02-09,2019-02-21,0,none,dry_negative,,3.2,NIL_MAT_2019-02-15
S003459,KEL_RUW,7.041,80.251,Kelani,2016-04-04,2016-03-29,2016-04-10,0,none,dry_negative,,3.2,KEL_RUW_2016-04-04
S003460,WAL_UDA,6.441,80.881,Walawe,2016-08-01,2016-07-26,2016-08-07,0,none,dry_negative,,3.2,WAL_UDA_2016-08-01
S003461,GAL_AMP,7.291,81.671,GalOya,2018-08-16,2018-08-10,2018-08-22,0,none,dry_negative,,3.2,GAL_AMP_2018-08-16
S003462,YAN_HOR,8.551,80.881,YanOya,2024-08-19,2024-08-13,2024-08-25,0,none,dry_negative,,3.2,YAN_HOR_2024-08-19
S003463,ATT_JAE,7.074,79.892,AttanagaluOya,2015-01-15,2015-01-09,2015-01-21,0,none,dry_negative,,3.2,ATT_JAE_2015-01-15
S003464,KEL_KIT,6.989,80.412,Kelani,2020-07-15,2020-07-09,2020-07-21,0,none,dry_negative,,3.2,KEL_KIT_2020-07-15
S003465,NIL_URA,6.231,80.601,Nilwala,2017-10-14,2017-10-08,2017-10-20,0,none,dry_negative,,3.2,NIL_URA_2017-10-14
S003466,GAL_AMP,7.291,81.671,GalOya,2020-08-03,2020-07-28,2020-08-09,0,none,dry_negative,,3.2,GAL_AMP_2020-08-03
S003467,MAL_ANU,8.351,80.401,MalwathuOya,2017-05-24,2017-05-18,2017-05-30,0,none,dry_negative,,3.2,MAL_ANU_2017-05-24
S003468,GIN_THA,6.331,80.331,Gin,2022-10-11,2022-10-05,2022-10-17,0,none,dry_negative,,3.2,GIN_THA_2022-10-11
S003469,NIL_PIT,6.3,80.552,Nilwala,2019-06-25,2019-06-19,2019-07-01,0,none,dry_negative,,3.2,NIL_PIT_2019-06-25
S003470,COL_KOT,6.888,79.901,ColomboMetro,2020-03-31,2020-03-25,2020-04-06,0,none,dry_negative,,3.2,COL_KOT_2020-03-31
S003471,COL_KOT,6.888,79.901,ColomboMetro,2024-07-27,2024-07-21,2024-08-02,0,none,dry_negative,,3.2,COL_KOT_2024-07-27
S003472,WAL_AMB,6.121,81.021,Walawe,2021-06-18,2021-06-12,2021-06-24,0,none,dry_negative,,3.2,WAL_AMB_2021-06-18
S003473,COL_KOL,6.933,79.891,ColomboMetro,2024-09-20,2024-09-14,2024-09-26,0,none,dry_negative,,3.2,COL_KOL_2024-09-20
S003474,KAL_KLT,6.583,79.96,Kalu,2019-08-11,2019-08-05,2019-08-17,0,none,dry_negative,,3.2,KAL_KLT_2019-08-11
S003475,KAL_KLT,6.583,79.96,Kalu,2020-03-02,2020-02-25,2020-03-08,0,none,dry_negative,,3.2,KAL_KLT_2020-03-02
S003476,NIL_AKU,6.101,80.481,Nilwala,2019-05-31,2019-05-25,2019-06-06,0,none,dry_negative,,3.2,NIL_AKU_2019-05-31
S003477,KAL_RAT,6.683,80.4,Kalu,2016-12-27,2016-12-21,2017-01-02,0,none,dry_negative,,3.2,KAL_RAT_2016-12-27
S003478,YAN_HOR,8.551,80.881,YanOya,2017-08-05,2017-07-30,2017-08-11,0,none,dry_negative,,3.2,YAN_HOR_2017-08-05
S003479,KEL_RUW,7.041,80.251,Kelani,2022-09-22,2022-09-16,2022-09-28,0,none,dry_negative,,3.2,KEL_RUW_2022-09-22
S003480,WAL_EMB,6.343,80.851,Walawe,2021-04-20,2021-04-14,2021-04-26,0,none,dry_negative,,3.2,WAL_EMB_2021-04-20
S003481,MAH_NUW,6.949,80.782,Mahaweli,2024-09-29,2024-09-23,2024-10-05,0,none,dry_negative,,3.2,MAH_NUW_2024-09-29
S003482,ATT_VEY,7.155,80.061,AttanagaluOya,2020-03-21,2020-03-15,2020-03-27,0,none,dry_negative,,3.2,ATT_VEY_2020-03-21
S003483,ATT_JAE,7.074,79.892,AttanagaluOya,2024-03-11,2024-03-05,2024-03-17,0,none,dry_negative,,3.2,ATT_JAE_2024-03-11
S003484,GIN_GAL,6.089,80.221,Gin,2017-05-28,2017-05-22,2017-06-03,0,none,dry_negative,,3.2,GIN_GAL_2017-05-28
S003485,MAH_PER,7.271,80.598,Mahaweli,2016-04-13,2016-04-07,2016-04-19,0,none,dry_negative,,3.2,MAH_PER_2016-04-13
S003486,GIN_BAD,6.171,80.19,Gin,2016-04-06,2016-03-31,2016-04-12,0,none,dry_negative,,3.2,GIN_BAD_2016-04-06
S003487,BAT_BAT,7.717,81.7,Batticaloa,2019-06-30,2019-06-24,2019-07-06,0,none,dry_negative,,3.2,BAT_BAT_2019-06-30
S003488,NIL_URA,6.231,80.601,Nilwala,2018-09-23,2018-09-17,2018-09-29,0,none,dry_negative,,3.2,NIL_URA_2018-09-23
